,filepath,class
0,Corn Gray leaf spot/5790.jpg,Corn Gray leaf spot
1,Corn Gray leaf spot/16753.jpg,Corn Gray leaf spot
2,Corn Gray leaf spot/18586.jpg,Corn Gray leaf spot
3,Corn Gray leaf spot/16904.jpg,Corn Gray leaf spot
4,Corn Gray leaf spot/18594.jpg,Corn Gray leaf spot
5,Corn Gray leaf spot/7277.jpg,Corn Gray leaf spot
6,Corn Gray leaf spot/19960.jpg,Corn Gray leaf spot
7,Corn Gray leaf spot/14385.jpg,Corn Gray leaf spot
8,Corn Gray leaf spot/15499.jpg,Corn Gray leaf spot
9,Corn Gray leaf spot/10677.jpg,Corn Gray leaf spot
10,Corn Gray leaf spot/11967.jpg,Corn Gray leaf spot
11,Corn Gray leaf spot/16857.jpg,Corn Gray leaf spot
12,Corn Gray leaf spot/7524.jpg,Corn Gray leaf spot
13,Corn Gray leaf spot/1732.jpg,Corn Gray leaf spot
14,Corn Gray leaf spot/9756.jpg,Corn Gray leaf spot
15,Corn Gray leaf spot/8767.jpg,Corn Gray leaf spot
16,Corn Gray leaf spot/12316.jpg,Corn Gray leaf spot
17,Corn Gray leaf spot/9925.jpg,Corn Gray leaf spot
18,Corn Gray leaf spot/10549.jpg,Corn Gray leaf spot
19,Corn Gray leaf spot/11214.jpg,Corn Gray leaf spot
20,Corn Gray leaf spot/19578.jpg,Corn Gray leaf spot
21,Corn Gray leaf spot/4225.jpg,Corn Gray leaf spot
22,Corn Gray leaf spot/18468.jpg,Corn Gray leaf spot
23,Corn Gray leaf spot/7363.jpg,Corn Gray leaf spot
24,Corn Gray leaf spot/6236.jpg,Corn Gray leaf spot
25,Corn Gray leaf spot/17791.jpg,Corn Gray leaf spot
26,Corn Gray leaf spot/14904.jpg,Corn Gray leaf spot
27,Corn Gray leaf spot/9711.jpg,Corn Gray leaf spot
28,Corn Gray leaf spot/17627.jpg,Corn Gray leaf spot
29,Corn Gray leaf spot/1395.jpg,Corn Gray leaf spot
30,Corn Gray leaf spot/14612.jpg,Corn Gray leaf spot
31,Corn Gray leaf spot/15602.jpg,Corn Gray leaf spot
32,Corn Gray leaf spot/4805.jpg,Corn Gray leaf spot
33,Corn Gray leaf spot/10588.jpg,Corn Gray leaf spot
34,Corn Gray leaf spot/14870.jpg,Corn Gray leaf spot
35,Corn Gray leaf spot/9040.jpg,Corn Gray leaf spot
36,Corn Gray leaf spot/6958.jpg,Corn Gray leaf spot
37,Corn Gray leaf spot/16906.jpg,Corn Gray leaf spot
38,Corn Gray leaf spot/19102.jpg,Corn Gray leaf spot
39,Corn Gray leaf spot/19394.jpg,Corn Gray leaf spot
40,Squash Powdery mildew leaf/13087.jpg,Squash Powdery mildew leaf
41,Squash Powdery mildew leaf/14829.jpg,Squash Powdery mildew leaf
42,Squash Powdery mildew leaf/17790.jpg,Squash Powdery mildew leaf
43,Squash Powdery mildew leaf/10011.jpg,Squash Powdery mildew leaf
44,Squash Powdery mildew leaf/4831.jpg,Squash Powdery mildew leaf
45,Squash Powdery mildew leaf/14687.jpg,Squash Powdery mildew leaf
46,Squash Powdery mildew leaf/9232.jpg,Squash Powdery mildew leaf
47,Squash Powdery mildew leaf/1945.jpg,Squash Powdery mildew leaf
48,Squash Powdery mildew leaf/18850.jpg,Squash Powdery mildew leaf
49,Squash Powdery mildew leaf/13235.jpg,Squash Powdery mildew leaf
50,Squash Powdery mildew leaf/4966.jpg,Squash Powdery mildew leaf
51,Squash Powdery mildew leaf/2095.jpg,Squash Powdery mildew leaf
52,Squash Powdery mildew leaf/12566.jpg,Squash Powdery mildew leaf
53,Squash Powdery mildew leaf/2972.jpg,Squash Powdery mildew leaf
54,Squash Powdery mildew leaf/16117.jpg,Squash Powdery mildew leaf
55,Squash Powdery mildew leaf/5350.jpg,Squash Powdery mildew leaf
56,Squash Powdery mildew leaf/10689.jpg,Squash Powdery mildew leaf
57,Squash Powdery mildew leaf/11382.jpg,Squash Powdery mildew leaf
58,Squash Powdery mildew leaf/16478.jpg,Squash Powdery mildew leaf
59,Squash Powdery mildew leaf/5481.jpg,Squash Powdery mildew leaf
60,Squash Powdery mildew leaf/8413.jpg,Squash Powdery mildew leaf
61,Squash Powdery mildew leaf/19148.jpg,Squash Powdery mildew leaf
62,Squash Powdery mildew leaf/12861.jpg,Squash Powdery mildew leaf
63,Squash Powdery mildew leaf/19993.jpg,Squash Powdery mildew leaf
64,Squash Powdery mildew leaf/12972.jpg,Squash Powdery mildew leaf
65,Squash Powdery mildew leaf/2406.jpg,Squash Powdery mildew leaf
66,Squash Powdery mildew leaf/17031.jpg,Squash Powdery mildew leaf
67,Squash Powdery mildew leaf/5128.jpg,Squash Powdery mildew leaf
68,Squash Powdery mildew leaf/13544.jpg,Squash Powdery mildew leaf
69,Squash Powdery mildew leaf/17760.jpg,Squash Powdery mildew leaf
70,Squash Powdery mildew leaf/8438.jpg,Squash Powdery mildew leaf
71,Squash Powdery mildew leaf/11182.jpg,Squash Powdery mildew leaf
72,Squash Powdery mildew leaf/13068.jpg,Squash Powdery mildew leaf
73,Squash Powdery mildew leaf/7851.jpg,Squash Powdery mildew leaf
74,Squash Powdery mildew leaf/3528.jpg,Squash Powdery mildew leaf
75,Squash Powdery mildew leaf/8398.jpg,Squash Powdery mildew leaf
76,Squash Powdery mildew leaf/10379.jpg,Squash Powdery mildew leaf
77,Squash Powdery mildew leaf/1492.jpg,Squash Powdery mildew leaf
78,Squash Powdery mildew leaf/4478.jpg,Squash Powdery mildew leaf
79,Squash Powdery mildew leaf/11625.jpg,Squash Powdery mildew leaf
80,Tomato leaf/13989.jpg,Tomato leaf
81,Tomato leaf/7319.jpg,Tomato leaf
82,Tomato leaf/5728.jpg,Tomato leaf
83,Tomato leaf/1542.jpg,Tomato leaf
84,Tomato leaf/1194.jpg,Tomato leaf
85,Tomato leaf/17209.jpg,Tomato leaf
86,Tomato leaf/19797.jpg,Tomato leaf
87,Tomato leaf/12022.jpg,Tomato leaf
88,Tomato leaf/11666.jpg,Tomato leaf
89,Tomato leaf/17442.jpg,Tomato leaf
90,Tomato leaf/8859.jpg,Tomato leaf
91,Tomato leaf/5276.jpg,Tomato leaf
92,Tomato leaf/17320.jpg,Tomato leaf
93,Tomato leaf/9894.jpg,Tomato leaf
94,Tomato leaf/4220.jpg,Tomato leaf
95,Tomato leaf/9536.jpg,Tomato leaf
96,Tomato leaf/8892.jpg,Tomato leaf
97,Tomato leaf/5922.jpg,Tomato leaf
98,Tomato leaf/6995.jpg,Tomato leaf
99,Tomato leaf/3399.jpg,Tomato leaf
100,Tomato leaf/17616.jpg,Tomato leaf
101,Tomato leaf/16825.jpg,Tomato leaf
102,Tomato leaf/15399.jpg,Tomato leaf
103,Tomato leaf/4353.jpg,Tomato leaf
104,Tomato leaf/15993.jpg,Tomato leaf
105,Tomato leaf/7368.jpg,Tomato leaf
106,Tomato leaf/3336.jpg,Tomato leaf
107,Tomato leaf/16491.jpg,Tomato leaf
108,Tomato leaf/17540.jpg,Tomato leaf
109,Tomato leaf/18572.jpg,Tomato leaf
110,Tomato leaf/8083.jpg,Tomato leaf
111,Tomato leaf/7497.jpg,Tomato leaf
112,Tomato leaf/17578.jpg,Tomato leaf
113,Tomato leaf/15571.jpg,Tomato leaf
114,Tomato leaf/10607.jpg,Tomato leaf
115,Tomato leaf/5827.jpg,Tomato leaf
116,Tomato leaf/2301.jpg,Tomato leaf
117,Tomato leaf/18589.jpg,Tomato leaf
118,Tomato leaf/17025.jpg,Tomato leaf
119,Tomato leaf/8846.jpg,Tomato leaf
120,Blueberry leaf/15782.jpg,Blueberry leaf
121,Blueberry leaf/5445.jpg,Blueberry leaf
122,Blueberry leaf/9575.jpg,Blueberry leaf
123,Blueberry leaf/15717.jpg,Blueberry leaf
124,Blueberry leaf/1080.jpg,Blueberry leaf
125,Blueberry leaf/15324.jpg,Blueberry leaf
126,Blueberry leaf/13140.jpg,Blueberry leaf
127,Blueberry leaf/19481.jpg,Blueberry leaf
128,Blueberry leaf/4433.jpg,Blueberry leaf
129,Blueberry leaf/8466.jpg,Blueberry leaf
130,Blueberry leaf/17905.jpg,Blueberry leaf
131,Blueberry leaf/8637.jpg,Blueberry leaf
132,Blueberry leaf/3571.jpg,Blueberry leaf
133,Blueberry leaf/16726.jpg,Blueberry leaf
134,Blueberry leaf/12718.jpg,Blueberry leaf
135,Blueberry leaf/4397.jpg,Blueberry leaf
136,Blueberry leaf/12860.jpg,Blueberry leaf
137,Blueberry leaf/18303.jpg,Blueberry leaf
138,Blueberry leaf/16385.jpg,Blueberry leaf
139,Blueberry leaf/9077.jpg,Blueberry leaf
140,Blueberry leaf/19864.jpg,Blueberry leaf
141,Blueberry leaf/8937.jpg,Blueberry leaf
142,Blueberry leaf/19989.jpg,Blueberry leaf
143,Blueberry leaf/10745.jpg,Blueberry leaf
144,Blueberry leaf/12581.jpg,Blueberry leaf
145,Blueberry leaf/18820.jpg,Blueberry leaf
146,Blueberry leaf/7410.jpg,Blueberry leaf
147,Blueberry leaf/13344.jpg,Blueberry leaf
148,Blueberry leaf/19386.jpg,Blueberry leaf
149,Blueberry leaf/5545.jpg,Blueberry leaf
150,Blueberry leaf/7094.jpg,Blueberry leaf
151,Blueberry leaf/5473.jpg,Blueberry leaf
152,Blueberry leaf/16710.jpg,Blueberry leaf
153,Blueberry leaf/11725.jpg,Blueberry leaf
154,Blueberry leaf/18028.jpg,Blueberry leaf
155,Blueberry leaf/4711.jpg,Blueberry leaf
156,Blueberry leaf/14103.jpg,Blueberry leaf
157,Blueberry leaf/15169.jpg,Blueberry leaf
158,Blueberry leaf/5553.jpg,Blueberry leaf
159,Blueberry leaf/14826.jpg,Blueberry leaf
160,Tomato mold leaf/19874.jpg,Tomato mold leaf
161,Tomato mold leaf/1774.jpg,Tomato mold leaf
162,Tomato mold leaf/14766.jpg,Tomato mold leaf
163,Tomato mold leaf/16329.jpg,Tomato mold leaf
164,Tomato mold leaf/2950.jpg,Tomato mold leaf
165,Tomato mold leaf/17314.jpg,Tomato mold leaf
166,Tomato mold leaf/1435.jpg,Tomato mold leaf
167,Tomato mold leaf/2148.jpg,Tomato mold leaf
168,Tomato mold leaf/10178.jpg,Tomato mold leaf
169,Tomato mold leaf/6861.jpg,Tomato mold leaf
170,Tomato mold leaf/7618.jpg,Tomato mold leaf
171,Tomato mold leaf/9364.jpg,Tomato mold leaf
172,Tomato mold leaf/13069.jpg,Tomato mold leaf
173,Tomato mold leaf/10974.jpg,Tomato mold leaf
174,Tomato mold leaf/18332.jpg,Tomato mold leaf
175,Tomato mold leaf/18837.jpg,Tomato mold leaf
176,Tomato mold leaf/15005.jpg,Tomato mold leaf
177,Tomato mold leaf/12994.jpg,Tomato mold leaf
178,Tomato mold leaf/9709.jpg,Tomato mold leaf
179,Tomato mold leaf/4184.jpg,Tomato mold leaf
180,Tomato mold leaf/12915.jpg,Tomato mold leaf
181,Tomato mold leaf/10662.jpg,Tomato mold leaf
182,Tomato mold leaf/18546.jpg,Tomato mold leaf
183,Tomato mold leaf/8668.jpg,Tomato mold leaf
184,Tomato mold leaf/9715.jpg,Tomato mold leaf
185,Tomato mold leaf/4080.jpg,Tomato mold leaf
186,Tomato mold leaf/6785.jpg,Tomato mold leaf
187,Tomato mold leaf/8489.jpg,Tomato mold leaf
188,Tomato mold leaf/4250.jpg,Tomato mold leaf
189,Tomato mold leaf/3884.jpg,Tomato mold leaf
190,Tomato mold leaf/6663.jpg,Tomato mold leaf
191,Tomato mold leaf/7323.jpg,Tomato mold leaf
192,Tomato mold leaf/3996.jpg,Tomato mold leaf
193,Tomato mold leaf/14926.jpg,Tomato mold leaf
194,Tomato mold leaf/16141.jpg,Tomato mold leaf
195,Tomato mold leaf/2816.jpg,Tomato mold leaf
196,Tomato mold leaf/11132.jpg,Tomato mold leaf
197,Tomato mold leaf/5248.jpg,Tomato mold leaf
198,Tomato mold leaf/10701.jpg,Tomato mold leaf
199,Tomato mold leaf/18652.jpg,Tomato mold leaf
200,Bell_pepper leaf spot/19528.jpg,Bell_pepper leaf spot
201,Bell_pepper leaf spot/7751.jpg,Bell_pepper leaf spot
202,Bell_pepper leaf spot/18008.jpg,Bell_pepper leaf spot
203,Bell_pepper leaf spot/4309.jpg,Bell_pepper leaf spot
204,Bell_pepper leaf spot/19081.jpg,Bell_pepper leaf spot
205,Bell_pepper leaf spot/4572.jpg,Bell_pepper leaf spot
206,Bell_pepper leaf spot/17980.jpg,Bell_pepper leaf spot
207,Bell_pepper leaf spot/7698.jpg,Bell_pepper leaf spot
208,Bell_pepper leaf spot/7922.jpg,Bell_pepper leaf spot
209,Bell_pepper leaf spot/16226.jpg,Bell_pepper leaf spot
210,Bell_pepper leaf spot/11575.jpg,Bell_pepper leaf spot
211,Bell_pepper leaf spot/19191.jpg,Bell_pepper leaf spot
212,Bell_pepper leaf spot/19240.jpg,Bell_pepper leaf spot
213,Bell_pepper leaf spot/15051.jpg,Bell_pepper leaf spot
214,Bell_pepper leaf spot/13395.jpg,Bell_pepper leaf spot
215,Bell_pepper leaf spot/14731.jpg,Bell_pepper leaf spot
216,Bell_pepper leaf spot/8092.jpg,Bell_pepper leaf spot
217,Bell_pepper leaf spot/1977.jpg,Bell_pepper leaf spot
218,Bell_pepper leaf spot/6598.jpg,Bell_pepper leaf spot
219,Bell_pepper leaf spot/2178.jpg,Bell_pepper leaf spot
220,Bell_pepper leaf spot/14125.jpg,Bell_pepper leaf spot
221,Bell_pepper leaf spot/14695.jpg,Bell_pepper leaf spot
222,Bell_pepper leaf spot/6383.jpg,Bell_pepper leaf spot
223,Bell_pepper leaf spot/3079.jpg,Bell_pepper leaf spot
224,Bell_pepper leaf spot/18791.jpg,Bell_pepper leaf spot
225,Bell_pepper leaf spot/17432.jpg,Bell_pepper leaf spot
226,Bell_pepper leaf spot/8144.jpg,Bell_pepper leaf spot
227,Bell_pepper leaf spot/3305.jpg,Bell_pepper leaf spot
228,Bell_pepper leaf spot/12618.jpg,Bell_pepper leaf spot
229,Bell_pepper leaf spot/15986.jpg,Bell_pepper leaf spot
230,Bell_pepper leaf spot/12536.jpg,Bell_pepper leaf spot
231,Bell_pepper leaf spot/19813.jpg,Bell_pepper leaf spot
232,Bell_pepper leaf spot/4420.jpg,Bell_pepper leaf spot
233,Bell_pepper leaf spot/16285.jpg,Bell_pepper leaf spot
234,Bell_pepper leaf spot/4768.jpg,Bell_pepper leaf spot
235,Bell_pepper leaf spot/4893.jpg,Bell_pepper leaf spot
236,Bell_pepper leaf spot/15783.jpg,Bell_pepper leaf spot
237,Bell_pepper leaf spot/4425.jpg,Bell_pepper leaf spot
238,Bell_pepper leaf spot/2124.jpg,Bell_pepper leaf spot
239,Bell_pepper leaf spot/7396.jpg,Bell_pepper leaf spot
240,Bell_pepper leaf/1927.jpg,Bell_pepper leaf
241,Bell_pepper leaf/13725.jpg,Bell_pepper leaf
242,Bell_pepper leaf/8613.jpg,Bell_pepper leaf
243,Bell_pepper leaf/15309.jpg,Bell_pepper leaf
244,Bell_pepper leaf/9854.jpg,Bell_pepper leaf
245,Bell_pepper leaf/10268.jpg,Bell_pepper leaf
246,Bell_pepper leaf/7627.jpg,Bell_pepper leaf
247,Bell_pepper leaf/18503.jpg,Bell_pepper leaf
248,Bell_pepper leaf/4045.jpg,Bell_pepper leaf
249,Bell_pepper leaf/9998.jpg,Bell_pepper leaf
250,Bell_pepper leaf/6165.jpg,Bell_pepper leaf
251,Bell_pepper leaf/18660.jpg,Bell_pepper leaf
252,Bell_pepper leaf/5565.jpg,Bell_pepper leaf
253,Bell_pepper leaf/17911.jpg,Bell_pepper leaf
254,Bell_pepper leaf/17030.jpg,Bell_pepper leaf
255,Bell_pepper leaf/18386.jpg,Bell_pepper leaf
256,Bell_pepper leaf/1737.jpg,Bell_pepper leaf
257,Bell_pepper leaf/15638.jpg,Bell_pepper leaf
258,Bell_pepper leaf/11978.jpg,Bell_pepper leaf
259,Bell_pepper leaf/16191.jpg,Bell_pepper leaf
260,Bell_pepper leaf/2854.jpg,Bell_pepper leaf
261,Bell_pepper leaf/14041.jpg,Bell_pepper leaf
262,Bell_pepper leaf/18871.jpg,Bell_pepper leaf
263,Bell_pepper leaf/12215.jpg,Bell_pepper leaf
264,Bell_pepper leaf/9543.jpg,Bell_pepper leaf
265,Bell_pepper leaf/12583.jpg,Bell_pepper leaf
266,Bell_pepper leaf/3752.jpg,Bell_pepper leaf
267,Bell_pepper leaf/4412.jpg,Bell_pepper leaf
268,Bell_pepper leaf/1801.jpg,Bell_pepper leaf
269,Bell_pepper leaf/13472.jpg,Bell_pepper leaf
270,Bell_pepper leaf/16395.jpg,Bell_pepper leaf
271,Bell_pepper leaf/13558.jpg,Bell_pepper leaf
272,Bell_pepper leaf/15176.jpg,Bell_pepper leaf
273,Bell_pepper leaf/4947.jpg,Bell_pepper leaf
274,Bell_pepper leaf/12800.jpg,Bell_pepper leaf
275,Bell_pepper leaf/5841.jpg,Bell_pepper leaf
276,Bell_pepper leaf/13654.jpg,Bell_pepper leaf
277,Bell_pepper leaf/14114.jpg,Bell_pepper leaf
278,Bell_pepper leaf/1938.jpg,Bell_pepper leaf
279,Bell_pepper leaf/3142.jpg,Bell_pepper leaf
280,Cherry leaf/11833.jpg,Cherry leaf
281,Cherry leaf/15754.jpg,Cherry leaf
282,Cherry leaf/4263.jpg,Cherry leaf
283,Cherry leaf/12853.jpg,Cherry leaf
284,Cherry leaf/9915.jpg,Cherry leaf
285,Cherry leaf/4266.jpg,Cherry leaf
286,Cherry leaf/15534.jpg,Cherry leaf
287,Cherry leaf/9360.jpg,Cherry leaf
288,Cherry leaf/14452.jpg,Cherry leaf
289,Cherry leaf/3262.jpg,Cherry leaf
290,Cherry leaf/19218.jpg,Cherry leaf
291,Cherry leaf/9180.jpg,Cherry leaf
292,Cherry leaf/14500.jpg,Cherry leaf
293,Cherry leaf/13529.jpg,Cherry leaf
294,Cherry leaf/13237.jpg,Cherry leaf
295,Cherry leaf/17819.jpg,Cherry leaf
296,Cherry leaf/18591.jpg,Cherry leaf
297,Cherry leaf/1611.jpg,Cherry leaf
298,Cherry leaf/16994.jpg,Cherry leaf
299,Cherry leaf/5909.jpg,Cherry leaf
300,Cherry leaf/18883.jpg,Cherry leaf
301,Cherry leaf/10505.jpg,Cherry leaf
302,Cherry leaf/5882.jpg,Cherry leaf
303,Cherry leaf/3404.jpg,Cherry leaf
304,Cherry leaf/10751.jpg,Cherry leaf
305,Cherry leaf/17386.jpg,Cherry leaf
306,Cherry leaf/13680.jpg,Cherry leaf
307,Cherry leaf/5595.jpg,Cherry leaf
308,Cherry leaf/8417.jpg,Cherry leaf
309,Cherry leaf/9604.jpg,Cherry leaf
310,Cherry leaf/15511.jpg,Cherry leaf
311,Cherry leaf/2696.jpg,Cherry leaf
312,Cherry leaf/2339.jpg,Cherry leaf
313,Cherry leaf/14887.jpg,Cherry leaf
314,Cherry leaf/10240.jpg,Cherry leaf
315,Cherry leaf/12360.jpg,Cherry leaf
316,Cherry leaf/13842.jpg,Cherry leaf
317,Cherry leaf/17593.jpg,Cherry leaf
318,Cherry leaf/15771.jpg,Cherry leaf
319,Cherry leaf/2886.jpg,Cherry leaf
320,Tomato leaf late blight/17015.jpg,Tomato leaf late blight
321,Tomato leaf late blight/19369.jpg,Tomato leaf late blight
322,Tomato leaf late blight/6201.jpg,Tomato leaf late blight
323,Tomato leaf late blight/10558.jpg,Tomato leaf late blight
324,Tomato leaf late blight/13028.jpg,Tomato leaf late blight
325,Tomato leaf late blight/13684.jpg,Tomato leaf late blight
326,Tomato leaf late blight/11063.jpg,Tomato leaf late blight
327,Tomato leaf late blight/6676.jpg,Tomato leaf late blight
328,Tomato leaf late blight/1712.jpg,Tomato leaf late blight
329,Tomato leaf late blight/19305.jpg,Tomato leaf late blight
330,Tomato leaf late blight/14522.jpg,Tomato leaf late blight
331,Tomato leaf late blight/1658.jpg,Tomato leaf late blight
332,Tomato leaf late blight/8913.jpg,Tomato leaf late blight
333,Tomato leaf late blight/6279.jpg,Tomato leaf late blight
334,Tomato leaf late blight/14599.jpg,Tomato leaf late blight
335,Tomato leaf late blight/15097.jpg,Tomato leaf late blight
336,Tomato leaf late blight/8514.jpg,Tomato leaf late blight
337,Tomato leaf late blight/9410.jpg,Tomato leaf late blight
338,Tomato leaf late blight/18763.jpg,Tomato leaf late blight
339,Tomato leaf late blight/7179.jpg,Tomato leaf late blight
340,Tomato leaf late blight/18562.jpg,Tomato leaf late blight
341,Tomato leaf late blight/17308.jpg,Tomato leaf late blight
342,Tomato leaf late blight/14028.jpg,Tomato leaf late blight
343,Tomato leaf late blight/12146.jpg,Tomato leaf late blight
344,Tomato leaf late blight/9528.jpg,Tomato leaf late blight
345,Tomato leaf late blight/5818.jpg,Tomato leaf late blight
346,Tomato leaf late blight/19604.jpg,Tomato leaf late blight
347,Tomato leaf late blight/14846.jpg,Tomato leaf late blight
348,Tomato leaf late blight/9546.jpg,Tomato leaf late blight
349,Tomato leaf late blight/7705.jpg,Tomato leaf late blight
350,Tomato leaf late blight/12325.jpg,Tomato leaf late blight
351,Tomato leaf late blight/11190.jpg,Tomato leaf late blight
352,Tomato leaf late blight/18948.jpg,Tomato leaf late blight
353,Tomato leaf late blight/12698.jpg,Tomato leaf late blight
354,Tomato leaf late blight/1118.jpg,Tomato leaf late blight
355,Tomato leaf late blight/12766.jpg,Tomato leaf late blight
356,Tomato leaf late blight/11175.jpg,Tomato leaf late blight
357,Tomato leaf late blight/14755.jpg,Tomato leaf late blight
358,Tomato leaf late blight/8900.jpg,Tomato leaf late blight
359,Tomato leaf late blight/12693.jpg,Tomato leaf late blight
360,Soyabean leaf/4537.jpg,Soyabean leaf
361,Soyabean leaf/3781.jpg,Soyabean leaf
362,Soyabean leaf/14397.jpg,Soyabean leaf
363,Soyabean leaf/15089.jpg,Soyabean leaf
364,Soyabean leaf/15919.jpg,Soyabean leaf
365,Soyabean leaf/2714.jpg,Soyabean leaf
366,Soyabean leaf/4447.jpg,Soyabean leaf
367,Soyabean leaf/8924.jpg,Soyabean leaf
368,Soyabean leaf/8298.jpg,Soyabean leaf
369,Soyabean leaf/15466.jpg,Soyabean leaf
370,Soyabean leaf/3211.jpg,Soyabean leaf
371,Soyabean leaf/18914.jpg,Soyabean leaf
372,Soyabean leaf/18132.jpg,Soyabean leaf
373,Soyabean leaf/17275.jpg,Soyabean leaf
374,Soyabean leaf/4982.jpg,Soyabean leaf
375,Soyabean leaf/6010.jpg,Soyabean leaf
376,Soyabean leaf/17363.jpg,Soyabean leaf
377,Soyabean leaf/18973.jpg,Soyabean leaf
378,Soyabean leaf/14805.jpg,Soyabean leaf
379,Soyabean leaf/8091.jpg,Soyabean leaf
380,Soyabean leaf/10643.jpg,Soyabean leaf
381,Soyabean leaf/3530.jpg,Soyabean leaf
382,Soyabean leaf/9889.jpg,Soyabean leaf
383,Soyabean leaf/16156.jpg,Soyabean leaf
384,Soyabean leaf/8359.jpg,Soyabean leaf
385,Soyabean leaf/18003.jpg,Soyabean leaf
386,Soyabean leaf/8096.jpg,Soyabean leaf
387,Soyabean leaf/11586.jpg,Soyabean leaf
388,Soyabean leaf/15579.jpg,Soyabean leaf
389,Soyabean leaf/1857.jpg,Soyabean leaf
390,Soyabean leaf/19195.jpg,Soyabean leaf
391,Soyabean leaf/7307.jpg,Soyabean leaf
392,Soyabean leaf/9316.jpg,Soyabean leaf
393,Soyabean leaf/5256.jpg,Soyabean leaf
394,Soyabean leaf/9428.jpg,Soyabean leaf
395,Soyabean leaf/4195.jpg,Soyabean leaf
396,Soyabean leaf/4933.jpg,Soyabean leaf
397,Soyabean leaf/13850.jpg,Soyabean leaf
398,Soyabean leaf/17546.jpg,Soyabean leaf
399,Soyabean leaf/15252.jpg,Soyabean leaf
400,Apple rust leaf/15409.jpg,Apple rust leaf
401,Apple rust leaf/7734.jpg,Apple rust leaf
402,Apple rust leaf/3938.jpg,Apple rust leaf
403,Apple rust leaf/1776.jpg,Apple rust leaf
404,Apple rust leaf/2605.jpg,Apple rust leaf
405,Apple rust leaf/5796.jpg,Apple rust leaf
406,Apple rust leaf/6733.jpg,Apple rust leaf
407,Apple rust leaf/15640.jpg,Apple rust leaf
408,Apple rust leaf/14186.jpg,Apple rust leaf
409,Apple rust leaf/4837.jpg,Apple rust leaf
410,Apple rust leaf/18195.jpg,Apple rust leaf
411,Apple rust leaf/6445.jpg,Apple rust leaf
412,Apple rust leaf/10900.jpg,Apple rust leaf
413,Apple rust leaf/1257.jpg,Apple rust leaf
414,Apple rust leaf/8915.jpg,Apple rust leaf
415,Apple rust leaf/9474.jpg,Apple rust leaf
416,Apple rust leaf/2497.jpg,Apple rust leaf
417,Apple rust leaf/2044.jpg,Apple rust leaf
418,Apple rust leaf/15926.jpg,Apple rust leaf
419,Apple rust leaf/6881.jpg,Apple rust leaf
420,Apple rust leaf/6465.jpg,Apple rust leaf
421,Apple rust leaf/1320.jpg,Apple rust leaf
422,Apple rust leaf/12431.jpg,Apple rust leaf
423,Apple rust leaf/3222.jpg,Apple rust leaf
424,Apple rust leaf/8538.jpg,Apple rust leaf
425,Apple rust leaf/4295.jpg,Apple rust leaf
426,Apple rust leaf/12427.jpg,Apple rust leaf
427,Apple rust leaf/16734.jpg,Apple rust leaf
428,Apple rust leaf/7895.jpg,Apple rust leaf
429,Apple rust leaf/12236.jpg,Apple rust leaf
430,Apple rust leaf/16220.jpg,Apple rust leaf
431,Apple rust leaf/10292.jpg,Apple rust leaf
432,Apple rust leaf/2117.jpg,Apple rust leaf
433,Apple rust leaf/4713.jpg,Apple rust leaf
434,Apple rust leaf/6096.jpg,Apple rust leaf
435,Apple rust leaf/15760.jpg,Apple rust leaf
436,Apple rust leaf/7548.jpg,Apple rust leaf
437,Apple rust leaf/9570.jpg,Apple rust leaf
438,Apple rust leaf/4491.jpg,Apple rust leaf
439,Apple rust leaf/12533.jpg,Apple rust leaf
440,Apple Scab Leaf/9339.jpg,Apple Scab Leaf
441,Apple Scab Leaf/8460.jpg,Apple Scab Leaf
442,Apple Scab Leaf/3731.jpg,Apple Scab Leaf
443,Apple Scab Leaf/11203.jpg,Apple Scab Leaf
444,Apple Scab Leaf/7336.jpg,Apple Scab Leaf
445,Apple Scab Leaf/14844.jpg,Apple Scab Leaf
446,Apple Scab Leaf/11480.jpg,Apple Scab Leaf
447,Apple Scab Leaf/15046.jpg,Apple Scab Leaf
448,Apple Scab Leaf/9471.jpg,Apple Scab Leaf
449,Apple Scab Leaf/8510.jpg,Apple Scab Leaf
450,Apple Scab Leaf/13049.jpg,Apple Scab Leaf
451,Apple Scab Leaf/14935.jpg,Apple Scab Leaf
452,Apple Scab Leaf/12288.jpg,Apple Scab Leaf
453,Apple Scab Leaf/14881.jpg,Apple Scab Leaf
454,Apple Scab Leaf/7283.jpg,Apple Scab Leaf
455,Apple Scab Leaf/3975.jpg,Apple Scab Leaf
456,Apple Scab Leaf/14265.jpg,Apple Scab Leaf
457,Apple Scab Leaf/5583.jpg,Apple Scab Leaf
458,Apple Scab Leaf/4344.jpg,Apple Scab Leaf
459,Apple Scab Leaf/5181.jpg,Apple Scab Leaf
460,Apple Scab Leaf/7287.jpg,Apple Scab Leaf
461,Apple Scab Leaf/18668.jpg,Apple Scab Leaf
462,Apple Scab Leaf/15380.jpg,Apple Scab Leaf
463,Apple Scab Leaf/10378.jpg,Apple Scab Leaf
464,Apple Scab Leaf/2795.jpg,Apple Scab Leaf
465,Apple Scab Leaf/17262.jpg,Apple Scab Leaf
466,Apple Scab Leaf/15362.jpg,Apple Scab Leaf
467,Apple Scab Leaf/9094.jpg,Apple Scab Leaf
468,Apple Scab Leaf/11771.jpg,Apple Scab Leaf
469,Apple Scab Leaf/3470.jpg,Apple Scab Leaf
470,Apple Scab Leaf/12568.jpg,Apple Scab Leaf
471,Apple Scab Leaf/8552.jpg,Apple Scab Leaf
472,Apple Scab Leaf/13074.jpg,Apple Scab Leaf
473,Apple Scab Leaf/8086.jpg,Apple Scab Leaf
474,Apple Scab Leaf/12189.jpg,Apple Scab Leaf
475,Apple Scab Leaf/2133.jpg,Apple Scab Leaf
476,Apple Scab Leaf/16882.jpg,Apple Scab Leaf
477,Apple Scab Leaf/6498.jpg,Apple Scab Leaf
478,Apple Scab Leaf/5079.jpg,Apple Scab Leaf
479,Apple Scab Leaf/16404.jpg,Apple Scab Leaf
480,Raspberry leaf/4090.jpg,Raspberry leaf
481,Raspberry leaf/6797.jpg,Raspberry leaf
482,Raspberry leaf/19226.jpg,Raspberry leaf
483,Raspberry leaf/6730.jpg,Raspberry leaf
484,Raspberry leaf/10774.jpg,Raspberry leaf
485,Raspberry leaf/4389.jpg,Raspberry leaf
486,Raspberry leaf/11602.jpg,Raspberry leaf
487,Raspberry leaf/19062.jpg,Raspberry leaf
488,Raspberry leaf/12661.jpg,Raspberry leaf
489,Raspberry leaf/1947.jpg,Raspberry leaf
490,Raspberry leaf/1195.jpg,Raspberry leaf
491,Raspberry leaf/7044.jpg,Raspberry leaf
492,Raspberry leaf/17629.jpg,Raspberry leaf
493,Raspberry leaf/11550.jpg,Raspberry leaf
494,Raspberry leaf/5916.jpg,Raspberry leaf
495,Raspberry leaf/16369.jpg,Raspberry leaf
496,Raspberry leaf/17976.jpg,Raspberry leaf
497,Raspberry leaf/12012.jpg,Raspberry leaf
498,Raspberry leaf/8932.jpg,Raspberry leaf
499,Raspberry leaf/1692.jpg,Raspberry leaf
500,Raspberry leaf/10800.jpg,Raspberry leaf
501,Raspberry leaf/1042.jpg,Raspberry leaf
502,Raspberry leaf/19334.jpg,Raspberry leaf
503,Raspberry leaf/13853.jpg,Raspberry leaf
504,Raspberry leaf/3583.jpg,Raspberry leaf
505,Raspberry leaf/7644.jpg,Raspberry leaf
506,Raspberry leaf/13250.jpg,Raspberry leaf
507,Raspberry leaf/9961.jpg,Raspberry leaf
508,Raspberry leaf/5403.jpg,Raspberry leaf
509,Raspberry leaf/3296.jpg,Raspberry leaf
510,Raspberry leaf/4469.jpg,Raspberry leaf
511,Raspberry leaf/8266.jpg,Raspberry leaf
512,Raspberry leaf/15587.jpg,Raspberry leaf
513,Raspberry leaf/7554.jpg,Raspberry leaf
514,Raspberry leaf/9827.jpg,Raspberry leaf
515,Raspberry leaf/17714.jpg,Raspberry leaf
516,Raspberry leaf/9551.jpg,Raspberry leaf
517,Raspberry leaf/4253.jpg,Raspberry leaf
518,Raspberry leaf/16116.jpg,Raspberry leaf
519,Raspberry leaf/2260.jpg,Raspberry leaf
520,Tomato Early blight leaf/8860.jpg,Tomato Early blight leaf
521,Tomato Early blight leaf/17989.jpg,Tomato Early blight leaf
522,Tomato Early blight leaf/3092.jpg,Tomato Early blight leaf
523,Tomato Early blight leaf/11081.jpg,Tomato Early blight leaf
524,Tomato Early blight leaf/10010.jpg,Tomato Early blight leaf
525,Tomato Early blight leaf/9820.jpg,Tomato Early blight leaf
526,Tomato Early blight leaf/9348.jpg,Tomato Early blight leaf
527,Tomato Early blight leaf/6640.jpg,Tomato Early blight leaf
528,Tomato Early blight leaf/11499.jpg,Tomato Early blight leaf
529,Tomato Early blight leaf/13118.jpg,Tomato Early blight leaf
530,Tomato Early blight leaf/11153.jpg,Tomato Early blight leaf
531,Tomato Early blight leaf/1675.jpg,Tomato Early blight leaf
532,Tomato Early blight leaf/19713.jpg,Tomato Early blight leaf
533,Tomato Early blight leaf/16007.jpg,Tomato Early blight leaf
534,Tomato Early blight leaf/6814.jpg,Tomato Early blight leaf
535,Tomato Early blight leaf/17267.jpg,Tomato Early blight leaf
536,Tomato Early blight leaf/2682.jpg,Tomato Early blight leaf
537,Tomato Early blight leaf/19565.jpg,Tomato Early blight leaf
538,Tomato Early blight leaf/6940.jpg,Tomato Early blight leaf
539,Tomato Early blight leaf/9135.jpg,Tomato Early blight leaf
540,Tomato Early blight leaf/4070.jpg,Tomato Early blight leaf
541,Tomato Early blight leaf/6592.jpg,Tomato Early blight leaf
542,Tomato Early blight leaf/6710.jpg,Tomato Early blight leaf
543,Tomato Early blight leaf/2402.jpg,Tomato Early blight leaf
544,Tomato Early blight leaf/7243.jpg,Tomato Early blight leaf
545,Tomato Early blight leaf/1911.jpg,Tomato Early blight leaf
546,Tomato Early blight leaf/3643.jpg,Tomato Early blight leaf
547,Tomato Early blight leaf/1745.jpg,Tomato Early blight leaf
548,Tomato Early blight leaf/12169.jpg,Tomato Early blight leaf
549,Tomato Early blight leaf/18092.jpg,Tomato Early blight leaf
550,Tomato Early blight leaf/6008.jpg,Tomato Early blight leaf
551,Tomato Early blight leaf/15941.jpg,Tomato Early blight leaf
552,Tomato Early blight leaf/12209.jpg,Tomato Early blight leaf
553,Tomato Early blight leaf/12306.jpg,Tomato Early blight leaf
554,Tomato Early blight leaf/12332.jpg,Tomato Early blight leaf
555,Tomato Early blight leaf/16210.jpg,Tomato Early blight leaf
556,Tomato Early blight leaf/9903.jpg,Tomato Early blight leaf
557,Tomato Early blight leaf/8980.jpg,Tomato Early blight leaf
558,Tomato Early blight leaf/18453.jpg,Tomato Early blight leaf
559,Tomato Early blight leaf/3239.jpg,Tomato Early blight leaf
560,Corn rust leaf/9103.jpg,Corn rust leaf
561,Corn rust leaf/11378.jpg,Corn rust leaf
562,Corn rust leaf/19736.jpg,Corn rust leaf
563,Corn rust leaf/4538.jpg,Corn rust leaf
564,Corn rust leaf/19923.jpg,Corn rust leaf
565,Corn rust leaf/2251.jpg,Corn rust leaf
566,Corn rust leaf/10470.jpg,Corn rust leaf
567,Corn rust leaf/5157.jpg,Corn rust leaf
568,Corn rust leaf/1377.jpg,Corn rust leaf
569,Corn rust leaf/9807.jpg,Corn rust leaf
570,Corn rust leaf/13162.jpg,Corn rust leaf
571,Corn rust leaf/8650.jpg,Corn rust leaf
572,Corn rust leaf/18354.jpg,Corn rust leaf
573,Corn rust leaf/10723.jpg,Corn rust leaf
574,Corn rust leaf/6813.jpg,Corn rust leaf
575,Corn rust leaf/17259.jpg,Corn rust leaf
576,Corn rust leaf/6634.jpg,Corn rust leaf
577,Corn rust leaf/8241.jpg,Corn rust leaf
578,Corn rust leaf/8950.jpg,Corn rust leaf
579,Corn rust leaf/18831.jpg,Corn rust leaf
580,Corn rust leaf/12049.jpg,Corn rust leaf
581,Corn rust leaf/7518.jpg,Corn rust leaf
582,Corn rust leaf/11162.jpg,Corn rust leaf
583,Corn rust leaf/16869.jpg,Corn rust leaf
584,Corn rust leaf/12165.jpg,Corn rust leaf
585,Corn rust leaf/9419.jpg,Corn rust leaf
586,Corn rust leaf/4757.jpg,Corn rust leaf
587,Corn rust leaf/18949.jpg,Corn rust leaf
588,Corn rust leaf/2690.jpg,Corn rust leaf
589,Corn rust leaf/12907.jpg,Corn rust leaf
590,Corn rust leaf/17345.jpg,Corn rust leaf
591,Corn rust leaf/10961.jpg,Corn rust leaf
592,Corn rust leaf/7017.jpg,Corn rust leaf
593,Corn rust leaf/5492.jpg,Corn rust leaf
594,Corn rust leaf/3014.jpg,Corn rust leaf
595,Corn rust leaf/9736.jpg,Corn rust leaf
596,Corn rust leaf/2135.jpg,Corn rust leaf
597,Corn rust leaf/11531.jpg,Corn rust leaf
598,Corn rust leaf/19607.jpg,Corn rust leaf
599,Corn rust leaf/14443.jpg,Corn rust leaf
600,Tomato leaf mosaic virus/7858.jpg,Tomato leaf mosaic virus
601,Tomato leaf mosaic virus/9048.jpg,Tomato leaf mosaic virus
602,Tomato leaf mosaic virus/15684.jpg,Tomato leaf mosaic virus
603,Tomato leaf mosaic virus/18603.jpg,Tomato leaf mosaic virus
604,Tomato leaf mosaic virus/8923.jpg,Tomato leaf mosaic virus
605,Tomato leaf mosaic virus/14643.jpg,Tomato leaf mosaic virus
606,Tomato leaf mosaic virus/10692.jpg,Tomato leaf mosaic virus
607,Tomato leaf mosaic virus/1711.jpg,Tomato leaf mosaic virus
608,Tomato leaf mosaic virus/3663.jpg,Tomato leaf mosaic virus
609,Tomato leaf mosaic virus/18733.jpg,Tomato leaf mosaic virus
610,Tomato leaf mosaic virus/10211.jpg,Tomato leaf mosaic virus
611,Tomato leaf mosaic virus/1560.jpg,Tomato leaf mosaic virus
612,Tomato leaf mosaic virus/13424.jpg,Tomato leaf mosaic virus
613,Tomato leaf mosaic virus/15173.jpg,Tomato leaf mosaic virus
614,Tomato leaf mosaic virus/6908.jpg,Tomato leaf mosaic virus
615,Tomato leaf mosaic virus/7761.jpg,Tomato leaf mosaic virus
616,Tomato leaf mosaic virus/18021.jpg,Tomato leaf mosaic virus
617,Tomato leaf mosaic virus/3160.jpg,Tomato leaf mosaic virus
618,Tomato leaf mosaic virus/18933.jpg,Tomato leaf mosaic virus
619,Tomato leaf mosaic virus/10877.jpg,Tomato leaf mosaic virus
620,Tomato leaf mosaic virus/1098.jpg,Tomato leaf mosaic virus
621,Tomato leaf mosaic virus/2577.jpg,Tomato leaf mosaic virus
622,Tomato leaf mosaic virus/12148.jpg,Tomato leaf mosaic virus
623,Tomato leaf mosaic virus/1466.jpg,Tomato leaf mosaic virus
624,Tomato leaf mosaic virus/2513.jpg,Tomato leaf mosaic virus
625,Tomato leaf mosaic virus/11596.jpg,Tomato leaf mosaic virus
626,Tomato leaf mosaic virus/19851.jpg,Tomato leaf mosaic virus
627,Tomato leaf mosaic virus/5765.jpg,Tomato leaf mosaic virus
628,Tomato leaf mosaic virus/7664.jpg,Tomato leaf mosaic virus
629,Tomato leaf mosaic virus/11743.jpg,Tomato leaf mosaic virus
630,Tomato leaf mosaic virus/1625.jpg,Tomato leaf mosaic virus
631,Tomato leaf mosaic virus/5936.jpg,Tomato leaf mosaic virus
632,Tomato leaf mosaic virus/10557.jpg,Tomato leaf mosaic virus
633,Tomato leaf mosaic virus/15541.jpg,Tomato leaf mosaic virus
634,Tomato leaf mosaic virus/15593.jpg,Tomato leaf mosaic virus
635,Tomato leaf mosaic virus/1641.jpg,Tomato leaf mosaic virus
636,Tomato leaf mosaic virus/1409.jpg,Tomato leaf mosaic virus
637,Tomato leaf mosaic virus/14792.jpg,Tomato leaf mosaic virus
638,Tomato leaf mosaic virus/15563.jpg,Tomato leaf mosaic virus
639,Tomato leaf mosaic virus/18803.jpg,Tomato leaf mosaic virus
640,Peach leaf/3657.jpg,Peach leaf
641,Peach leaf/13719.jpg,Peach leaf
642,Peach leaf/2486.jpg,Peach leaf
643,Peach leaf/13159.jpg,Peach leaf
644,Peach leaf/8465.jpg,Peach leaf
645,Peach leaf/19099.jpg,Peach leaf
646,Peach leaf/10259.jpg,Peach leaf
647,Peach leaf/10580.jpg,Peach leaf
648,Peach leaf/8927.jpg,Peach leaf
649,Peach leaf/10346.jpg,Peach leaf
650,Peach leaf/10798.jpg,Peach leaf
651,Peach leaf/16573.jpg,Peach leaf
652,Peach leaf/15929.jpg,Peach leaf
653,Peach leaf/4799.jpg,Peach leaf
654,Peach leaf/17842.jpg,Peach leaf
655,Peach leaf/12596.jpg,Peach leaf
656,Peach leaf/19007.jpg,Peach leaf
657,Peach leaf/11144.jpg,Peach leaf
658,Peach leaf/16670.jpg,Peach leaf
659,Peach leaf/17599.jpg,Peach leaf
660,Peach leaf/6576.jpg,Peach leaf
661,Peach leaf/12143.jpg,Peach leaf
662,Peach leaf/6232.jpg,Peach leaf
663,Peach leaf/5411.jpg,Peach leaf
664,Peach leaf/18213.jpg,Peach leaf
665,Peach leaf/9019.jpg,Peach leaf
666,Peach leaf/5361.jpg,Peach leaf
667,Peach leaf/6021.jpg,Peach leaf
668,Peach leaf/16328.jpg,Peach leaf
669,Peach leaf/15896.jpg,Peach leaf
670,Peach leaf/16847.jpg,Peach leaf
671,Peach leaf/13813.jpg,Peach leaf
672,Peach leaf/11474.jpg,Peach leaf
673,Peach leaf/18767.jpg,Peach leaf
674,Peach leaf/3233.jpg,Peach leaf
675,Peach leaf/16047.jpg,Peach leaf
676,Peach leaf/18895.jpg,Peach leaf
677,Peach leaf/4533.jpg,Peach leaf
678,Peach leaf/10194.jpg,Peach leaf
679,Peach leaf/12892.jpg,Peach leaf
680,Tomato leaf yellow virus/6325.jpg,Tomato leaf yellow virus
681,Tomato leaf yellow virus/5666.jpg,Tomato leaf yellow virus
682,Tomato leaf yellow virus/11727.jpg,Tomato leaf yellow virus
683,Tomato leaf yellow virus/12045.jpg,Tomato leaf yellow virus
684,Tomato leaf yellow virus/2310.jpg,Tomato leaf yellow virus
685,Tomato leaf yellow virus/6566.jpg,Tomato leaf yellow virus
686,Tomato leaf yellow virus/12069.jpg,Tomato leaf yellow virus
687,Tomato leaf yellow virus/4099.jpg,Tomato leaf yellow virus
688,Tomato leaf yellow virus/17822.jpg,Tomato leaf yellow virus
689,Tomato leaf yellow virus/9999.jpg,Tomato leaf yellow virus
690,Tomato leaf yellow virus/17573.jpg,Tomato leaf yellow virus
691,Tomato leaf yellow virus/6334.jpg,Tomato leaf yellow virus
692,Tomato leaf yellow virus/15263.jpg,Tomato leaf yellow virus
693,Tomato leaf yellow virus/10928.jpg,Tomato leaf yellow virus
694,Tomato leaf yellow virus/7978.jpg,Tomato leaf yellow virus
695,Tomato leaf yellow virus/8288.jpg,Tomato leaf yellow virus
696,Tomato leaf yellow virus/11354.jpg,Tomato leaf yellow virus
697,Tomato leaf yellow virus/5628.jpg,Tomato leaf yellow virus
698,Tomato leaf yellow virus/9244.jpg,Tomato leaf yellow virus
699,Tomato leaf yellow virus/15625.jpg,Tomato leaf yellow virus
700,Tomato leaf yellow virus/7194.jpg,Tomato leaf yellow virus
701,Tomato leaf yellow virus/2743.jpg,Tomato leaf yellow virus
702,Tomato leaf yellow virus/9831.jpg,Tomato leaf yellow virus
703,Tomato leaf yellow virus/3289.jpg,Tomato leaf yellow virus
704,Tomato leaf yellow virus/5049.jpg,Tomato leaf yellow virus
705,Tomato leaf yellow virus/3580.jpg,Tomato leaf yellow virus
706,Tomato leaf yellow virus/2452.jpg,Tomato leaf yellow virus
707,Tomato leaf yellow virus/8537.jpg,Tomato leaf yellow virus
708,Tomato leaf yellow virus/12005.jpg,Tomato leaf yellow virus
709,Tomato leaf yellow virus/5416.jpg,Tomato leaf yellow virus
710,Tomato leaf yellow virus/8262.jpg,Tomato leaf yellow virus
711,Tomato leaf yellow virus/5947.jpg,Tomato leaf yellow virus
712,Tomato leaf yellow virus/4929.jpg,Tomato leaf yellow virus
713,Tomato leaf yellow virus/8391.jpg,Tomato leaf yellow virus
714,Tomato leaf yellow virus/3120.jpg,Tomato leaf yellow virus
715,Tomato leaf yellow virus/3832.jpg,Tomato leaf yellow virus
716,Tomato leaf yellow virus/12807.jpg,Tomato leaf yellow virus
717,Tomato leaf yellow virus/10454.jpg,Tomato leaf yellow virus
718,Tomato leaf yellow virus/3140.jpg,Tomato leaf yellow virus
719,Tomato leaf yellow virus/2831.jpg,Tomato leaf yellow virus
720,Strawberry leaf/11590.jpg,Strawberry leaf
721,Strawberry leaf/12913.jpg,Strawberry leaf
722,Strawberry leaf/8446.jpg,Strawberry leaf
723,Strawberry leaf/3534.jpg,Strawberry leaf
724,Strawberry leaf/5267.jpg,Strawberry leaf
725,Strawberry leaf/3732.jpg,Strawberry leaf
726,Strawberry leaf/14460.jpg,Strawberry leaf
727,Strawberry leaf/9219.jpg,Strawberry leaf
728,Strawberry leaf/6843.jpg,Strawberry leaf
729,Strawberry leaf/17654.jpg,Strawberry leaf
730,Strawberry leaf/17853.jpg,Strawberry leaf
731,Strawberry leaf/9182.jpg,Strawberry leaf
732,Strawberry leaf/11336.jpg,Strawberry leaf
733,Strawberry leaf/3033.jpg,Strawberry leaf
734,Strawberry leaf/3216.jpg,Strawberry leaf
735,Strawberry leaf/8878.jpg,Strawberry leaf
736,Strawberry leaf/18040.jpg,Strawberry leaf
737,Strawberry leaf/2104.jpg,Strawberry leaf
738,Strawberry leaf/8534.jpg,Strawberry leaf
739,Strawberry leaf/9482.jpg,Strawberry leaf
740,Strawberry leaf/4350.jpg,Strawberry leaf
741,Strawberry leaf/18750.jpg,Strawberry leaf
742,Strawberry leaf/9391.jpg,Strawberry leaf
743,Strawberry leaf/6532.jpg,Strawberry leaf
744,Strawberry leaf/19227.jpg,Strawberry leaf
745,Strawberry leaf/7495.jpg,Strawberry leaf
746,Strawberry leaf/15621.jpg,Strawberry leaf
747,Strawberry leaf/7261.jpg,Strawberry leaf
748,Strawberry leaf/12535.jpg,Strawberry leaf
749,Strawberry leaf/6243.jpg,Strawberry leaf
750,Strawberry leaf/15999.jpg,Strawberry leaf
751,Strawberry leaf/16084.jpg,Strawberry leaf
752,Strawberry leaf/18541.jpg,Strawberry leaf
753,Strawberry leaf/18605.jpg,Strawberry leaf
754,Strawberry leaf/11424.jpg,Strawberry leaf
755,Strawberry leaf/7947.jpg,Strawberry leaf
756,Strawberry leaf/6249.jpg,Strawberry leaf
757,Strawberry leaf/11021.jpg,Strawberry leaf
758,Strawberry leaf/14618.jpg,Strawberry leaf
759,Strawberry leaf/18851.jpg,Strawberry leaf
760,Potato leaf late blight/13272.jpg,Potato leaf late blight
761,Potato leaf late blight/3826.jpg,Potato leaf late blight
762,Potato leaf late blight/8279.jpg,Potato leaf late blight
763,Potato leaf late blight/14392.jpg,Potato leaf late blight
764,Potato leaf late blight/13560.jpg,Potato leaf late blight
765,Potato leaf late blight/10907.jpg,Potato leaf late blight
766,Potato leaf late blight/14968.jpg,Potato leaf late blight
767,Potato leaf late blight/16706.jpg,Potato leaf late blight
768,Potato leaf late blight/8872.jpg,Potato leaf late blight
769,Potato leaf late blight/19685.jpg,Potato leaf late blight
770,Potato leaf late blight/8406.jpg,Potato leaf late blight
771,Potato leaf late blight/16309.jpg,Potato leaf late blight
772,Potato leaf late blight/18661.jpg,Potato leaf late blight
773,Potato leaf late blight/13800.jpg,Potato leaf late blight
774,Potato leaf late blight/19673.jpg,Potato leaf late blight
775,Potato leaf late blight/18682.jpg,Potato leaf late blight
776,Potato leaf late blight/2327.jpg,Potato leaf late blight
777,Potato leaf late blight/18685.jpg,Potato leaf late blight
778,Potato leaf late blight/10673.jpg,Potato leaf late blight
779,Potato leaf late blight/1214.jpg,Potato leaf late blight
780,Potato leaf late blight/17291.jpg,Potato leaf late blight
781,Potato leaf late blight/14869.jpg,Potato leaf late blight
782,Potato leaf late blight/7478.jpg,Potato leaf late blight
783,Potato leaf late blight/11829.jpg,Potato leaf late blight
784,Potato leaf late blight/2640.jpg,Potato leaf late blight
785,Potato leaf late blight/7262.jpg,Potato leaf late blight
786,Potato leaf late blight/12083.jpg,Potato leaf late blight
787,Potato leaf late blight/2241.jpg,Potato leaf late blight
788,Potato leaf late blight/16809.jpg,Potato leaf late blight
789,Potato leaf late blight/14512.jpg,Potato leaf late blight
790,Potato leaf late blight/14537.jpg,Potato leaf late blight
791,Potato leaf late blight/5950.jpg,Potato leaf late blight
792,Potato leaf late blight/12553.jpg,Potato leaf late blight
793,Potato leaf late blight/6721.jpg,Potato leaf late blight
794,Potato leaf late blight/4489.jpg,Potato leaf late blight
795,Potato leaf late blight/13453.jpg,Potato leaf late blight
796,Potato leaf late blight/8399.jpg,Potato leaf late blight
797,Potato leaf late blight/13870.jpg,Potato leaf late blight
798,Potato leaf late blight/8678.jpg,Potato leaf late blight
799,Potato leaf late blight/9681.jpg,Potato leaf late blight
800,Apple leaf/10797.jpg,Apple leaf
801,Apple leaf/6838.jpg,Apple leaf
802,Apple leaf/17716.jpg,Apple leaf
803,Apple leaf/8750.jpg,Apple leaf
804,Apple leaf/8503.jpg,Apple leaf
805,Apple leaf/5685.jpg,Apple leaf
806,Apple leaf/6317.jpg,Apple leaf
807,Apple leaf/1032.jpg,Apple leaf
808,Apple leaf/18873.jpg,Apple leaf
809,Apple leaf/18434.jpg,Apple leaf
810,Apple leaf/16620.jpg,Apple leaf
811,Apple leaf/14407.jpg,Apple leaf
812,Apple leaf/1840.jpg,Apple leaf
813,Apple leaf/15805.jpg,Apple leaf
814,Apple leaf/10124.jpg,Apple leaf
815,Apple leaf/15220.jpg,Apple leaf
816,Apple leaf/11497.jpg,Apple leaf
817,Apple leaf/14485.jpg,Apple leaf
818,Apple leaf/9881.jpg,Apple leaf
819,Apple leaf/11692.jpg,Apple leaf
820,Apple leaf/7059.jpg,Apple leaf
821,Apple leaf/11919.jpg,Apple leaf
822,Apple leaf/15416.jpg,Apple leaf
823,Apple leaf/16951.jpg,Apple leaf
824,Apple leaf/13683.jpg,Apple leaf
825,Apple leaf/13072.jpg,Apple leaf
826,Apple leaf/4108.jpg,Apple leaf
827,Apple leaf/3588.jpg,Apple leaf
828,Apple leaf/13962.jpg,Apple leaf
829,Apple leaf/15772.jpg,Apple leaf
830,Apple leaf/12570.jpg,Apple leaf
831,Apple leaf/16986.jpg,Apple leaf
832,Apple leaf/2643.jpg,Apple leaf
833,Apple leaf/5255.jpg,Apple leaf
834,Apple leaf/15753.jpg,Apple leaf
835,Apple leaf/16295.jpg,Apple leaf
836,Apple leaf/13423.jpg,Apple leaf
837,Apple leaf/15460.jpg,Apple leaf
838,Apple leaf/10731.jpg,Apple leaf
839,Apple leaf/14619.jpg,Apple leaf
840,Tomato Septoria leaf spot/12829.jpg,Tomato Septoria leaf spot
841,Tomato Septoria leaf spot/8861.jpg,Tomato Septoria leaf spot
842,Tomato Septoria leaf spot/8556.jpg,Tomato Septoria leaf spot
843,Tomato Septoria leaf spot/5432.jpg,Tomato Septoria leaf spot
844,Tomato Septoria leaf spot/2238.jpg,Tomato Septoria leaf spot
845,Tomato Septoria leaf spot/10099.jpg,Tomato Septoria leaf spot
846,Tomato Septoria leaf spot/3937.jpg,Tomato Septoria leaf spot
847,Tomato Septoria leaf spot/8558.jpg,Tomato Septoria leaf spot
848,Tomato Septoria leaf spot/14982.jpg,Tomato Septoria leaf spot
849,Tomato Septoria leaf spot/9452.jpg,Tomato Septoria leaf spot
850,Tomato Septoria leaf spot/10934.jpg,Tomato Septoria leaf spot
851,Tomato Septoria leaf spot/6440.jpg,Tomato Septoria leaf spot
852,Tomato Septoria leaf spot/2020.jpg,Tomato Septoria leaf spot
853,Tomato Septoria leaf spot/15927.jpg,Tomato Septoria leaf spot
854,Tomato Septoria leaf spot/16206.jpg,Tomato Septoria leaf spot
855,Tomato Septoria leaf spot/13400.jpg,Tomato Septoria leaf spot
856,Tomato Septoria leaf spot/3907.jpg,Tomato Septoria leaf spot
857,Tomato Septoria leaf spot/16683.jpg,Tomato Septoria leaf spot
858,Tomato Septoria leaf spot/7218.jpg,Tomato Septoria leaf spot
859,Tomato Septoria leaf spot/15703.jpg,Tomato Septoria leaf spot
860,Tomato Septoria leaf spot/14798.jpg,Tomato Septoria leaf spot
861,Tomato Septoria leaf spot/6993.jpg,Tomato Septoria leaf spot
862,Tomato Septoria leaf spot/16962.jpg,Tomato Septoria leaf spot
863,Tomato Septoria leaf spot/11330.jpg,Tomato Septoria leaf spot
864,Tomato Septoria leaf spot/18972.jpg,Tomato Septoria leaf spot
865,Tomato Septoria leaf spot/6765.jpg,Tomato Septoria leaf spot
866,Tomato Septoria leaf spot/2917.jpg,Tomato Septoria leaf spot
867,Tomato Septoria leaf spot/2472.jpg,Tomato Septoria leaf spot
868,Tomato Septoria leaf spot/16247.jpg,Tomato Septoria leaf spot
869,Tomato Septoria leaf spot/9824.jpg,Tomato Septoria leaf spot
870,Tomato Septoria leaf spot/10302.jpg,Tomato Septoria leaf spot
871,Tomato Septoria leaf spot/8016.jpg,Tomato Septoria leaf spot
872,Tomato Septoria leaf spot/10237.jpg,Tomato Septoria leaf spot
873,Tomato Septoria leaf spot/16981.jpg,Tomato Septoria leaf spot
874,Tomato Septoria leaf spot/18297.jpg,Tomato Septoria leaf spot
875,Tomato Septoria leaf spot/14858.jpg,Tomato Septoria leaf spot
876,Tomato Septoria leaf spot/16954.jpg,Tomato Septoria leaf spot
877,Tomato Septoria leaf spot/2245.jpg,Tomato Septoria leaf spot
878,Tomato Septoria leaf spot/17617.jpg,Tomato Septoria leaf spot
879,Tomato Septoria leaf spot/1881.jpg,Tomato Septoria leaf spot
880,grape leaf/19243.jpg,grape leaf
881,grape leaf/2379.jpg,grape leaf
882,grape leaf/4155.jpg,grape leaf
883,grape leaf/9178.jpg,grape leaf
884,grape leaf/6971.jpg,grape leaf
885,grape leaf/16154.jpg,grape leaf
886,grape leaf/10576.jpg,grape leaf
887,grape leaf/16606.jpg,grape leaf
888,grape leaf/5516.jpg,grape leaf
889,grape leaf/17296.jpg,grape leaf
890,grape leaf/4512.jpg,grape leaf
891,grape leaf/3437.jpg,grape leaf
892,grape leaf/16582.jpg,grape leaf
893,grape leaf/19951.jpg,grape leaf
894,grape leaf/7763.jpg,grape leaf
895,grape leaf/9662.jpg,grape leaf
896,grape leaf/4290.jpg,grape leaf
897,grape leaf/13697.jpg,grape leaf
898,grape leaf/11385.jpg,grape leaf
899,grape leaf/19644.jpg,grape leaf
900,grape leaf/12252.jpg,grape leaf
901,grape leaf/18716.jpg,grape leaf
902,grape leaf/6348.jpg,grape leaf
903,grape leaf/14806.jpg,grape leaf
904,grape leaf/3862.jpg,grape leaf
905,grape leaf/12374.jpg,grape leaf
906,grape leaf/16473.jpg,grape leaf
907,grape leaf/12590.jpg,grape leaf
908,grape leaf/9271.jpg,grape leaf
909,grape leaf/15834.jpg,grape leaf
910,grape leaf/10617.jpg,grape leaf
911,grape leaf/8201.jpg,grape leaf
912,grape leaf/5937.jpg,grape leaf
913,grape leaf/1071.jpg,grape leaf
914,grape leaf/17582.jpg,grape leaf
915,grape leaf/2771.jpg,grape leaf
916,grape leaf/4767.jpg,grape leaf
917,grape leaf/2663.jpg,grape leaf
918,grape leaf/1479.jpg,grape leaf
919,grape leaf/2594.jpg,grape leaf
920,Potato leaf early blight/3950.jpg,Potato leaf early blight
921,Potato leaf early blight/4708.jpg,Potato leaf early blight
922,Potato leaf early blight/2823.jpg,Potato leaf early blight
923,Potato leaf early blight/6842.jpg,Potato leaf early blight
924,Potato leaf early blight/14725.jpg,Potato leaf early blight
925,Potato leaf early blight/17143.jpg,Potato leaf early blight
926,Potato leaf early blight/1655.jpg,Potato leaf early blight
927,Potato leaf early blight/1780.jpg,Potato leaf early blight
928,Potato leaf early blight/10567.jpg,Potato leaf early blight
929,Potato leaf early blight/14193.jpg,Potato leaf early blight
930,Potato leaf early blight/18176.jpg,Potato leaf early blight
931,Potato leaf early blight/6169.jpg,Potato leaf early blight
932,Potato leaf early blight/17241.jpg,Potato leaf early blight
933,Potato leaf early blight/8000.jpg,Potato leaf early blight
934,Potato leaf early blight/17571.jpg,Potato leaf early blight
935,Potato leaf early blight/13348.jpg,Potato leaf early blight
936,Potato leaf early blight/16405.jpg,Potato leaf early blight
937,Potato leaf early blight/1738.jpg,Potato leaf early blight
938,Potato leaf early blight/6745.jpg,Potato leaf early blight
939,Potato leaf early blight/5506.jpg,Potato leaf early blight
940,Potato leaf early blight/17096.jpg,Potato leaf early blight
941,Potato leaf early blight/18017.jpg,Potato leaf early blight
942,Potato leaf early blight/5109.jpg,Potato leaf early blight
943,Potato leaf early blight/1282.jpg,Potato leaf early blight
944,Potato leaf early blight/8260.jpg,Potato leaf early blight
945,Potato leaf early blight/17664.jpg,Potato leaf early blight
946,Potato leaf early blight/12903.jpg,Potato leaf early blight
947,Potato leaf early blight/18103.jpg,Potato leaf early blight
948,Potato leaf early blight/19829.jpg,Potato leaf early blight
949,Potato leaf early blight/7955.jpg,Potato leaf early blight
950,Potato leaf early blight/12657.jpg,Potato leaf early blight
951,Potato leaf early blight/2934.jpg,Potato leaf early blight
952,Potato leaf early blight/13199.jpg,Potato leaf early blight
953,Potato leaf early blight/18952.jpg,Potato leaf early blight
954,Potato leaf early blight/14003.jpg,Potato leaf early blight
955,Potato leaf early blight/6957.jpg,Potato leaf early blight
956,Potato leaf early blight/3360.jpg,Potato leaf early blight
957,Potato leaf early blight/15997.jpg,Potato leaf early blight
958,Potato leaf early blight/13327.jpg,Potato leaf early blight
959,Potato leaf early blight/4314.jpg,Potato leaf early blight
960,Tomato leaf bacterial spot/9158.jpg,Tomato leaf bacterial spot
961,Tomato leaf bacterial spot/18476.jpg,Tomato leaf bacterial spot
962,Tomato leaf bacterial spot/12081.jpg,Tomato leaf bacterial spot
963,Tomato leaf bacterial spot/9341.jpg,Tomato leaf bacterial spot
964,Tomato leaf bacterial spot/13015.jpg,Tomato leaf bacterial spot
965,Tomato leaf bacterial spot/9050.jpg,Tomato leaf bacterial spot
966,Tomato leaf bacterial spot/5340.jpg,Tomato leaf bacterial spot
967,Tomato leaf bacterial spot/12815.jpg,Tomato leaf bacterial spot
968,Tomato leaf bacterial spot/18226.jpg,Tomato leaf bacterial spot
969,Tomato leaf bacterial spot/15846.jpg,Tomato leaf bacterial spot
970,Tomato leaf bacterial spot/6904.jpg,Tomato leaf bacterial spot
971,Tomato leaf bacterial spot/10964.jpg,Tomato leaf bacterial spot
972,Tomato leaf bacterial spot/17612.jpg,Tomato leaf bacterial spot
973,Tomato leaf bacterial spot/12959.jpg,Tomato leaf bacterial spot
974,Tomato leaf bacterial spot/6337.jpg,Tomato leaf bacterial spot
975,Tomato leaf bacterial spot/2152.jpg,Tomato leaf bacterial spot
976,Tomato leaf bacterial spot/1568.jpg,Tomato leaf bacterial spot
977,Tomato leaf bacterial spot/13665.jpg,Tomato leaf bacterial spot
978,Tomato leaf bacterial spot/4735.jpg,Tomato leaf bacterial spot
979,Tomato leaf bacterial spot/7193.jpg,Tomato leaf bacterial spot
980,Tomato leaf bacterial spot/16708.jpg,Tomato leaf bacterial spot
981,Tomato leaf bacterial spot/3455.jpg,Tomato leaf bacterial spot
982,Tomato leaf bacterial spot/18696.jpg,Tomato leaf bacterial spot
983,Tomato leaf bacterial spot/10294.jpg,Tomato leaf bacterial spot
984,Tomato leaf bacterial spot/14673.jpg,Tomato leaf bacterial spot
985,Tomato leaf bacterial spot/8090.jpg,Tomato leaf bacterial spot
986,Tomato leaf bacterial spot/18753.jpg,Tomato leaf bacterial spot
987,Tomato leaf bacterial spot/12429.jpg,Tomato leaf bacterial spot
988,Tomato leaf bacterial spot/9836.jpg,Tomato leaf bacterial spot
989,Tomato leaf bacterial spot/12214.jpg,Tomato leaf bacterial spot
990,Tomato leaf bacterial spot/12343.jpg,Tomato leaf bacterial spot
991,Tomato leaf bacterial spot/16439.jpg,Tomato leaf bacterial spot
992,Tomato leaf bacterial spot/15076.jpg,Tomato leaf bacterial spot
993,Tomato leaf bacterial spot/6093.jpg,Tomato leaf bacterial spot
994,Tomato leaf bacterial spot/1877.jpg,Tomato leaf bacterial spot
995,Tomato leaf bacterial spot/10423.jpg,Tomato leaf bacterial spot
996,Tomato leaf bacterial spot/3946.jpg,Tomato leaf bacterial spot
997,Tomato leaf bacterial spot/18231.jpg,Tomato leaf bacterial spot
998,Tomato leaf bacterial spot/17069.jpg,Tomato leaf bacterial spot
999,Tomato leaf bacterial spot/12100.jpg,Tomato leaf bacterial spot
1000,Corn leaf blight/8277.jpg,Corn leaf blight
1001,Corn leaf blight/18804.jpg,Corn leaf blight
1002,Corn leaf blight/1707.jpg,Corn leaf blight
1003,Corn leaf blight/10683.jpg,Corn leaf blight
1004,Corn leaf blight/1943.jpg,Corn leaf blight
1005,Corn leaf blight/12772.jpg,Corn leaf blight
1006,Corn leaf blight/19337.jpg,Corn leaf blight
1007,Corn leaf blight/19136.jpg,Corn leaf blight
1008,Corn leaf blight/3789.jpg,Corn leaf blight
1009,Corn leaf blight/10568.jpg,Corn leaf blight
1010,Corn leaf blight/17022.jpg,Corn leaf blight
1011,Corn leaf blight/17907.jpg,Corn leaf blight
1012,Corn leaf blight/10233.jpg,Corn leaf blight
1013,Corn leaf blight/19824.jpg,Corn leaf blight
1014,Corn leaf blight/8914.jpg,Corn leaf blight
1015,Corn leaf blight/3155.jpg,Corn leaf blight
1016,Corn leaf blight/19499.jpg,Corn leaf blight
1017,Corn leaf blight/15095.jpg,Corn leaf blight
1018,Corn leaf blight/7522.jpg,Corn leaf blight
1019,Corn leaf blight/4203.jpg,Corn leaf blight
1020,Corn leaf blight/1952.jpg,Corn leaf blight
1021,Corn leaf blight/19600.jpg,Corn leaf blight
1022,Corn leaf blight/15869.jpg,Corn leaf blight
1023,Corn leaf blight/8704.jpg,Corn leaf blight
1024,Corn leaf blight/12042.jpg,Corn leaf blight
1025,Corn leaf blight/19986.jpg,Corn leaf blight
1026,Corn leaf blight/13196.jpg,Corn leaf blight
1027,Corn leaf blight/5418.jpg,Corn leaf blight
1028,Corn leaf blight/8723.jpg,Corn leaf blight
1029,Corn leaf blight/8433.jpg,Corn leaf blight
1030,Corn leaf blight/9967.jpg,Corn leaf blight
1031,Corn leaf blight/4192.jpg,Corn leaf blight
1032,Corn leaf blight/10926.jpg,Corn leaf blight
1033,Corn leaf blight/5367.jpg,Corn leaf blight
1034,Corn leaf blight/1058.jpg,Corn leaf blight
1035,Corn leaf blight/11989.jpg,Corn leaf blight
1036,Corn leaf blight/19134.jpg,Corn leaf blight
1037,Corn leaf blight/10860.jpg,Corn leaf blight
1038,Corn leaf blight/15202.jpg,Corn leaf blight
1039,Corn leaf blight/11947.jpg,Corn leaf blight
1040,grape leaf black rot/18678.jpg,grape leaf black rot
1041,grape leaf black rot/12009.jpg,grape leaf black rot
1042,grape leaf black rot/9063.jpg,grape leaf black rot
1043,grape leaf black rot/18911.jpg,grape leaf black rot
1044,grape leaf black rot/5619.jpg,grape leaf black rot
1045,grape leaf black rot/7225.jpg,grape leaf black rot
1046,grape leaf black rot/19336.jpg,grape leaf black rot
1047,grape leaf black rot/11367.jpg,grape leaf black rot
1048,grape leaf black rot/19820.jpg,grape leaf black rot
1049,grape leaf black rot/6917.jpg,grape leaf black rot
1050,grape leaf black rot/3094.jpg,grape leaf black rot
1051,grape leaf black rot/16538.jpg,grape leaf black rot
1052,grape leaf black rot/8284.jpg,grape leaf black rot
1053,grape leaf black rot/7338.jpg,grape leaf black rot
1054,grape leaf black rot/14412.jpg,grape leaf black rot
1055,grape leaf black rot/6500.jpg,grape leaf black rot
1056,grape leaf black rot/3320.jpg,grape leaf black rot
1057,grape leaf black rot/16713.jpg,grape leaf black rot
1058,grape leaf black rot/14815.jpg,grape leaf black rot
1059,grape leaf black rot/3725.jpg,grape leaf black rot
1060,grape leaf black rot/1563.jpg,grape leaf black rot
1061,grape leaf black rot/9005.jpg,grape leaf black rot
1062,grape leaf black rot/19553.jpg,grape leaf black rot
1063,grape leaf black rot/7590.jpg,grape leaf black rot
1064,grape leaf black rot/3048.jpg,grape leaf black rot
1065,grape leaf black rot/11266.jpg,grape leaf black rot
1066,grape leaf black rot/4565.jpg,grape leaf black rot
1067,grape leaf black rot/19030.jpg,grape leaf black rot
1068,grape leaf black rot/9370.jpg,grape leaf black rot
1069,grape leaf black rot/17576.jpg,grape leaf black rot
1070,grape leaf black rot/10920.jpg,grape leaf black rot
1071,grape leaf black rot/2290.jpg,grape leaf black rot
1072,grape leaf black rot/10245.jpg,grape leaf black rot
1073,grape leaf black rot/3301.jpg,grape leaf black rot
1074,grape leaf black rot/9846.jpg,grape leaf black rot
1075,grape leaf black rot/7391.jpg,grape leaf black rot
1076,grape leaf black rot/13649.jpg,grape leaf black rot
1077,grape leaf black rot/6724.jpg,grape leaf black rot
1078,grape leaf black rot/8222.jpg,grape leaf black rot
1079,grape leaf black rot/10496.jpg,grape leaf black rot
