,filepath,class
0,Amanita excelsa Gonn. & Rabenh./2816361340-208034.JPG,Amanita excelsa Gonn. & Rabenh.
1,Amanita excelsa Gonn. & Rabenh./2238470283-18312.JPG,Amanita excelsa Gonn. & Rabenh.
2,Amanita excelsa Gonn. & Rabenh./2238474312-316644.JPG,Amanita excelsa Gonn. & Rabenh.
3,Amanita excelsa Gonn. & Rabenh./2424124625-194368.JPG,Amanita excelsa Gonn. & Rabenh.
4,Amanita excelsa Gonn. & Rabenh./2804915316-281892.JPG,Amanita excelsa Gonn. & Rabenh.
5,Amanita excelsa Gonn. & Rabenh./2425495041-269058.JPG,Amanita excelsa Gonn. & Rabenh.
6,Amanita excelsa Gonn. & Rabenh./2816367344-133750.JPG,Amanita excelsa Gonn. & Rabenh.
7,Amanita excelsa Gonn. & Rabenh./2821593350-208763.JPG,Amanita excelsa Gonn. & Rabenh.
8,Amanita excelsa Gonn. & Rabenh./2868481400-213580.JPG,Amanita excelsa Gonn. & Rabenh.
9,Amanita excelsa Gonn. & Rabenh./2273187658-40747.JPG,Amanita excelsa Gonn. & Rabenh.
10,Amanita excelsa Gonn. & Rabenh./2238162441-230755.JPG,Amanita excelsa Gonn. & Rabenh.
11,Amanita excelsa Gonn. & Rabenh./2238495198-22056.JPG,Amanita excelsa Gonn. & Rabenh.
12,Amanita excelsa Gonn. & Rabenh./2238213579-84774.JPG,Amanita excelsa Gonn. & Rabenh.
13,Amanita excelsa Gonn. & Rabenh./2238494000-170045.JPG,Amanita excelsa Gonn. & Rabenh.
14,Amanita excelsa Gonn. & Rabenh./2382323446-265378.JPG,Amanita excelsa Gonn. & Rabenh.
15,Amanita excelsa Gonn. & Rabenh./2874310405-214698.JPG,Amanita excelsa Gonn. & Rabenh.
16,Amanita excelsa Gonn. & Rabenh./2874308336-289274.JPG,Amanita excelsa Gonn. & Rabenh.
17,Amanita excelsa Gonn. & Rabenh./2864906408-64013.JPG,Amanita excelsa Gonn. & Rabenh.
18,Amanita excelsa Gonn. & Rabenh./2238145653-7490.JPG,Amanita excelsa Gonn. & Rabenh.
19,Amanita excelsa Gonn. & Rabenh./2273187565-189107.JPG,Amanita excelsa Gonn. & Rabenh.
20,Amanita excelsa Gonn. & Rabenh./2640669315-207266.JPG,Amanita excelsa Gonn. & Rabenh.
21,Amanita excelsa Gonn. & Rabenh./2804918330-207613.JPG,Amanita excelsa Gonn. & Rabenh.
22,Amanita excelsa Gonn. & Rabenh./2238495198-22053.JPG,Amanita excelsa Gonn. & Rabenh.
23,Amanita excelsa Gonn. & Rabenh./2273838115-189267.JPG,Amanita excelsa Gonn. & Rabenh.
24,Amanita excelsa Gonn. & Rabenh./2238497996-244671.JPG,Amanita excelsa Gonn. & Rabenh.
25,Amanita excelsa Gonn. & Rabenh./2238152567-305546.JPG,Amanita excelsa Gonn. & Rabenh.
26,Amanita excelsa Gonn. & Rabenh./2238502404-97234.JPG,Amanita excelsa Gonn. & Rabenh.
27,Amanita excelsa Gonn. & Rabenh./2864907326-287051.JPG,Amanita excelsa Gonn. & Rabenh.
28,Amanita excelsa Gonn. & Rabenh./2265771731-262880.JPG,Amanita excelsa Gonn. & Rabenh.
29,Amanita excelsa Gonn. & Rabenh./2238148074-81965.JPG,Amanita excelsa Gonn. & Rabenh.
30,Amanita excelsa Gonn. & Rabenh./2874310405-214697.JPG,Amanita excelsa Gonn. & Rabenh.
31,Amanita excelsa Gonn. & Rabenh./2238556685-181295.JPG,Amanita excelsa Gonn. & Rabenh.
32,Amanita excelsa Gonn. & Rabenh./2238211270-158719.JPG,Amanita excelsa Gonn. & Rabenh.
33,Amanita excelsa Gonn. & Rabenh./2424124625-194367.JPG,Amanita excelsa Gonn. & Rabenh.
34,Amanita excelsa Gonn. & Rabenh./2868481442-363327.JPG,Amanita excelsa Gonn. & Rabenh.
35,Amanita excelsa Gonn. & Rabenh./2812995332-357242.JPG,Amanita excelsa Gonn. & Rabenh.
36,Amanita excelsa Gonn. & Rabenh./2425495632-344408.JPG,Amanita excelsa Gonn. & Rabenh.
37,Amanita excelsa Gonn. & Rabenh./2238191528-9614.JPG,Amanita excelsa Gonn. & Rabenh.
38,Amanita excelsa Gonn. & Rabenh./2238559160-181877.JPG,Amanita excelsa Gonn. & Rabenh.
39,Amanita excelsa Gonn. & Rabenh./2238557288-32949.JPG,Amanita excelsa Gonn. & Rabenh.
40,Agaricus impudicus (Rea) Pilát/2238359494-87452.JPG,Agaricus impudicus (Rea) Pilát
41,Agaricus impudicus (Rea) Pilát/2238091808-6032.JPG,Agaricus impudicus (Rea) Pilát
42,Agaricus impudicus (Rea) Pilát/2238501020-171194.JPG,Agaricus impudicus (Rea) Pilát
43,Agaricus impudicus (Rea) Pilát/2430666833-48428.JPG,Agaricus impudicus (Rea) Pilát
44,Agaricus impudicus (Rea) Pilát/2430667610-197133.JPG,Agaricus impudicus (Rea) Pilát
45,Agaricus impudicus (Rea) Pilát/2238119741-228564.JPG,Agaricus impudicus (Rea) Pilát
46,Agaricus impudicus (Rea) Pilát/2425493270-194725.JPG,Agaricus impudicus (Rea) Pilát
47,Agaricus impudicus (Rea) Pilát/2238484085-168617.JPG,Agaricus impudicus (Rea) Pilát
48,Agaricus impudicus (Rea) Pilát/2424122050-193906.JPG,Agaricus impudicus (Rea) Pilát
49,Agaricus impudicus (Rea) Pilát/2238452253-17196.JPG,Agaricus impudicus (Rea) Pilát
50,Agaricus impudicus (Rea) Pilát/2874310482-364432.JPG,Agaricus impudicus (Rea) Pilát
51,Agaricus impudicus (Rea) Pilát/2238346937-310209.JPG,Agaricus impudicus (Rea) Pilát
52,Agaricus impudicus (Rea) Pilát/2994395359-148174.JPG,Agaricus impudicus (Rea) Pilát
53,Agaricus impudicus (Rea) Pilát/2986401320-221219.JPG,Agaricus impudicus (Rea) Pilát
54,Agaricus impudicus (Rea) Pilát/2238585650-187269.JPG,Agaricus impudicus (Rea) Pilát
55,Agaricus impudicus (Rea) Pilát/2238419535-163936.JPG,Agaricus impudicus (Rea) Pilát
56,Agaricus impudicus (Rea) Pilát/2446760125-197954.JPG,Agaricus impudicus (Rea) Pilát
57,Agaricus impudicus (Rea) Pilát/2898625346-291579.JPG,Agaricus impudicus (Rea) Pilát
58,Agaricus impudicus (Rea) Pilát/2898624308-68560.JPG,Agaricus impudicus (Rea) Pilát
59,Agaricus impudicus (Rea) Pilát/2874318460-215191.JPG,Agaricus impudicus (Rea) Pilát
60,Agaricus impudicus (Rea) Pilát/2238501941-245335.JPG,Agaricus impudicus (Rea) Pilát
61,Agaricus impudicus (Rea) Pilát/2424122629-119924.JPG,Agaricus impudicus (Rea) Pilát
62,Agaricus impudicus (Rea) Pilát/2238469724-92457.JPG,Agaricus impudicus (Rea) Pilát
63,Agaricus impudicus (Rea) Pilát/2238575915-185104.JPG,Agaricus impudicus (Rea) Pilát
64,Agaricus impudicus (Rea) Pilát/2898625425-216863.JPG,Agaricus impudicus (Rea) Pilát
65,Agaricus impudicus (Rea) Pilát/2984623363-72707.JPG,Agaricus impudicus (Rea) Pilát
66,Agaricus impudicus (Rea) Pilát/2238173748-8740.JPG,Agaricus impudicus (Rea) Pilát
67,Agaricus impudicus (Rea) Pilát/2238478883-19431.JPG,Agaricus impudicus (Rea) Pilát
68,Agaricus impudicus (Rea) Pilát/2238342829-86564.JPG,Agaricus impudicus (Rea) Pilát
69,Agaricus impudicus (Rea) Pilát/2238173748-8738.JPG,Agaricus impudicus (Rea) Pilát
70,Agaricus impudicus (Rea) Pilát/2238184009-83431.JPG,Agaricus impudicus (Rea) Pilát
71,Agaricus impudicus (Rea) Pilát/2238560670-182198.JPG,Agaricus impudicus (Rea) Pilát
72,Agaricus impudicus (Rea) Pilát/2542589786-275619.JPG,Agaricus impudicus (Rea) Pilát
73,Agaricus impudicus (Rea) Pilát/2994395359-148177.JPG,Agaricus impudicus (Rea) Pilát
74,Agaricus impudicus (Rea) Pilát/2238523897-324213.JPG,Agaricus impudicus (Rea) Pilát
75,Agaricus impudicus (Rea) Pilát/2238089716-228372.JPG,Agaricus impudicus (Rea) Pilát
76,Agaricus impudicus (Rea) Pilát/2238522489-100409.JPG,Agaricus impudicus (Rea) Pilát
77,Agaricus impudicus (Rea) Pilát/2238519124-99941.JPG,Agaricus impudicus (Rea) Pilát
78,Agaricus impudicus (Rea) Pilát/2883268386-290826.JPG,Agaricus impudicus (Rea) Pilát
79,Agaricus impudicus (Rea) Pilát/2981239441-295076.JPG,Agaricus impudicus (Rea) Pilát
80,Mycena galericulata (Scop.) Gray/2424121833-45343.JPG,Mycena galericulata (Scop.) Gray
81,Mycena galericulata (Scop.) Gray/2238556934-107151.JPG,Mycena galericulata (Scop.) Gray
82,Mycena galericulata (Scop.) Gray/2883268430-216121.JPG,Mycena galericulata (Scop.) Gray
83,Mycena galericulata (Scop.) Gray/2238310479-85891.JPG,Mycena galericulata (Scop.) Gray
84,Mycena galericulata (Scop.) Gray/2874305354-140028.JPG,Mycena galericulata (Scop.) Gray
85,Mycena galericulata (Scop.) Gray/2237968648-5108.JPG,Mycena galericulata (Scop.) Gray
86,Mycena galericulata (Scop.) Gray/2427875463-47647.JPG,Mycena galericulata (Scop.) Gray
87,Mycena galericulata (Scop.) Gray/2238537315-177726.JPG,Mycena galericulata (Scop.) Gray
88,Mycena galericulata (Scop.) Gray/2856917324-135758.JPG,Mycena galericulata (Scop.) Gray
89,Mycena galericulata (Scop.) Gray/2864897391-286613.JPG,Mycena galericulata (Scop.) Gray
90,Mycena galericulata (Scop.) Gray/2898622379-142370.JPG,Mycena galericulata (Scop.) Gray
91,Mycena galericulata (Scop.) Gray/2238472786-241119.JPG,Mycena galericulata (Scop.) Gray
92,Mycena galericulata (Scop.) Gray/2238519991-248179.JPG,Mycena galericulata (Scop.) Gray
93,Mycena galericulata (Scop.) Gray/2238565267-332411.JPG,Mycena galericulata (Scop.) Gray
94,Mycena galericulata (Scop.) Gray/2238566678-34863.JPG,Mycena galericulata (Scop.) Gray
95,Mycena galericulata (Scop.) Gray/2238479183-19489.JPG,Mycena galericulata (Scop.) Gray
96,Mycena galericulata (Scop.) Gray/2237957168-4389.JPG,Mycena galericulata (Scop.) Gray
97,Mycena galericulata (Scop.) Gray/2901950386-293566.JPG,Mycena galericulata (Scop.) Gray
98,Mycena galericulata (Scop.) Gray/2856923322-359749.JPG,Mycena galericulata (Scop.) Gray
99,Mycena galericulata (Scop.) Gray/2237941943-3776.JPG,Mycena galericulata (Scop.) Gray
100,Mycena galericulata (Scop.) Gray/2981234405-219865.JPG,Mycena galericulata (Scop.) Gray
101,Mycena galericulata (Scop.) Gray/2238530056-249993.JPG,Mycena galericulata (Scop.) Gray
102,Mycena galericulata (Scop.) Gray/2238516794-99593.JPG,Mycena galericulata (Scop.) Gray
103,Mycena galericulata (Scop.) Gray/2864912394-138293.JPG,Mycena galericulata (Scop.) Gray
104,Mycena galericulata (Scop.) Gray/2238575720-185059.JPG,Mycena galericulata (Scop.) Gray
105,Mycena galericulata (Scop.) Gray/2238447596-239493.JPG,Mycena galericulata (Scop.) Gray
106,Mycena galericulata (Scop.) Gray/2238446349-91153.JPG,Mycena galericulata (Scop.) Gray
107,Mycena galericulata (Scop.) Gray/2864898313-63612.JPG,Mycena galericulata (Scop.) Gray
108,Mycena galericulata (Scop.) Gray/2446760169-123891.JPG,Mycena galericulata (Scop.) Gray
109,Mycena galericulata (Scop.) Gray/2238157769-82412.JPG,Mycena galericulata (Scop.) Gray
110,Mycena galericulata (Scop.) Gray/2868472471-287726.JPG,Mycena galericulata (Scop.) Gray
111,Mycena galericulata (Scop.) Gray/2238573792-333932.JPG,Mycena galericulata (Scop.) Gray
112,Mycena galericulata (Scop.) Gray/2430665845-196699.JPG,Mycena galericulata (Scop.) Gray
113,Mycena galericulata (Scop.) Gray/2425494255-194888.JPG,Mycena galericulata (Scop.) Gray
114,Mycena galericulata (Scop.) Gray/2864912425-212629.JPG,Mycena galericulata (Scop.) Gray
115,Mycena galericulata (Scop.) Gray/2446760184-123899.JPG,Mycena galericulata (Scop.) Gray
116,Mycena galericulata (Scop.) Gray/2964217385-219268.JPG,Mycena galericulata (Scop.) Gray
117,Mycena galericulata (Scop.) Gray/2238573406-258411.JPG,Mycena galericulata (Scop.) Gray
118,Mycena galericulata (Scop.) Gray/2237930464-77885.JPG,Mycena galericulata (Scop.) Gray
119,Mycena galericulata (Scop.) Gray/2424123914-120170.JPG,Mycena galericulata (Scop.) Gray
120,Mycena epipterygia (Scop.) Gray/2238521884-100344.JPG,Mycena epipterygia (Scop.) Gray
121,Mycena epipterygia (Scop.) Gray/2238271597-309008.JPG,Mycena epipterygia (Scop.) Gray
122,Mycena epipterygia (Scop.) Gray/2238521596-248413.JPG,Mycena epipterygia (Scop.) Gray
123,Mycena epipterygia (Scop.) Gray/2430664731-270415.JPG,Mycena epipterygia (Scop.) Gray
124,Mycena epipterygia (Scop.) Gray/2452380316-273163.JPG,Mycena epipterygia (Scop.) Gray
125,Mycena epipterygia (Scop.) Gray/2424122656-268067.JPG,Mycena epipterygia (Scop.) Gray
126,Mycena epipterygia (Scop.) Gray/2238449983-17112.JPG,Mycena epipterygia (Scop.) Gray
127,Mycena epipterygia (Scop.) Gray/2521519469-126879.JPG,Mycena epipterygia (Scop.) Gray
128,Mycena epipterygia (Scop.) Gray/2238526275-175307.JPG,Mycena epipterygia (Scop.) Gray
129,Mycena epipterygia (Scop.) Gray/2238568941-257592.JPG,Mycena epipterygia (Scop.) Gray
130,Mycena epipterygia (Scop.) Gray/2421823623-45157.JPG,Mycena epipterygia (Scop.) Gray
131,Mycena epipterygia (Scop.) Gray/2238578829-111760.JPG,Mycena epipterygia (Scop.) Gray
132,Mycena epipterygia (Scop.) Gray/2238528295-175687.JPG,Mycena epipterygia (Scop.) Gray
133,Mycena epipterygia (Scop.) Gray/2868476305-213248.JPG,Mycena epipterygia (Scop.) Gray
134,Mycena epipterygia (Scop.) Gray/2421822834-119406.JPG,Mycena epipterygia (Scop.) Gray
135,Mycena epipterygia (Scop.) Gray/2238476929-93301.JPG,Mycena epipterygia (Scop.) Gray
136,Mycena epipterygia (Scop.) Gray/2238523524-100596.JPG,Mycena epipterygia (Scop.) Gray
137,Mycena epipterygia (Scop.) Gray/2238528042-324970.JPG,Mycena epipterygia (Scop.) Gray
138,Mycena epipterygia (Scop.) Gray/2430664792-345740.JPG,Mycena epipterygia (Scop.) Gray
139,Mycena epipterygia (Scop.) Gray/2417205941-266627.JPG,Mycena epipterygia (Scop.) Gray
140,Mycena epipterygia (Scop.) Gray/2901945457-368225.JPG,Mycena epipterygia (Scop.) Gray
141,Mycena epipterygia (Scop.) Gray/2238572761-258261.JPG,Mycena epipterygia (Scop.) Gray
142,Mycena epipterygia (Scop.) Gray/2238523055-174712.JPG,Mycena epipterygia (Scop.) Gray
143,Mycena epipterygia (Scop.) Gray/2237938673-3687.JPG,Mycena epipterygia (Scop.) Gray
144,Mycena epipterygia (Scop.) Gray/2521519680-201136.JPG,Mycena epipterygia (Scop.) Gray
145,Mycena epipterygia (Scop.) Gray/2874300434-139756.JPG,Mycena epipterygia (Scop.) Gray
146,Mycena epipterygia (Scop.) Gray/2238526854-101197.JPG,Mycena epipterygia (Scop.) Gray
147,Mycena epipterygia (Scop.) Gray/2238534727-326514.JPG,Mycena epipterygia (Scop.) Gray
148,Mycena epipterygia (Scop.) Gray/2417207625-192901.JPG,Mycena epipterygia (Scop.) Gray
149,Mycena epipterygia (Scop.) Gray/2238516586-247704.JPG,Mycena epipterygia (Scop.) Gray
150,Mycena epipterygia (Scop.) Gray/2238434218-16219.JPG,Mycena epipterygia (Scop.) Gray
151,Mycena epipterygia (Scop.) Gray/2238523951-248776.JPG,Mycena epipterygia (Scop.) Gray
152,Mycena epipterygia (Scop.) Gray/2238476929-93302.JPG,Mycena epipterygia (Scop.) Gray
153,Mycena epipterygia (Scop.) Gray/2238525815-175246.JPG,Mycena epipterygia (Scop.) Gray
154,Mycena epipterygia (Scop.) Gray/2430664007-345523.JPG,Mycena epipterygia (Scop.) Gray
155,Mycena epipterygia (Scop.) Gray/2238385100-162636.JPG,Mycena epipterygia (Scop.) Gray
156,Mycena epipterygia (Scop.) Gray/2238478242-317044.JPG,Mycena epipterygia (Scop.) Gray
157,Mycena epipterygia (Scop.) Gray/2421824229-119639.JPG,Mycena epipterygia (Scop.) Gray
158,Mycena epipterygia (Scop.) Gray/2238514898-25327.JPG,Mycena epipterygia (Scop.) Gray
159,Mycena epipterygia (Scop.) Gray/2449442783-49987.JPG,Mycena epipterygia (Scop.) Gray
160,Mycena crocata (Schrad.) P.Kumm./2883263461-290536.JPG,Mycena crocata (Schrad.) P.Kumm.
161,Mycena crocata (Schrad.) P.Kumm./2964212369-144752.JPG,Mycena crocata (Schrad.) P.Kumm.
162,Mycena crocata (Schrad.) P.Kumm./2238528433-27507.JPG,Mycena crocata (Schrad.) P.Kumm.
163,Mycena crocata (Schrad.) P.Kumm./2238529643-27785.JPG,Mycena crocata (Schrad.) P.Kumm.
164,Mycena crocata (Schrad.) P.Kumm./2238478337-317052.JPG,Mycena crocata (Schrad.) P.Kumm.
165,Mycena crocata (Schrad.) P.Kumm./2238515564-99414.JPG,Mycena crocata (Schrad.) P.Kumm.
166,Mycena crocata (Schrad.) P.Kumm./2421824328-45274.JPG,Mycena crocata (Schrad.) P.Kumm.
167,Mycena crocata (Schrad.) P.Kumm./2883270459-141939.JPG,Mycena crocata (Schrad.) P.Kumm.
168,Mycena crocata (Schrad.) P.Kumm./2238344531-234926.JPG,Mycena crocata (Schrad.) P.Kumm.
169,Mycena crocata (Schrad.) P.Kumm./2883265344-141556.JPG,Mycena crocata (Schrad.) P.Kumm.
170,Mycena crocata (Schrad.) P.Kumm./2862684475-211106.JPG,Mycena crocata (Schrad.) P.Kumm.
171,Mycena crocata (Schrad.) P.Kumm./2425492338-46085.JPG,Mycena crocata (Schrad.) P.Kumm.
172,Mycena crocata (Schrad.) P.Kumm./2901941531-292835.JPG,Mycena crocata (Schrad.) P.Kumm.
173,Mycena crocata (Schrad.) P.Kumm./2883272333-68113.JPG,Mycena crocata (Schrad.) P.Kumm.
174,Mycena crocata (Schrad.) P.Kumm./2238427114-90122.JPG,Mycena crocata (Schrad.) P.Kumm.
175,Mycena crocata (Schrad.) P.Kumm./2964212315-219046.JPG,Mycena crocata (Schrad.) P.Kumm.
176,Mycena crocata (Schrad.) P.Kumm./2864909348-64158.JPG,Mycena crocata (Schrad.) P.Kumm.
177,Mycena crocata (Schrad.) P.Kumm./2238574528-36325.JPG,Mycena crocata (Schrad.) P.Kumm.
178,Mycena crocata (Schrad.) P.Kumm./2238555651-254936.JPG,Mycena crocata (Schrad.) P.Kumm.
179,Mycena crocata (Schrad.) P.Kumm./2238383069-88402.JPG,Mycena crocata (Schrad.) P.Kumm.
180,Mycena crocata (Schrad.) P.Kumm./2238162187-305964.JPG,Mycena crocata (Schrad.) P.Kumm.
181,Mycena crocata (Schrad.) P.Kumm./2238569248-35277.JPG,Mycena crocata (Schrad.) P.Kumm.
182,Mycena crocata (Schrad.) P.Kumm./2238558817-331145.JPG,Mycena crocata (Schrad.) P.Kumm.
183,Mycena crocata (Schrad.) P.Kumm./2424124573-45891.JPG,Mycena crocata (Schrad.) P.Kumm.
184,Mycena crocata (Schrad.) P.Kumm./2238509529-98465.JPG,Mycena crocata (Schrad.) P.Kumm.
185,Mycena crocata (Schrad.) P.Kumm./2238472637-316429.JPG,Mycena crocata (Schrad.) P.Kumm.
186,Mycena crocata (Schrad.) P.Kumm./2874308433-66337.JPG,Mycena crocata (Schrad.) P.Kumm.
187,Mycena crocata (Schrad.) P.Kumm./2964217326-294212.JPG,Mycena crocata (Schrad.) P.Kumm.
188,Mycena crocata (Schrad.) P.Kumm./2238581105-186298.JPG,Mycena crocata (Schrad.) P.Kumm.
189,Mycena crocata (Schrad.) P.Kumm./2981243374-145917.JPG,Mycena crocata (Schrad.) P.Kumm.
190,Mycena crocata (Schrad.) P.Kumm./2238476831-241565.JPG,Mycena crocata (Schrad.) P.Kumm.
191,Mycena crocata (Schrad.) P.Kumm./2868469497-362585.JPG,Mycena crocata (Schrad.) P.Kumm.
192,Mycena crocata (Schrad.) P.Kumm./2238573074-110371.JPG,Mycena crocata (Schrad.) P.Kumm.
193,Mycena crocata (Schrad.) P.Kumm./2238562317-331837.JPG,Mycena crocata (Schrad.) P.Kumm.
194,Mycena crocata (Schrad.) P.Kumm./2238355024-87216.JPG,Mycena crocata (Schrad.) P.Kumm.
195,Mycena crocata (Schrad.) P.Kumm./2238573074-110373.JPG,Mycena crocata (Schrad.) P.Kumm.
196,Mycena crocata (Schrad.) P.Kumm./2883254492-364968.JPG,Mycena crocata (Schrad.) P.Kumm.
197,Mycena crocata (Schrad.) P.Kumm./2424125097-343666.JPG,Mycena crocata (Schrad.) P.Kumm.
198,Mycena crocata (Schrad.) P.Kumm./2238524164-100713.JPG,Mycena crocata (Schrad.) P.Kumm.
199,Mycena crocata (Schrad.) P.Kumm./2383043247-341081.JPG,Mycena crocata (Schrad.) P.Kumm.
200,Clitocybe fragrans Sowerby/2238523029-100497.JPG,Clitocybe fragrans Sowerby
201,Clitocybe fragrans Sowerby/2238583272-336107.JPG,Clitocybe fragrans Sowerby
202,Clitocybe fragrans Sowerby/2238580707-335567.JPG,Clitocybe fragrans Sowerby
203,Clitocybe fragrans Sowerby/2237852204-74704.JPG,Clitocybe fragrans Sowerby
204,Clitocybe fragrans Sowerby/2238579506-259910.JPG,Clitocybe fragrans Sowerby
205,Clitocybe fragrans Sowerby/2521519515-201096.JPG,Clitocybe fragrans Sowerby
206,Clitocybe fragrans Sowerby/2984633396-296198.JPG,Clitocybe fragrans Sowerby
207,Clitocybe fragrans Sowerby/2238141045-155348.JPG,Clitocybe fragrans Sowerby
208,Clitocybe fragrans Sowerby/2238583485-186804.JPG,Clitocybe fragrans Sowerby
209,Clitocybe fragrans Sowerby/2269197319-114924.JPG,Clitocybe fragrans Sowerby
210,Clitocybe fragrans Sowerby/2238444779-91034.JPG,Clitocybe fragrans Sowerby
211,Clitocybe fragrans Sowerby/2238144406-229728.JPG,Clitocybe fragrans Sowerby
212,Clitocybe fragrans Sowerby/2994395342-372507.JPG,Clitocybe fragrans Sowerby
213,Clitocybe fragrans Sowerby/2238457916-239876.JPG,Clitocybe fragrans Sowerby
214,Clitocybe fragrans Sowerby/2238134617-304387.JPG,Clitocybe fragrans Sowerby
215,Clitocybe fragrans Sowerby/2984624359-146488.JPG,Clitocybe fragrans Sowerby
216,Clitocybe fragrans Sowerby/2238577659-111515.JPG,Clitocybe fragrans Sowerby
217,Clitocybe fragrans Sowerby/2964216438-71081.JPG,Clitocybe fragrans Sowerby
218,Clitocybe fragrans Sowerby/2238587486-261624.JPG,Clitocybe fragrans Sowerby
219,Clitocybe fragrans Sowerby/2549107230-202278.JPG,Clitocybe fragrans Sowerby
220,Clitocybe fragrans Sowerby/2238331554-86166.JPG,Clitocybe fragrans Sowerby
221,Clitocybe fragrans Sowerby/2238580747-335579.JPG,Clitocybe fragrans Sowerby
222,Clitocybe fragrans Sowerby/2898621323-68419.JPG,Clitocybe fragrans Sowerby
223,Clitocybe fragrans Sowerby/2238573222-333775.JPG,Clitocybe fragrans Sowerby
224,Clitocybe fragrans Sowerby/2238462081-240056.JPG,Clitocybe fragrans Sowerby
225,Clitocybe fragrans Sowerby/2981232426-294768.JPG,Clitocybe fragrans Sowerby
226,Clitocybe fragrans Sowerby/2238369260-161949.JPG,Clitocybe fragrans Sowerby
227,Clitocybe fragrans Sowerby/2238577093-36937.JPG,Clitocybe fragrans Sowerby
228,Clitocybe fragrans Sowerby/2898625367-366645.JPG,Clitocybe fragrans Sowerby
229,Clitocybe fragrans Sowerby/2238581247-335704.JPG,Clitocybe fragrans Sowerby
230,Clitocybe fragrans Sowerby/2238526327-324671.JPG,Clitocybe fragrans Sowerby
231,Clitocybe fragrans Sowerby/2452381072-348667.JPG,Clitocybe fragrans Sowerby
232,Clitocybe fragrans Sowerby/2238580315-186127.JPG,Clitocybe fragrans Sowerby
233,Clitocybe fragrans Sowerby/2244193906-262312.JPG,Clitocybe fragrans Sowerby
234,Clitocybe fragrans Sowerby/2238580546-260186.JPG,Clitocybe fragrans Sowerby
235,Clitocybe fragrans Sowerby/2575120633-55508.JPG,Clitocybe fragrans Sowerby
236,Clitocybe fragrans Sowerby/2238526328-27122.JPG,Clitocybe fragrans Sowerby
237,Clitocybe fragrans Sowerby/2238490530-169584.JPG,Clitocybe fragrans Sowerby
238,Clitocybe fragrans Sowerby/2898632394-142781.JPG,Clitocybe fragrans Sowerby
239,Clitocybe fragrans Sowerby/2238574575-184764.JPG,Clitocybe fragrans Sowerby
240,Amanita phalloides (Vaill. ex Fr.) Link/2856929311-284937.JPG,Amanita phalloides (Vaill. ex Fr.) Link
241,Amanita phalloides (Vaill. ex Fr.) Link/2383043166-265899.JPG,Amanita phalloides (Vaill. ex Fr.) Link
242,Amanita phalloides (Vaill. ex Fr.) Link/2430667391-271065.JPG,Amanita phalloides (Vaill. ex Fr.) Link
243,Amanita phalloides (Vaill. ex Fr.) Link/2351006208-42217.JPG,Amanita phalloides (Vaill. ex Fr.) Link
244,Amanita phalloides (Vaill. ex Fr.) Link/2901933478-69241.JPG,Amanita phalloides (Vaill. ex Fr.) Link
245,Amanita phalloides (Vaill. ex Fr.) Link/2427872204-121332.JPG,Amanita phalloides (Vaill. ex Fr.) Link
246,Amanita phalloides (Vaill. ex Fr.) Link/2238475199-93146.JPG,Amanita phalloides (Vaill. ex Fr.) Link
247,Amanita phalloides (Vaill. ex Fr.) Link/2868473357-362822.JPG,Amanita phalloides (Vaill. ex Fr.) Link
248,Amanita phalloides (Vaill. ex Fr.) Link/2883266398-67752.JPG,Amanita phalloides (Vaill. ex Fr.) Link
249,Amanita phalloides (Vaill. ex Fr.) Link/2864916363-64483.JPG,Amanita phalloides (Vaill. ex Fr.) Link
250,Amanita phalloides (Vaill. ex Fr.) Link/2383042784-117689.JPG,Amanita phalloides (Vaill. ex Fr.) Link
251,Amanita phalloides (Vaill. ex Fr.) Link/2382324618-42900.JPG,Amanita phalloides (Vaill. ex Fr.) Link
252,Amanita phalloides (Vaill. ex Fr.) Link/2382319305-190993.JPG,Amanita phalloides (Vaill. ex Fr.) Link
253,Amanita phalloides (Vaill. ex Fr.) Link/2238503979-97483.JPG,Amanita phalloides (Vaill. ex Fr.) Link
254,Amanita phalloides (Vaill. ex Fr.) Link/2238559130-181868.JPG,Amanita phalloides (Vaill. ex Fr.) Link
255,Amanita phalloides (Vaill. ex Fr.) Link/2351007325-190765.JPG,Amanita phalloides (Vaill. ex Fr.) Link
256,Amanita phalloides (Vaill. ex Fr.) Link/2864898453-63663.JPG,Amanita phalloides (Vaill. ex Fr.) Link
257,Amanita phalloides (Vaill. ex Fr.) Link/2237856578-1085.JPG,Amanita phalloides (Vaill. ex Fr.) Link
258,Amanita phalloides (Vaill. ex Fr.) Link/2856929311-284936.JPG,Amanita phalloides (Vaill. ex Fr.) Link
259,Amanita phalloides (Vaill. ex Fr.) Link/2868472490-213041.JPG,Amanita phalloides (Vaill. ex Fr.) Link
260,Amanita phalloides (Vaill. ex Fr.) Link/2862694344-137224.JPG,Amanita phalloides (Vaill. ex Fr.) Link
261,Amanita phalloides (Vaill. ex Fr.) Link/2862700440-211799.JPG,Amanita phalloides (Vaill. ex Fr.) Link
262,Amanita phalloides (Vaill. ex Fr.) Link/2238519894-100062.JPG,Amanita phalloides (Vaill. ex Fr.) Link
263,Amanita phalloides (Vaill. ex Fr.) Link/2238467503-17990.JPG,Amanita phalloides (Vaill. ex Fr.) Link
264,Amanita phalloides (Vaill. ex Fr.) Link/2825707302-358743.JPG,Amanita phalloides (Vaill. ex Fr.) Link
265,Amanita phalloides (Vaill. ex Fr.) Link/2238469375-166684.JPG,Amanita phalloides (Vaill. ex Fr.) Link
266,Amanita phalloides (Vaill. ex Fr.) Link/2860303454-136383.JPG,Amanita phalloides (Vaill. ex Fr.) Link
267,Amanita phalloides (Vaill. ex Fr.) Link/2238561363-33824.JPG,Amanita phalloides (Vaill. ex Fr.) Link
268,Amanita phalloides (Vaill. ex Fr.) Link/2238562005-182435.JPG,Amanita phalloides (Vaill. ex Fr.) Link
269,Amanita phalloides (Vaill. ex Fr.) Link/2238555695-181078.JPG,Amanita phalloides (Vaill. ex Fr.) Link
270,Amanita phalloides (Vaill. ex Fr.) Link/2382321326-265281.JPG,Amanita phalloides (Vaill. ex Fr.) Link
271,Amanita phalloides (Vaill. ex Fr.) Link/2238557938-33093.JPG,Amanita phalloides (Vaill. ex Fr.) Link
272,Amanita phalloides (Vaill. ex Fr.) Link/2382319305-190991.JPG,Amanita phalloides (Vaill. ex Fr.) Link
273,Amanita phalloides (Vaill. ex Fr.) Link/2238559130-181869.JPG,Amanita phalloides (Vaill. ex Fr.) Link
274,Amanita phalloides (Vaill. ex Fr.) Link/2238566115-183171.JPG,Amanita phalloides (Vaill. ex Fr.) Link
275,Amanita phalloides (Vaill. ex Fr.) Link/2238505792-321261.JPG,Amanita phalloides (Vaill. ex Fr.) Link
276,Amanita phalloides (Vaill. ex Fr.) Link/2238563541-256589.JPG,Amanita phalloides (Vaill. ex Fr.) Link
277,Amanita phalloides (Vaill. ex Fr.) Link/2332527546-264430.JPG,Amanita phalloides (Vaill. ex Fr.) Link
278,Amanita phalloides (Vaill. ex Fr.) Link/2864902308-63807.JPG,Amanita phalloides (Vaill. ex Fr.) Link
279,Amanita phalloides (Vaill. ex Fr.) Link/2425495705-195163.JPG,Amanita phalloides (Vaill. ex Fr.) Link
280,Xerocomus ferrugineus (Schaeff.) Bon/2238226775-159511.JPG,Xerocomus ferrugineus (Schaeff.) Bon
281,Xerocomus ferrugineus (Schaeff.) Bon/2238559982-331388.JPG,Xerocomus ferrugineus (Schaeff.) Bon
282,Xerocomus ferrugineus (Schaeff.) Bon/2238164126-230814.JPG,Xerocomus ferrugineus (Schaeff.) Bon
283,Xerocomus ferrugineus (Schaeff.) Bon/2821594314-134441.JPG,Xerocomus ferrugineus (Schaeff.) Bon
284,Xerocomus ferrugineus (Schaeff.) Bon/2238379433-13977.JPG,Xerocomus ferrugineus (Schaeff.) Bon
285,Xerocomus ferrugineus (Schaeff.) Bon/2864916305-212754.JPG,Xerocomus ferrugineus (Schaeff.) Bon
286,Xerocomus ferrugineus (Schaeff.) Bon/2237915420-151205.JPG,Xerocomus ferrugineus (Schaeff.) Bon
287,Xerocomus ferrugineus (Schaeff.) Bon/2821588312-358119.JPG,Xerocomus ferrugineus (Schaeff.) Bon
288,Xerocomus ferrugineus (Schaeff.) Bon/2868488437-363717.JPG,Xerocomus ferrugineus (Schaeff.) Bon
289,Xerocomus ferrugineus (Schaeff.) Bon/2238566125-183178.JPG,Xerocomus ferrugineus (Schaeff.) Bon
290,Xerocomus ferrugineus (Schaeff.) Bon/2238220656-233449.JPG,Xerocomus ferrugineus (Schaeff.) Bon
291,Xerocomus ferrugineus (Schaeff.) Bon/2238147785-155851.JPG,Xerocomus ferrugineus (Schaeff.) Bon
292,Xerocomus ferrugineus (Schaeff.) Bon/2238469373-18197.JPG,Xerocomus ferrugineus (Schaeff.) Bon
293,Xerocomus ferrugineus (Schaeff.) Bon/2238526225-175299.JPG,Xerocomus ferrugineus (Schaeff.) Bon
294,Xerocomus ferrugineus (Schaeff.) Bon/2274829602-338813.JPG,Xerocomus ferrugineus (Schaeff.) Bon
295,Xerocomus ferrugineus (Schaeff.) Bon/2986446301-296536.JPG,Xerocomus ferrugineus (Schaeff.) Bon
296,Xerocomus ferrugineus (Schaeff.) Bon/2425492722-343880.JPG,Xerocomus ferrugineus (Schaeff.) Bon
297,Xerocomus ferrugineus (Schaeff.) Bon/2427871678-46769.JPG,Xerocomus ferrugineus (Schaeff.) Bon
298,Xerocomus ferrugineus (Schaeff.) Bon/2238378349-88196.JPG,Xerocomus ferrugineus (Schaeff.) Bon
299,Xerocomus ferrugineus (Schaeff.) Bon/2421822502-342682.JPG,Xerocomus ferrugineus (Schaeff.) Bon
300,Xerocomus ferrugineus (Schaeff.) Bon/2238156422-305681.JPG,Xerocomus ferrugineus (Schaeff.) Bon
301,Xerocomus ferrugineus (Schaeff.) Bon/2424121733-45309.JPG,Xerocomus ferrugineus (Schaeff.) Bon
302,Xerocomus ferrugineus (Schaeff.) Bon/2238150510-156024.JPG,Xerocomus ferrugineus (Schaeff.) Bon
303,Xerocomus ferrugineus (Schaeff.) Bon/2238378349-88197.JPG,Xerocomus ferrugineus (Schaeff.) Bon
304,Xerocomus ferrugineus (Schaeff.) Bon/2864913411-287343.JPG,Xerocomus ferrugineus (Schaeff.) Bon
305,Xerocomus ferrugineus (Schaeff.) Bon/2238121912-303849.JPG,Xerocomus ferrugineus (Schaeff.) Bon
306,Xerocomus ferrugineus (Schaeff.) Bon/2868478451-288095.JPG,Xerocomus ferrugineus (Schaeff.) Bon
307,Xerocomus ferrugineus (Schaeff.) Bon/2238471853-18516.JPG,Xerocomus ferrugineus (Schaeff.) Bon
308,Xerocomus ferrugineus (Schaeff.) Bon/2237906086-225189.JPG,Xerocomus ferrugineus (Schaeff.) Bon
309,Xerocomus ferrugineus (Schaeff.) Bon/2238177654-83123.JPG,Xerocomus ferrugineus (Schaeff.) Bon
310,Xerocomus ferrugineus (Schaeff.) Bon/2986398306-296223.JPG,Xerocomus ferrugineus (Schaeff.) Bon
311,Xerocomus ferrugineus (Schaeff.) Bon/2238121912-303850.JPG,Xerocomus ferrugineus (Schaeff.) Bon
312,Xerocomus ferrugineus (Schaeff.) Bon/2238381266-236517.JPG,Xerocomus ferrugineus (Schaeff.) Bon
313,Xerocomus ferrugineus (Schaeff.) Bon/2868470485-212918.JPG,Xerocomus ferrugineus (Schaeff.) Bon
314,Xerocomus ferrugineus (Schaeff.) Bon/2821589303-60176.JPG,Xerocomus ferrugineus (Schaeff.) Bon
315,Xerocomus ferrugineus (Schaeff.) Bon/2864897353-63569.JPG,Xerocomus ferrugineus (Schaeff.) Bon
316,Xerocomus ferrugineus (Schaeff.) Bon/2901946331-293196.JPG,Xerocomus ferrugineus (Schaeff.) Bon
317,Xerocomus ferrugineus (Schaeff.) Bon/2868488385-213984.JPG,Xerocomus ferrugineus (Schaeff.) Bon
318,Xerocomus ferrugineus (Schaeff.) Bon/2238354722-310639.JPG,Xerocomus ferrugineus (Schaeff.) Bon
319,Xerocomus ferrugineus (Schaeff.) Bon/2238341816-234746.JPG,Xerocomus ferrugineus (Schaeff.) Bon
320,Mycena rosea (Schumach.) Gramberg/2898623442-366562.JPG,Mycena rosea (Schumach.) Gramberg
321,Mycena rosea (Schumach.) Gramberg/2238528353-27484.JPG,Mycena rosea (Schumach.) Gramberg
322,Mycena rosea (Schumach.) Gramberg/2883266495-216020.JPG,Mycena rosea (Schumach.) Gramberg
323,Mycena rosea (Schumach.) Gramberg/2238454548-17299.JPG,Mycena rosea (Schumach.) Gramberg
324,Mycena rosea (Schumach.) Gramberg/2449443116-272696.JPG,Mycena rosea (Schumach.) Gramberg
325,Mycena rosea (Schumach.) Gramberg/2237940375-151893.JPG,Mycena rosea (Schumach.) Gramberg
326,Mycena rosea (Schumach.) Gramberg/2238569931-257772.JPG,Mycena rosea (Schumach.) Gramberg
327,Mycena rosea (Schumach.) Gramberg/2424123406-268197.JPG,Mycena rosea (Schumach.) Gramberg
328,Mycena rosea (Schumach.) Gramberg/2238574202-334045.JPG,Mycena rosea (Schumach.) Gramberg
329,Mycena rosea (Schumach.) Gramberg/2430665529-122567.JPG,Mycena rosea (Schumach.) Gramberg
330,Mycena rosea (Schumach.) Gramberg/2425495558-46623.JPG,Mycena rosea (Schumach.) Gramberg
331,Mycena rosea (Schumach.) Gramberg/2898633483-69027.JPG,Mycena rosea (Schumach.) Gramberg
332,Mycena rosea (Schumach.) Gramberg/2874304510-214362.JPG,Mycena rosea (Schumach.) Gramberg
333,Mycena rosea (Schumach.) Gramberg/2449443750-198848.JPG,Mycena rosea (Schumach.) Gramberg
334,Mycena rosea (Schumach.) Gramberg/2421822371-267491.JPG,Mycena rosea (Schumach.) Gramberg
335,Mycena rosea (Schumach.) Gramberg/2421824228-45256.JPG,Mycena rosea (Schumach.) Gramberg
336,Mycena rosea (Schumach.) Gramberg/2424124344-120228.JPG,Mycena rosea (Schumach.) Gramberg
337,Mycena rosea (Schumach.) Gramberg/2424122645-194020.JPG,Mycena rosea (Schumach.) Gramberg
338,Mycena rosea (Schumach.) Gramberg/2238449731-239578.JPG,Mycena rosea (Schumach.) Gramberg
339,Mycena rosea (Schumach.) Gramberg/2238196039-84003.JPG,Mycena rosea (Schumach.) Gramberg
340,Mycena rosea (Schumach.) Gramberg/2449442175-198431.JPG,Mycena rosea (Schumach.) Gramberg
341,Mycena rosea (Schumach.) Gramberg/2981231360-219721.JPG,Mycena rosea (Schumach.) Gramberg
342,Mycena rosea (Schumach.) Gramberg/2452381005-199396.JPG,Mycena rosea (Schumach.) Gramberg
343,Mycena rosea (Schumach.) Gramberg/2901951432-368664.JPG,Mycena rosea (Schumach.) Gramberg
344,Mycena rosea (Schumach.) Gramberg/2864899370-212031.JPG,Mycena rosea (Schumach.) Gramberg
345,Mycena rosea (Schumach.) Gramberg/2898635436-292076.JPG,Mycena rosea (Schumach.) Gramberg
346,Mycena rosea (Schumach.) Gramberg/2446758407-346758.JPG,Mycena rosea (Schumach.) Gramberg
347,Mycena rosea (Schumach.) Gramberg/2862699445-211756.JPG,Mycena rosea (Schumach.) Gramberg
348,Mycena rosea (Schumach.) Gramberg/2446760968-49564.JPG,Mycena rosea (Schumach.) Gramberg
349,Mycena rosea (Schumach.) Gramberg/2238351909-87051.JPG,Mycena rosea (Schumach.) Gramberg
350,Mycena rosea (Schumach.) Gramberg/2421822444-119345.JPG,Mycena rosea (Schumach.) Gramberg
351,Mycena rosea (Schumach.) Gramberg/2981245436-295349.JPG,Mycena rosea (Schumach.) Gramberg
352,Mycena rosea (Schumach.) Gramberg/2238358309-87390.JPG,Mycena rosea (Schumach.) Gramberg
353,Mycena rosea (Schumach.) Gramberg/2898630382-366897.JPG,Mycena rosea (Schumach.) Gramberg
354,Mycena rosea (Schumach.) Gramberg/2874301329-139787.JPG,Mycena rosea (Schumach.) Gramberg
355,Mycena rosea (Schumach.) Gramberg/2238146541-229900.JPG,Mycena rosea (Schumach.) Gramberg
356,Mycena rosea (Schumach.) Gramberg/2238573128-35947.JPG,Mycena rosea (Schumach.) Gramberg
357,Mycena rosea (Schumach.) Gramberg/2238514068-25200.JPG,Mycena rosea (Schumach.) Gramberg
358,Mycena rosea (Schumach.) Gramberg/2430667187-346356.JPG,Mycena rosea (Schumach.) Gramberg
359,Mycena rosea (Schumach.) Gramberg/2238481530-168200.JPG,Mycena rosea (Schumach.) Gramberg
360,Agaricus xanthodermus Genev./2238501602-320646.JPG,Agaricus xanthodermus Genev.
361,Agaricus xanthodermus Genev./2238358798-13173.JPG,Agaricus xanthodermus Genev.
362,Agaricus xanthodermus Genev./2238178181-231235.JPG,Agaricus xanthodermus Genev.
363,Agaricus xanthodermus Genev./2818066308-59800.JPG,Agaricus xanthodermus Genev.
364,Agaricus xanthodermus Genev./2421823912-342928.JPG,Agaricus xanthodermus Genev.
365,Agaricus xanthodermus Genev./2898634436-292035.JPG,Agaricus xanthodermus Genev.
366,Agaricus xanthodermus Genev./2862685345-211119.JPG,Agaricus xanthodermus Genev.
367,Agaricus xanthodermus Genev./2382321399-117158.JPG,Agaricus xanthodermus Genev.
368,Agaricus xanthodermus Genev./2238574871-258851.JPG,Agaricus xanthodermus Genev.
369,Agaricus xanthodermus Genev./2238472093-18567.JPG,Agaricus xanthodermus Genev.
370,Agaricus xanthodermus Genev./2238519620-174268.JPG,Agaricus xanthodermus Genev.
371,Agaricus xanthodermus Genev./2425493787-344054.JPG,Agaricus xanthodermus Genev.
372,Agaricus xanthodermus Genev./2238455238-17330.JPG,Agaricus xanthodermus Genev.
373,Agaricus xanthodermus Genev./2238504878-23676.JPG,Agaricus xanthodermus Genev.
374,Agaricus xanthodermus Genev./2424122660-194024.JPG,Agaricus xanthodermus Genev.
375,Agaricus xanthodermus Genev./2446758710-197514.JPG,Agaricus xanthodermus Genev.
376,Agaricus xanthodermus Genev./2864898399-137726.JPG,Agaricus xanthodermus Genev.
377,Agaricus xanthodermus Genev./2238495264-96038.JPG,Agaricus xanthodermus Genev.
378,Agaricus xanthodermus Genev./2238344262-310046.JPG,Agaricus xanthodermus Genev.
379,Agaricus xanthodermus Genev./2238561118-33769.JPG,Agaricus xanthodermus Genev.
380,Agaricus xanthodermus Genev./2424124930-194407.JPG,Agaricus xanthodermus Genev.
381,Agaricus xanthodermus Genev./2238469652-316069.JPG,Agaricus xanthodermus Genev.
382,Agaricus xanthodermus Genev./2238555262-330309.JPG,Agaricus xanthodermus Genev.
383,Agaricus xanthodermus Genev./2862694349-137225.JPG,Agaricus xanthodermus Genev.
384,Agaricus xanthodermus Genev./2238193935-158002.JPG,Agaricus xanthodermus Genev.
385,Agaricus xanthodermus Genev./2862698315-211681.JPG,Agaricus xanthodermus Genev.
386,Agaricus xanthodermus Genev./2424122243-45454.JPG,Agaricus xanthodermus Genev.
387,Agaricus xanthodermus Genev./2874302539-139907.JPG,Agaricus xanthodermus Genev.
388,Agaricus xanthodermus Genev./2332528798-42150.JPG,Agaricus xanthodermus Genev.
389,Agaricus xanthodermus Genev./2651217314-132955.JPG,Agaricus xanthodermus Genev.
390,Agaricus xanthodermus Genev./2883258528-67288.JPG,Agaricus xanthodermus Genev.
391,Agaricus xanthodermus Genev./2816357339-133591.JPG,Agaricus xanthodermus Genev.
392,Agaricus xanthodermus Genev./2898635311-292048.JPG,Agaricus xanthodermus Genev.
393,Agaricus xanthodermus Genev./2238344262-310049.JPG,Agaricus xanthodermus Genev.
394,Agaricus xanthodermus Genev./2860306397-360410.JPG,Agaricus xanthodermus Genev.
395,Agaricus xanthodermus Genev./2238504726-245727.JPG,Agaricus xanthodermus Genev.
396,Agaricus xanthodermus Genev./2862698315-211680.JPG,Agaricus xanthodermus Genev.
397,Agaricus xanthodermus Genev./2238469748-18251.JPG,Agaricus xanthodermus Genev.
398,Agaricus xanthodermus Genev./2446759677-347102.JPG,Agaricus xanthodermus Genev.
399,Agaricus xanthodermus Genev./2332527654-116278.JPG,Agaricus xanthodermus Genev.
400,Russula cyanoxantha (Schaeff.) Fr./2856924341-284843.JPG,Russula cyanoxantha (Schaeff.) Fr.
401,Russula cyanoxantha (Schaeff.) Fr./2851427325-209863.JPG,Russula cyanoxantha (Schaeff.) Fr.
402,Russula cyanoxantha (Schaeff.) Fr./2430664690-196417.JPG,Russula cyanoxantha (Schaeff.) Fr.
403,Russula cyanoxantha (Schaeff.) Fr./2821605314-134674.JPG,Russula cyanoxantha (Schaeff.) Fr.
404,Russula cyanoxantha (Schaeff.) Fr./2238495381-244210.JPG,Russula cyanoxantha (Schaeff.) Fr.
405,Russula cyanoxantha (Schaeff.) Fr./2821603320-208921.JPG,Russula cyanoxantha (Schaeff.) Fr.
406,Russula cyanoxantha (Schaeff.) Fr./2238372022-311429.JPG,Russula cyanoxantha (Schaeff.) Fr.
407,Russula cyanoxantha (Schaeff.) Fr./2238516467-323031.JPG,Russula cyanoxantha (Schaeff.) Fr.
408,Russula cyanoxantha (Schaeff.) Fr./2383042750-191680.JPG,Russula cyanoxantha (Schaeff.) Fr.
409,Russula cyanoxantha (Schaeff.) Fr./2238496255-170395.JPG,Russula cyanoxantha (Schaeff.) Fr.
410,Russula cyanoxantha (Schaeff.) Fr./2238548715-179539.JPG,Russula cyanoxantha (Schaeff.) Fr.
411,Russula cyanoxantha (Schaeff.) Fr./2238564480-182874.JPG,Russula cyanoxantha (Schaeff.) Fr.
412,Russula cyanoxantha (Schaeff.) Fr./2874300446-288831.JPG,Russula cyanoxantha (Schaeff.) Fr.
413,Russula cyanoxantha (Schaeff.) Fr./2238495033-22022.JPG,Russula cyanoxantha (Schaeff.) Fr.
414,Russula cyanoxantha (Schaeff.) Fr./2238495140-170173.JPG,Russula cyanoxantha (Schaeff.) Fr.
415,Russula cyanoxantha (Schaeff.) Fr./2238587434-113507.JPG,Russula cyanoxantha (Schaeff.) Fr.
416,Russula cyanoxantha (Schaeff.) Fr./2274829554-115458.JPG,Russula cyanoxantha (Schaeff.) Fr.
417,Russula cyanoxantha (Schaeff.) Fr./2237972856-227631.JPG,Russula cyanoxantha (Schaeff.) Fr.
418,Russula cyanoxantha (Schaeff.) Fr./2640654303-58507.JPG,Russula cyanoxantha (Schaeff.) Fr.
419,Russula cyanoxantha (Schaeff.) Fr./2238453294-91446.JPG,Russula cyanoxantha (Schaeff.) Fr.
420,Russula cyanoxantha (Schaeff.) Fr./2238561397-331681.JPG,Russula cyanoxantha (Schaeff.) Fr.
421,Russula cyanoxantha (Schaeff.) Fr./2238470935-166880.JPG,Russula cyanoxantha (Schaeff.) Fr.
422,Russula cyanoxantha (Schaeff.) Fr./2831341318-60815.JPG,Russula cyanoxantha (Schaeff.) Fr.
423,Russula cyanoxantha (Schaeff.) Fr./2238560918-33736.JPG,Russula cyanoxantha (Schaeff.) Fr.
424,Russula cyanoxantha (Schaeff.) Fr./2460548014-126180.JPG,Russula cyanoxantha (Schaeff.) Fr.
425,Russula cyanoxantha (Schaeff.) Fr./2825695351-283548.JPG,Russula cyanoxantha (Schaeff.) Fr.
426,Russula cyanoxantha (Schaeff.) Fr./2901938433-69601.JPG,Russula cyanoxantha (Schaeff.) Fr.
427,Russula cyanoxantha (Schaeff.) Fr./2238145823-7501.JPG,Russula cyanoxantha (Schaeff.) Fr.
428,Russula cyanoxantha (Schaeff.) Fr./2238504818-23672.JPG,Russula cyanoxantha (Schaeff.) Fr.
429,Russula cyanoxantha (Schaeff.) Fr./2238561397-331679.JPG,Russula cyanoxantha (Schaeff.) Fr.
430,Russula cyanoxantha (Schaeff.) Fr./2238548715-179541.JPG,Russula cyanoxantha (Schaeff.) Fr.
431,Russula cyanoxantha (Schaeff.) Fr./2238569039-109674.JPG,Russula cyanoxantha (Schaeff.) Fr.
432,Russula cyanoxantha (Schaeff.) Fr./2821589331-283170.JPG,Russula cyanoxantha (Schaeff.) Fr.
433,Russula cyanoxantha (Schaeff.) Fr./2640660323-58567.JPG,Russula cyanoxantha (Schaeff.) Fr.
434,Russula cyanoxantha (Schaeff.) Fr./2831351303-60886.JPG,Russula cyanoxantha (Schaeff.) Fr.
435,Russula cyanoxantha (Schaeff.) Fr./2238586736-261541.JPG,Russula cyanoxantha (Schaeff.) Fr.
436,Russula cyanoxantha (Schaeff.) Fr./2238561397-331676.JPG,Russula cyanoxantha (Schaeff.) Fr.
437,Russula cyanoxantha (Schaeff.) Fr./2883266550-216039.JPG,Russula cyanoxantha (Schaeff.) Fr.
438,Russula cyanoxantha (Schaeff.) Fr./2238560976-256138.JPG,Russula cyanoxantha (Schaeff.) Fr.
439,Russula cyanoxantha (Schaeff.) Fr./2238479295-167868.JPG,Russula cyanoxantha (Schaeff.) Fr.
440,Russula vesca Fr./2238548367-328700.JPG,Russula vesca Fr.
441,Russula vesca Fr./2383042835-191700.JPG,Russula vesca Fr.
442,Russula vesca Fr./2821603337-358452.JPG,Russula vesca Fr.
443,Russula vesca Fr./2238559483-33451.JPG,Russula vesca Fr.
444,Russula vesca Fr./2651222310-207379.JPG,Russula vesca Fr.
445,Russula vesca Fr./2818070320-208379.JPG,Russula vesca Fr.
446,Russula vesca Fr./2238219691-233392.JPG,Russula vesca Fr.
447,Russula vesca Fr./2238561136-256170.JPG,Russula vesca Fr.
448,Russula vesca Fr./2813001340-207930.JPG,Russula vesca Fr.
449,Russula vesca Fr./2874312327-364515.JPG,Russula vesca Fr.
450,Russula vesca Fr./2238468285-166558.JPG,Russula vesca Fr.
451,Russula vesca Fr./2238497880-170694.JPG,Russula vesca Fr.
452,Russula vesca Fr./2237915346-225398.JPG,Russula vesca Fr.
453,Russula vesca Fr./2413149377-341595.JPG,Russula vesca Fr.
454,Russula vesca Fr./2238219691-233391.JPG,Russula vesca Fr.
455,Russula vesca Fr./2238549985-179896.JPG,Russula vesca Fr.
456,Russula vesca Fr./2238554907-330246.JPG,Russula vesca Fr.
457,Russula vesca Fr./2238559238-33405.JPG,Russula vesca Fr.
458,Russula vesca Fr./2238554907-330247.JPG,Russula vesca Fr.
459,Russula vesca Fr./2238171403-8663.JPG,Russula vesca Fr.
460,Russula vesca Fr./2421822247-342615.JPG,Russula vesca Fr.
461,Russula vesca Fr./2238555936-255007.JPG,Russula vesca Fr.
462,Russula vesca Fr./2238215683-10638.JPG,Russula vesca Fr.
463,Russula vesca Fr./2238159190-156455.JPG,Russula vesca Fr.
464,Russula vesca Fr./2332528238-42041.JPG,Russula vesca Fr.
465,Russula vesca Fr./2238559483-33453.JPG,Russula vesca Fr.
466,Russula vesca Fr./2238570602-333299.JPG,Russula vesca Fr.
467,Russula vesca Fr./2825696332-358573.JPG,Russula vesca Fr.
468,Russula vesca Fr./2238558535-181741.JPG,Russula vesca Fr.
469,Russula vesca Fr./2868480432-363260.JPG,Russula vesca Fr.
470,Russula vesca Fr./2238327607-309318.JPG,Russula vesca Fr.
471,Russula vesca Fr./2238549148-31323.JPG,Russula vesca Fr.
472,Russula vesca Fr./2238559483-33446.JPG,Russula vesca Fr.
473,Russula vesca Fr./2818076305-208487.JPG,Russula vesca Fr.
474,Russula vesca Fr./2818082324-134276.JPG,Russula vesca Fr.
475,Russula vesca Fr./2238591138-39338.JPG,Russula vesca Fr.
476,Russula vesca Fr./2382322430-191177.JPG,Russula vesca Fr.
477,Russula vesca Fr./2237913114-77234.JPG,Russula vesca Fr.
478,Russula vesca Fr./2818065305-208280.JPG,Russula vesca Fr.
479,Russula vesca Fr./2238570602-333296.JPG,Russula vesca Fr.
480,Russula ochroleuca (Pers.) Fr./2831345328-60843.JPG,Russula ochroleuca (Pers.) Fr.
481,Russula ochroleuca (Pers.) Fr./2238532098-28385.JPG,Russula ochroleuca (Pers.) Fr.
482,Russula ochroleuca (Pers.) Fr./2901949455-218578.JPG,Russula ochroleuca (Pers.) Fr.
483,Russula ochroleuca (Pers.) Fr./2898620422-366440.JPG,Russula ochroleuca (Pers.) Fr.
484,Russula ochroleuca (Pers.) Fr./2238513680-173336.JPG,Russula ochroleuca (Pers.) Fr.
485,Russula ochroleuca (Pers.) Fr./2238535301-251174.JPG,Russula ochroleuca (Pers.) Fr.
486,Russula ochroleuca (Pers.) Fr./2238508536-246417.JPG,Russula ochroleuca (Pers.) Fr.
487,Russula ochroleuca (Pers.) Fr./2862702325-211857.JPG,Russula ochroleuca (Pers.) Fr.
488,Russula ochroleuca (Pers.) Fr./2868485401-288514.JPG,Russula ochroleuca (Pers.) Fr.
489,Russula ochroleuca (Pers.) Fr./2421824284-119645.JPG,Russula ochroleuca (Pers.) Fr.
490,Russula ochroleuca (Pers.) Fr./2901943416-292946.JPG,Russula ochroleuca (Pers.) Fr.
491,Russula ochroleuca (Pers.) Fr./2901938404-143402.JPG,Russula ochroleuca (Pers.) Fr.
492,Russula ochroleuca (Pers.) Fr./2981233413-71741.JPG,Russula ochroleuca (Pers.) Fr.
493,Russula ochroleuca (Pers.) Fr./2238474227-316634.JPG,Russula ochroleuca (Pers.) Fr.
494,Russula ochroleuca (Pers.) Fr./2818067338-59822.JPG,Russula ochroleuca (Pers.) Fr.
495,Russula ochroleuca (Pers.) Fr./2238569428-35311.JPG,Russula ochroleuca (Pers.) Fr.
496,Russula ochroleuca (Pers.) Fr./2901940380-217868.JPG,Russula ochroleuca (Pers.) Fr.
497,Russula ochroleuca (Pers.) Fr./2238458868-17477.JPG,Russula ochroleuca (Pers.) Fr.
498,Russula ochroleuca (Pers.) Fr./2883262325-215722.JPG,Russula ochroleuca (Pers.) Fr.
499,Russula ochroleuca (Pers.) Fr./2901945491-293153.JPG,Russula ochroleuca (Pers.) Fr.
500,Russula ochroleuca (Pers.) Fr./2238183315-157368.JPG,Russula ochroleuca (Pers.) Fr.
501,Russula ochroleuca (Pers.) Fr./2883262325-215724.JPG,Russula ochroleuca (Pers.) Fr.
502,Russula ochroleuca (Pers.) Fr./2238570957-333346.JPG,Russula ochroleuca (Pers.) Fr.
503,Russula ochroleuca (Pers.) Fr./2860310414-136619.JPG,Russula ochroleuca (Pers.) Fr.
504,Russula ochroleuca (Pers.) Fr./2237938968-3693.JPG,Russula ochroleuca (Pers.) Fr.
505,Russula ochroleuca (Pers.) Fr./2413148019-117962.JPG,Russula ochroleuca (Pers.) Fr.
506,Russula ochroleuca (Pers.) Fr./2424121829-119744.JPG,Russula ochroleuca (Pers.) Fr.
507,Russula ochroleuca (Pers.) Fr./2238355610-161357.JPG,Russula ochroleuca (Pers.) Fr.
508,Russula ochroleuca (Pers.) Fr./2883273487-366262.JPG,Russula ochroleuca (Pers.) Fr.
509,Russula ochroleuca (Pers.) Fr./2821591361-283234.JPG,Russula ochroleuca (Pers.) Fr.
510,Russula ochroleuca (Pers.) Fr./2898629415-217028.JPG,Russula ochroleuca (Pers.) Fr.
511,Russula ochroleuca (Pers.) Fr./2901942404-143709.JPG,Russula ochroleuca (Pers.) Fr.
512,Russula ochroleuca (Pers.) Fr./2981232452-369761.JPG,Russula ochroleuca (Pers.) Fr.
513,Russula ochroleuca (Pers.) Fr./2238474406-241342.JPG,Russula ochroleuca (Pers.) Fr.
514,Russula ochroleuca (Pers.) Fr./2424124391-268372.JPG,Russula ochroleuca (Pers.) Fr.
515,Russula ochroleuca (Pers.) Fr./2238578410-185658.JPG,Russula ochroleuca (Pers.) Fr.
516,Russula ochroleuca (Pers.) Fr./2898629415-217027.JPG,Russula ochroleuca (Pers.) Fr.
517,Russula ochroleuca (Pers.) Fr./2901938404-143405.JPG,Russula ochroleuca (Pers.) Fr.
518,Russula ochroleuca (Pers.) Fr./2238500832-320552.JPG,Russula ochroleuca (Pers.) Fr.
519,Russula ochroleuca (Pers.) Fr./2856921343-61697.JPG,Russula ochroleuca (Pers.) Fr.
520,Mycena haematopus (Pers.) P.Kumm./2862703342-361492.JPG,Mycena haematopus (Pers.) P.Kumm.
521,Mycena haematopus (Pers.) P.Kumm./2883273515-216459.JPG,Mycena haematopus (Pers.) P.Kumm.
522,Mycena haematopus (Pers.) P.Kumm./2413148799-118124.JPG,Mycena haematopus (Pers.) P.Kumm.
523,Mycena haematopus (Pers.) P.Kumm./2238502354-97231.JPG,Mycena haematopus (Pers.) P.Kumm.
524,Mycena haematopus (Pers.) P.Kumm./2238559842-331357.JPG,Mycena haematopus (Pers.) P.Kumm.
525,Mycena haematopus (Pers.) P.Kumm./2238045001-227864.JPG,Mycena haematopus (Pers.) P.Kumm.
526,Mycena haematopus (Pers.) P.Kumm./2238452710-165677.JPG,Mycena haematopus (Pers.) P.Kumm.
527,Mycena haematopus (Pers.) P.Kumm./2874314461-289665.JPG,Mycena haematopus (Pers.) P.Kumm.
528,Mycena haematopus (Pers.) P.Kumm./2238428517-313631.JPG,Mycena haematopus (Pers.) P.Kumm.
529,Mycena haematopus (Pers.) P.Kumm./2238510505-172840.JPG,Mycena haematopus (Pers.) P.Kumm.
530,Mycena haematopus (Pers.) P.Kumm./2984614391-295492.JPG,Mycena haematopus (Pers.) P.Kumm.
531,Mycena haematopus (Pers.) P.Kumm./2986398351-296239.JPG,Mycena haematopus (Pers.) P.Kumm.
532,Mycena haematopus (Pers.) P.Kumm./2821591340-208728.JPG,Mycena haematopus (Pers.) P.Kumm.
533,Mycena haematopus (Pers.) P.Kumm./2238125105-154643.JPG,Mycena haematopus (Pers.) P.Kumm.
534,Mycena haematopus (Pers.) P.Kumm./2238479521-241919.JPG,Mycena haematopus (Pers.) P.Kumm.
535,Mycena haematopus (Pers.) P.Kumm./2883255374-140973.JPG,Mycena haematopus (Pers.) P.Kumm.
536,Mycena haematopus (Pers.) P.Kumm./2238478423-19353.JPG,Mycena haematopus (Pers.) P.Kumm.
537,Mycena haematopus (Pers.) P.Kumm./2874309416-289361.JPG,Mycena haematopus (Pers.) P.Kumm.
538,Mycena haematopus (Pers.) P.Kumm./2238158601-230525.JPG,Mycena haematopus (Pers.) P.Kumm.
539,Mycena haematopus (Pers.) P.Kumm./2238497620-170659.JPG,Mycena haematopus (Pers.) P.Kumm.
540,Mycena haematopus (Pers.) P.Kumm./2984614391-295491.JPG,Mycena haematopus (Pers.) P.Kumm.
541,Mycena haematopus (Pers.) P.Kumm./2417206908-44316.JPG,Mycena haematopus (Pers.) P.Kumm.
542,Mycena haematopus (Pers.) P.Kumm./2238558815-181790.JPG,Mycena haematopus (Pers.) P.Kumm.
543,Mycena haematopus (Pers.) P.Kumm./2862689414-137013.JPG,Mycena haematopus (Pers.) P.Kumm.
544,Mycena haematopus (Pers.) P.Kumm./2238503359-97401.JPG,Mycena haematopus (Pers.) P.Kumm.
545,Mycena haematopus (Pers.) P.Kumm./2883268353-67864.JPG,Mycena haematopus (Pers.) P.Kumm.
546,Mycena haematopus (Pers.) P.Kumm./2238556225-181200.JPG,Mycena haematopus (Pers.) P.Kumm.
547,Mycena haematopus (Pers.) P.Kumm./2238220189-85330.JPG,Mycena haematopus (Pers.) P.Kumm.
548,Mycena haematopus (Pers.) P.Kumm./2238334928-11980.JPG,Mycena haematopus (Pers.) P.Kumm.
549,Mycena haematopus (Pers.) P.Kumm./2238507768-24159.JPG,Mycena haematopus (Pers.) P.Kumm.
550,Mycena haematopus (Pers.) P.Kumm./2898626475-216917.JPG,Mycena haematopus (Pers.) P.Kumm.
551,Mycena haematopus (Pers.) P.Kumm./2238554729-106752.JPG,Mycena haematopus (Pers.) P.Kumm.
552,Mycena haematopus (Pers.) P.Kumm./2425494281-268919.JPG,Mycena haematopus (Pers.) P.Kumm.
553,Mycena haematopus (Pers.) P.Kumm./2238556683-32827.JPG,Mycena haematopus (Pers.) P.Kumm.
554,Mycena haematopus (Pers.) P.Kumm./2238562870-182574.JPG,Mycena haematopus (Pers.) P.Kumm.
555,Mycena haematopus (Pers.) P.Kumm./2821594336-283276.JPG,Mycena haematopus (Pers.) P.Kumm.
556,Mycena haematopus (Pers.) P.Kumm./2874313370-214866.JPG,Mycena haematopus (Pers.) P.Kumm.
557,Mycena haematopus (Pers.) P.Kumm./2430665112-345838.JPG,Mycena haematopus (Pers.) P.Kumm.
558,Mycena haematopus (Pers.) P.Kumm./2984614391-295490.JPG,Mycena haematopus (Pers.) P.Kumm.
559,Mycena haematopus (Pers.) P.Kumm./2238478423-19355.JPG,Mycena haematopus (Pers.) P.Kumm.
560,Russula nigricans (Bull.) Fr./2238565105-183002.JPG,Russula nigricans (Bull.) Fr.
561,Russula nigricans (Bull.) Fr./2238525643-26993.JPG,Russula nigricans (Bull.) Fr.
562,Russula nigricans (Bull.) Fr./2238529858-27836.JPG,Russula nigricans (Bull.) Fr.
563,Russula nigricans (Bull.) Fr./2868475413-64943.JPG,Russula nigricans (Bull.) Fr.
564,Russula nigricans (Bull.) Fr./2864910352-362171.JPG,Russula nigricans (Bull.) Fr.
565,Russula nigricans (Bull.) Fr./2413149021-266294.JPG,Russula nigricans (Bull.) Fr.
566,Russula nigricans (Bull.) Fr./2238564676-256845.JPG,Russula nigricans (Bull.) Fr.
567,Russula nigricans (Bull.) Fr./2238501234-97074.JPG,Russula nigricans (Bull.) Fr.
568,Russula nigricans (Bull.) Fr./2238508852-321788.JPG,Russula nigricans (Bull.) Fr.
569,Russula nigricans (Bull.) Fr./2430667490-197083.JPG,Russula nigricans (Bull.) Fr.
570,Russula nigricans (Bull.) Fr./2465026472-349836.JPG,Russula nigricans (Bull.) Fr.
571,Russula nigricans (Bull.) Fr./2238564750-182933.JPG,Russula nigricans (Bull.) Fr.
572,Russula nigricans (Bull.) Fr./2864906380-212366.JPG,Russula nigricans (Bull.) Fr.
573,Russula nigricans (Bull.) Fr./2864901346-286777.JPG,Russula nigricans (Bull.) Fr.
574,Russula nigricans (Bull.) Fr./2238567143-34908.JPG,Russula nigricans (Bull.) Fr.
575,Russula nigricans (Bull.) Fr./2864911347-362230.JPG,Russula nigricans (Bull.) Fr.
576,Russula nigricans (Bull.) Fr./2413148936-266283.JPG,Russula nigricans (Bull.) Fr.
577,Russula nigricans (Bull.) Fr./2238204035-158342.JPG,Russula nigricans (Bull.) Fr.
578,Russula nigricans (Bull.) Fr./2862699449-137466.JPG,Russula nigricans (Bull.) Fr.
579,Russula nigricans (Bull.) Fr./2874312443-66577.JPG,Russula nigricans (Bull.) Fr.
580,Russula nigricans (Bull.) Fr./2874307434-140170.JPG,Russula nigricans (Bull.) Fr.
581,Russula nigricans (Bull.) Fr./2868476502-363022.JPG,Russula nigricans (Bull.) Fr.
582,Russula nigricans (Bull.) Fr./2238504966-245779.JPG,Russula nigricans (Bull.) Fr.
583,Russula nigricans (Bull.) Fr./2868473506-287808.JPG,Russula nigricans (Bull.) Fr.
584,Russula nigricans (Bull.) Fr./2868481392-363313.JPG,Russula nigricans (Bull.) Fr.
585,Russula nigricans (Bull.) Fr./2238419865-163952.JPG,Russula nigricans (Bull.) Fr.
586,Russula nigricans (Bull.) Fr./2868469383-64535.JPG,Russula nigricans (Bull.) Fr.
587,Russula nigricans (Bull.) Fr./2238558727-331131.JPG,Russula nigricans (Bull.) Fr.
588,Russula nigricans (Bull.) Fr./2868484411-288456.JPG,Russula nigricans (Bull.) Fr.
589,Russula nigricans (Bull.) Fr./2238228082-308818.JPG,Russula nigricans (Bull.) Fr.
590,Russula nigricans (Bull.) Fr./2868469305-212804.JPG,Russula nigricans (Bull.) Fr.
591,Russula nigricans (Bull.) Fr./2238574314-110695.JPG,Russula nigricans (Bull.) Fr.
592,Russula nigricans (Bull.) Fr./2383043055-191754.JPG,Russula nigricans (Bull.) Fr.
593,Russula nigricans (Bull.) Fr./2238574546-258741.JPG,Russula nigricans (Bull.) Fr.
594,Russula nigricans (Bull.) Fr./2238423351-238183.JPG,Russula nigricans (Bull.) Fr.
595,Russula nigricans (Bull.) Fr./2238122563-6323.JPG,Russula nigricans (Bull.) Fr.
596,Russula nigricans (Bull.) Fr./2868471420-212969.JPG,Russula nigricans (Bull.) Fr.
597,Russula nigricans (Bull.) Fr./2238576520-185254.JPG,Russula nigricans (Bull.) Fr.
598,Russula nigricans (Bull.) Fr./2238504146-245659.JPG,Russula nigricans (Bull.) Fr.
599,Russula nigricans (Bull.) Fr./2238556236-255062.JPG,Russula nigricans (Bull.) Fr.
600,Agaricus arvensis Schaeff./2427871777-344551.JPG,Agaricus arvensis Schaeff.
601,Agaricus arvensis Schaeff./2238371428-13686.JPG,Agaricus arvensis Schaeff.
602,Agaricus arvensis Schaeff./2237914246-225328.JPG,Agaricus arvensis Schaeff.
603,Agaricus arvensis Schaeff./2818065316-282689.JPG,Agaricus arvensis Schaeff.
604,Agaricus arvensis Schaeff./2238331433-11840.JPG,Agaricus arvensis Schaeff.
605,Agaricus arvensis Schaeff./2430666402-346179.JPG,Agaricus arvensis Schaeff.
606,Agaricus arvensis Schaeff./2430666402-346178.JPG,Agaricus arvensis Schaeff.
607,Agaricus arvensis Schaeff./2238494124-95904.JPG,Agaricus arvensis Schaeff.
608,Agaricus arvensis Schaeff./2818065316-282687.JPG,Agaricus arvensis Schaeff.
609,Agaricus arvensis Schaeff./2238591338-39341.JPG,Agaricus arvensis Schaeff.
610,Agaricus arvensis Schaeff./2273187982-338549.JPG,Agaricus arvensis Schaeff.
611,Agaricus arvensis Schaeff./2238147859-81952.JPG,Agaricus arvensis Schaeff.
612,Agaricus arvensis Schaeff./2331570864-116041.JPG,Agaricus arvensis Schaeff.
613,Agaricus arvensis Schaeff./2238469410-166693.JPG,Agaricus arvensis Schaeff.
614,Agaricus arvensis Schaeff./2238503362-320874.JPG,Agaricus arvensis Schaeff.
615,Agaricus arvensis Schaeff./2238494124-95900.JPG,Agaricus arvensis Schaeff.
616,Agaricus arvensis Schaeff./2238507961-246301.JPG,Agaricus arvensis Schaeff.
617,Agaricus arvensis Schaeff./2816356324-133566.JPG,Agaricus arvensis Schaeff.
618,Agaricus arvensis Schaeff./2238508291-246362.JPG,Agaricus arvensis Schaeff.
619,Agaricus arvensis Schaeff./2874318306-289847.JPG,Agaricus arvensis Schaeff.
620,Agaricus arvensis Schaeff./2238458428-17461.JPG,Agaricus arvensis Schaeff.
621,Agaricus arvensis Schaeff./2331570864-116040.JPG,Agaricus arvensis Schaeff.
622,Agaricus arvensis Schaeff./2238514745-173532.JPG,Agaricus arvensis Schaeff.
623,Agaricus arvensis Schaeff./2238560442-331485.JPG,Agaricus arvensis Schaeff.
624,Agaricus arvensis Schaeff./2238316244-85912.JPG,Agaricus arvensis Schaeff.
625,Agaricus arvensis Schaeff./2238469410-166694.JPG,Agaricus arvensis Schaeff.
626,Agaricus arvensis Schaeff./2421821583-44747.JPG,Agaricus arvensis Schaeff.
627,Agaricus arvensis Schaeff./2874318306-289849.JPG,Agaricus arvensis Schaeff.
628,Agaricus arvensis Schaeff./2269197257-338210.JPG,Agaricus arvensis Schaeff.
629,Agaricus arvensis Schaeff./2238589939-113702.JPG,Agaricus arvensis Schaeff.
630,Agaricus arvensis Schaeff./2238469410-166692.JPG,Agaricus arvensis Schaeff.
631,Agaricus arvensis Schaeff./2238050033-5481.JPG,Agaricus arvensis Schaeff.
632,Agaricus arvensis Schaeff./2238550814-105940.JPG,Agaricus arvensis Schaeff.
633,Agaricus arvensis Schaeff./2430666275-196801.JPG,Agaricus arvensis Schaeff.
634,Agaricus arvensis Schaeff./2452381242-348704.JPG,Agaricus arvensis Schaeff.
635,Agaricus arvensis Schaeff./2238494124-95903.JPG,Agaricus arvensis Schaeff.
636,Agaricus arvensis Schaeff./2238179735-157172.JPG,Agaricus arvensis Schaeff.
637,Agaricus arvensis Schaeff./2238526636-249256.JPG,Agaricus arvensis Schaeff.
638,Agaricus arvensis Schaeff./2238183508-9148.JPG,Agaricus arvensis Schaeff.
639,Agaricus arvensis Schaeff./2238177936-231219.JPG,Agaricus arvensis Schaeff.
640,"Amanita muscaria (L.) Lam., 1783/2382324478-42862.JPG","Amanita muscaria (L.) Lam., 1783"
641,"Amanita muscaria (L.) Lam., 1783/2430665567-345955.JPG","Amanita muscaria (L.) Lam., 1783"
642,"Amanita muscaria (L.) Lam., 1783/2238557716-255409.JPG","Amanita muscaria (L.) Lam., 1783"
643,"Amanita muscaria (L.) Lam., 1783/2238499893-22879.JPG","Amanita muscaria (L.) Lam., 1783"
644,"Amanita muscaria (L.) Lam., 1783/2238560169-107970.JPG","Amanita muscaria (L.) Lam., 1783"
645,"Amanita muscaria (L.) Lam., 1783/2964207456-293862.JPG","Amanita muscaria (L.) Lam., 1783"
646,"Amanita muscaria (L.) Lam., 1783/2238522972-324040.JPG","Amanita muscaria (L.) Lam., 1783"
647,"Amanita muscaria (L.) Lam., 1783/2421821356-267231.JPG","Amanita muscaria (L.) Lam., 1783"
648,"Amanita muscaria (L.) Lam., 1783/2238560135-182072.JPG","Amanita muscaria (L.) Lam., 1783"
649,"Amanita muscaria (L.) Lam., 1783/2430667843-48659.JPG","Amanita muscaria (L.) Lam., 1783"
650,"Amanita muscaria (L.) Lam., 1783/2238329239-86047.JPG","Amanita muscaria (L.) Lam., 1783"
651,"Amanita muscaria (L.) Lam., 1783/2238555758-32651.JPG","Amanita muscaria (L.) Lam., 1783"
652,"Amanita muscaria (L.) Lam., 1783/2238517190-173893.JPG","Amanita muscaria (L.) Lam., 1783"
653,"Amanita muscaria (L.) Lam., 1783/2425493190-194713.JPG","Amanita muscaria (L.) Lam., 1783"
654,"Amanita muscaria (L.) Lam., 1783/2430667935-197203.JPG","Amanita muscaria (L.) Lam., 1783"
655,"Amanita muscaria (L.) Lam., 1783/2862701327-361413.JPG","Amanita muscaria (L.) Lam., 1783"
656,"Amanita muscaria (L.) Lam., 1783/2862699459-137473.JPG","Amanita muscaria (L.) Lam., 1783"
657,"Amanita muscaria (L.) Lam., 1783/2427873487-345003.JPG","Amanita muscaria (L.) Lam., 1783"
658,"Amanita muscaria (L.) Lam., 1783/2238572555-184270.JPG","Amanita muscaria (L.) Lam., 1783"
659,"Amanita muscaria (L.) Lam., 1783/2238554769-106755.JPG","Amanita muscaria (L.) Lam., 1783"
660,"Amanita muscaria (L.) Lam., 1783/2430667723-48628.JPG","Amanita muscaria (L.) Lam., 1783"
661,"Amanita muscaria (L.) Lam., 1783/2238525008-26882.JPG","Amanita muscaria (L.) Lam., 1783"
662,"Amanita muscaria (L.) Lam., 1783/2238567130-183315.JPG","Amanita muscaria (L.) Lam., 1783"
663,"Amanita muscaria (L.) Lam., 1783/2898630439-142699.JPG","Amanita muscaria (L.) Lam., 1783"
664,"Amanita muscaria (L.) Lam., 1783/2860310396-285566.JPG","Amanita muscaria (L.) Lam., 1783"
665,"Amanita muscaria (L.) Lam., 1783/2238558985-181835.JPG","Amanita muscaria (L.) Lam., 1783"
666,"Amanita muscaria (L.) Lam., 1783/2981238393-71953.JPG","Amanita muscaria (L.) Lam., 1783"
667,"Amanita muscaria (L.) Lam., 1783/2238561318-33816.JPG","Amanita muscaria (L.) Lam., 1783"
668,"Amanita muscaria (L.) Lam., 1783/2413149410-192325.JPG","Amanita muscaria (L.) Lam., 1783"
669,"Amanita muscaria (L.) Lam., 1783/2238508032-321650.JPG","Amanita muscaria (L.) Lam., 1783"
670,"Amanita muscaria (L.) Lam., 1783/2883271493-68094.JPG","Amanita muscaria (L.) Lam., 1783"
671,"Amanita muscaria (L.) Lam., 1783/2238572300-184229.JPG","Amanita muscaria (L.) Lam., 1783"
672,"Amanita muscaria (L.) Lam., 1783/2382324946-265524.JPG","Amanita muscaria (L.) Lam., 1783"
673,"Amanita muscaria (L.) Lam., 1783/2862696423-63236.JPG","Amanita muscaria (L.) Lam., 1783"
674,"Amanita muscaria (L.) Lam., 1783/2383042153-43134.JPG","Amanita muscaria (L.) Lam., 1783"
675,"Amanita muscaria (L.) Lam., 1783/2238505738-23818.JPG","Amanita muscaria (L.) Lam., 1783"
676,"Amanita muscaria (L.) Lam., 1783/2238500394-96936.JPG","Amanita muscaria (L.) Lam., 1783"
677,"Amanita muscaria (L.) Lam., 1783/2446760661-272118.JPG","Amanita muscaria (L.) Lam., 1783"
678,"Amanita muscaria (L.) Lam., 1783/2238530807-325613.JPG","Amanita muscaria (L.) Lam., 1783"
679,"Amanita muscaria (L.) Lam., 1783/2425492257-343796.JPG","Amanita muscaria (L.) Lam., 1783"
680,Agaricus augustus Fr./2383043620-191866.JPG,Agaricus augustus Fr.
681,Agaricus augustus Fr./2238557331-255312.JPG,Agaricus augustus Fr.
682,Agaricus augustus Fr./2238549453-31409.JPG,Agaricus augustus Fr.
683,Agaricus augustus Fr./2238555032-330278.JPG,Agaricus augustus Fr.
684,Agaricus augustus Fr./2847225316-284198.JPG,Agaricus augustus Fr.
685,Agaricus augustus Fr./2238353258-12856.JPG,Agaricus augustus Fr.
686,Agaricus augustus Fr./2351007587-340179.JPG,Agaricus augustus Fr.
687,Agaricus augustus Fr./2238153496-230364.JPG,Agaricus augustus Fr.
688,Agaricus augustus Fr./2860297415-210557.JPG,Agaricus augustus Fr.
689,Agaricus augustus Fr./2238529983-27875.JPG,Agaricus augustus Fr.
690,Agaricus augustus Fr./2238427005-164228.JPG,Agaricus augustus Fr.
691,Agaricus augustus Fr./2460547313-51511.JPG,Agaricus augustus Fr.
692,Agaricus augustus Fr./2238529018-27633.JPG,Agaricus augustus Fr.
693,Agaricus augustus Fr./2238591946-261958.JPG,Agaricus augustus Fr.
694,Agaricus augustus Fr./2238499026-244839.JPG,Agaricus augustus Fr.
695,Agaricus augustus Fr./2864912367-362295.JPG,Agaricus augustus Fr.
696,Agaricus augustus Fr./2238468265-166556.JPG,Agaricus augustus Fr.
697,Agaricus augustus Fr./2351006627-340003.JPG,Agaricus augustus Fr.
698,Agaricus augustus Fr./2864902352-361781.JPG,Agaricus augustus Fr.
699,Agaricus augustus Fr./2413149310-192302.JPG,Agaricus augustus Fr.
700,Agaricus augustus Fr./2382325203-42992.JPG,Agaricus augustus Fr.
701,Agaricus augustus Fr./2238547362-328455.JPG,Agaricus augustus Fr.
702,Agaricus augustus Fr./2238498493-22617.JPG,Agaricus augustus Fr.
703,Agaricus augustus Fr./2238526864-101199.JPG,Agaricus augustus Fr.
704,Agaricus augustus Fr./2238495980-170341.JPG,Agaricus augustus Fr.
705,Agaricus augustus Fr./2238506137-321320.JPG,Agaricus augustus Fr.
706,Agaricus augustus Fr./2864908425-212477.JPG,Agaricus augustus Fr.
707,Agaricus augustus Fr./2238528637-325106.JPG,Agaricus augustus Fr.
708,Agaricus augustus Fr./2238529983-27874.JPG,Agaricus augustus Fr.
709,Agaricus augustus Fr./2238374800-162168.JPG,Agaricus augustus Fr.
710,Agaricus augustus Fr./2238123012-303882.JPG,Agaricus augustus Fr.
711,Agaricus augustus Fr./2238376058-13861.JPG,Agaricus augustus Fr.
712,Agaricus augustus Fr./2458347958-51207.JPG,Agaricus augustus Fr.
713,Agaricus augustus Fr./2238502117-320693.JPG,Agaricus augustus Fr.
714,Agaricus augustus Fr./2238305649-85869.JPG,Agaricus augustus Fr.
715,Agaricus augustus Fr./2382324535-191282.JPG,Agaricus augustus Fr.
716,Agaricus augustus Fr./2351006682-340013.JPG,Agaricus augustus Fr.
717,Agaricus augustus Fr./2868469423-64549.JPG,Agaricus augustus Fr.
718,Agaricus augustus Fr./2238467297-315773.JPG,Agaricus augustus Fr.
719,Agaricus augustus Fr./2868488311-288671.JPG,Agaricus augustus Fr.
720,Amanita rubescens (Pers.) Gray/2238526086-249157.JPG,Amanita rubescens (Pers.) Gray
721,Amanita rubescens (Pers.) Gray/2883258452-365220.JPG,Amanita rubescens (Pers.) Gray
722,Amanita rubescens (Pers.) Gray/2864913382-362357.JPG,Amanita rubescens (Pers.) Gray
723,Amanita rubescens (Pers.) Gray/2238467088-17932.JPG,Amanita rubescens (Pers.) Gray
724,Amanita rubescens (Pers.) Gray/2238558456-255576.JPG,Amanita rubescens (Pers.) Gray
725,Amanita rubescens (Pers.) Gray/2382324537-340613.JPG,Amanita rubescens (Pers.) Gray
726,Amanita rubescens (Pers.) Gray/2351007865-190879.JPG,Amanita rubescens (Pers.) Gray
727,Amanita rubescens (Pers.) Gray/2238503883-23518.JPG,Amanita rubescens (Pers.) Gray
728,Amanita rubescens (Pers.) Gray/2238496510-170445.JPG,Amanita rubescens (Pers.) Gray
729,Amanita rubescens (Pers.) Gray/2868481428-65352.JPG,Amanita rubescens (Pers.) Gray
730,Amanita rubescens (Pers.) Gray/2238571610-184078.JPG,Amanita rubescens (Pers.) Gray
731,Amanita rubescens (Pers.) Gray/2238476414-93240.JPG,Amanita rubescens (Pers.) Gray
732,Amanita rubescens (Pers.) Gray/2821596337-358299.JPG,Amanita rubescens (Pers.) Gray
733,Amanita rubescens (Pers.) Gray/2238575877-334450.JPG,Amanita rubescens (Pers.) Gray
734,Amanita rubescens (Pers.) Gray/2238502391-245411.JPG,Amanita rubescens (Pers.) Gray
735,Amanita rubescens (Pers.) Gray/2417207291-266927.JPG,Amanita rubescens (Pers.) Gray
736,Amanita rubescens (Pers.) Gray/2238559255-181897.JPG,Amanita rubescens (Pers.) Gray
737,Amanita rubescens (Pers.) Gray/2238497716-244639.JPG,Amanita rubescens (Pers.) Gray
738,Amanita rubescens (Pers.) Gray/2868487303-65672.JPG,Amanita rubescens (Pers.) Gray
739,Amanita rubescens (Pers.) Gray/2864910421-287203.JPG,Amanita rubescens (Pers.) Gray
740,Amanita rubescens (Pers.) Gray/2238496968-22339.JPG,Amanita rubescens (Pers.) Gray
741,Amanita rubescens (Pers.) Gray/2273838083-40860.JPG,Amanita rubescens (Pers.) Gray
742,Amanita rubescens (Pers.) Gray/2238559365-181922.JPG,Amanita rubescens (Pers.) Gray
743,Amanita rubescens (Pers.) Gray/2901947342-368345.JPG,Amanita rubescens (Pers.) Gray
744,Amanita rubescens (Pers.) Gray/2862693343-63062.JPG,Amanita rubescens (Pers.) Gray
745,Amanita rubescens (Pers.) Gray/2238557978-33109.JPG,Amanita rubescens (Pers.) Gray
746,Amanita rubescens (Pers.) Gray/2382320284-117071.JPG,Amanita rubescens (Pers.) Gray
747,Amanita rubescens (Pers.) Gray/2862689389-137002.JPG,Amanita rubescens (Pers.) Gray
748,Amanita rubescens (Pers.) Gray/2238531704-102259.JPG,Amanita rubescens (Pers.) Gray
749,Amanita rubescens (Pers.) Gray/2901947342-368344.JPG,Amanita rubescens (Pers.) Gray
750,Amanita rubescens (Pers.) Gray/2331571255-190082.JPG,Amanita rubescens (Pers.) Gray
751,Amanita rubescens (Pers.) Gray/2446759992-347207.JPG,Amanita rubescens (Pers.) Gray
752,Amanita rubescens (Pers.) Gray/2238500886-245167.JPG,Amanita rubescens (Pers.) Gray
753,Amanita rubescens (Pers.) Gray/2238493788-21853.JPG,Amanita rubescens (Pers.) Gray
754,Amanita rubescens (Pers.) Gray/2332528203-42029.JPG,Amanita rubescens (Pers.) Gray
755,Amanita rubescens (Pers.) Gray/2421822205-193359.JPG,Amanita rubescens (Pers.) Gray
756,Amanita rubescens (Pers.) Gray/2238493844-95876.JPG,Amanita rubescens (Pers.) Gray
757,Amanita rubescens (Pers.) Gray/2862685333-62667.JPG,Amanita rubescens (Pers.) Gray
758,Amanita rubescens (Pers.) Gray/2901942476-292894.JPG,Amanita rubescens (Pers.) Gray
759,Amanita rubescens (Pers.) Gray/2816365330-208095.JPG,Amanita rubescens (Pers.) Gray
760,Clitocybe nebularis (Batsch) Quél./2901940488-69766.JPG,Clitocybe nebularis (Batsch) Quél.
761,Clitocybe nebularis (Batsch) Quél./2874299507-363808.JPG,Clitocybe nebularis (Batsch) Quél.
762,Clitocybe nebularis (Batsch) Quél./2238485622-318148.JPG,Clitocybe nebularis (Batsch) Quél.
763,Clitocybe nebularis (Batsch) Quél./2964210389-144686.JPG,Clitocybe nebularis (Batsch) Quél.
764,Clitocybe nebularis (Batsch) Quél./2901934420-217437.JPG,Clitocybe nebularis (Batsch) Quél.
765,Clitocybe nebularis (Batsch) Quél./2446758507-346793.JPG,Clitocybe nebularis (Batsch) Quél.
766,Clitocybe nebularis (Batsch) Quél./2446759926-271921.JPG,Clitocybe nebularis (Batsch) Quél.
767,Clitocybe nebularis (Batsch) Quél./2425495521-269135.JPG,Clitocybe nebularis (Batsch) Quél.
768,Clitocybe nebularis (Batsch) Quél./2964224399-145186.JPG,Clitocybe nebularis (Batsch) Quél.
769,Clitocybe nebularis (Batsch) Quél./2427873516-269740.JPG,Clitocybe nebularis (Batsch) Quél.
770,Clitocybe nebularis (Batsch) Quél./2425495048-46539.JPG,Clitocybe nebularis (Batsch) Quél.
771,Clitocybe nebularis (Batsch) Quél./2986400357-371201.JPG,Clitocybe nebularis (Batsch) Quél.
772,Clitocybe nebularis (Batsch) Quél./2994390327-372403.JPG,Clitocybe nebularis (Batsch) Quél.
773,Clitocybe nebularis (Batsch) Quél./2446759681-271850.JPG,Clitocybe nebularis (Batsch) Quél.
774,Clitocybe nebularis (Batsch) Quél./2425494644-120909.JPG,Clitocybe nebularis (Batsch) Quél.
775,Clitocybe nebularis (Batsch) Quél./2449442771-272600.JPG,Clitocybe nebularis (Batsch) Quél.
776,Clitocybe nebularis (Batsch) Quél./2981232439-145442.JPG,Clitocybe nebularis (Batsch) Quél.
777,Clitocybe nebularis (Batsch) Quél./2238517324-99690.JPG,Clitocybe nebularis (Batsch) Quél.
778,Clitocybe nebularis (Batsch) Quél./2901951457-368674.JPG,Clitocybe nebularis (Batsch) Quél.
779,Clitocybe nebularis (Batsch) Quél./2238525290-175160.JPG,Clitocybe nebularis (Batsch) Quél.
780,Clitocybe nebularis (Batsch) Quél./2981230380-219683.JPG,Clitocybe nebularis (Batsch) Quél.
781,Clitocybe nebularis (Batsch) Quél./2452380082-348361.JPG,Clitocybe nebularis (Batsch) Quél.
782,Clitocybe nebularis (Batsch) Quél./2874300458-65885.JPG,Clitocybe nebularis (Batsch) Quél.
783,Clitocybe nebularis (Batsch) Quél./2901950543-70561.JPG,Clitocybe nebularis (Batsch) Quél.
784,Clitocybe nebularis (Batsch) Quél./2874313334-140541.JPG,Clitocybe nebularis (Batsch) Quél.
785,Clitocybe nebularis (Batsch) Quél./2430664838-47985.JPG,Clitocybe nebularis (Batsch) Quél.
786,Clitocybe nebularis (Batsch) Quél./2238522868-26527.JPG,Clitocybe nebularis (Batsch) Quél.
787,Clitocybe nebularis (Batsch) Quél./2901934532-367337.JPG,Clitocybe nebularis (Batsch) Quél.
788,Clitocybe nebularis (Batsch) Quél./2898618386-291261.JPG,Clitocybe nebularis (Batsch) Quél.
789,Clitocybe nebularis (Batsch) Quél./2901949386-293482.JPG,Clitocybe nebularis (Batsch) Quél.
790,Clitocybe nebularis (Batsch) Quél./2238523591-248717.JPG,Clitocybe nebularis (Batsch) Quél.
791,Clitocybe nebularis (Batsch) Quél./2446760609-124022.JPG,Clitocybe nebularis (Batsch) Quél.
792,Clitocybe nebularis (Batsch) Quél./2898618386-291260.JPG,Clitocybe nebularis (Batsch) Quél.
793,Clitocybe nebularis (Batsch) Quél./2449441832-347624.JPG,Clitocybe nebularis (Batsch) Quél.
794,Clitocybe nebularis (Batsch) Quél./2238529743-27810.JPG,Clitocybe nebularis (Batsch) Quél.
795,Clitocybe nebularis (Batsch) Quél./2238577730-185508.JPG,Clitocybe nebularis (Batsch) Quél.
796,Clitocybe nebularis (Batsch) Quél./2964224464-145196.JPG,Clitocybe nebularis (Batsch) Quél.
797,Clitocybe nebularis (Batsch) Quél./2898635354-142910.JPG,Clitocybe nebularis (Batsch) Quél.
798,Clitocybe nebularis (Batsch) Quél./2430664954-122404.JPG,Clitocybe nebularis (Batsch) Quél.
799,Clitocybe nebularis (Batsch) Quél./2901935487-367424.JPG,Clitocybe nebularis (Batsch) Quél.
800,Agaricus campestris L./2860304387-360333.JPG,Agaricus campestris L.
801,Agaricus campestris L./2248039559-114476.JPG,Agaricus campestris L.
802,Agaricus campestris L./2821586341-283099.JPG,Agaricus campestris L.
803,Agaricus campestris L./2812984345-207650.JPG,Agaricus campestris L.
804,Agaricus campestris L./2818069301-282786.JPG,Agaricus campestris L.
805,Agaricus campestris L./2238496451-244393.JPG,Agaricus campestris L.
806,Agaricus campestris L./2851422348-61301.JPG,Agaricus campestris L.
807,Agaricus campestris L./2238466757-315700.JPG,Agaricus campestris L.
808,Agaricus campestris L./2238376942-311609.JPG,Agaricus campestris L.
809,Agaricus campestris L./2332528983-42177.JPG,Agaricus campestris L.
810,Agaricus campestris L./2238478582-317083.JPG,Agaricus campestris L.
811,Agaricus campestris L./2856926316-284877.JPG,Agaricus campestris L.
812,Agaricus campestris L./2860302415-210722.JPG,Agaricus campestris L.
813,Agaricus campestris L./2874308422-364286.JPG,Agaricus campestris L.
814,Agaricus campestris L./2238449613-17092.JPG,Agaricus campestris L.
815,Agaricus campestris L./2812997355-207883.JPG,Agaricus campestris L.
816,Agaricus campestris L./2851433339-135678.JPG,Agaricus campestris L.
817,Agaricus campestris L./2331570672-339361.JPG,Agaricus campestris L.
818,Agaricus campestris L./2383041646-265574.JPG,Agaricus campestris L.
819,Agaricus campestris L./2898631384-142725.JPG,Agaricus campestris L.
820,Agaricus campestris L./2238499431-244920.JPG,Agaricus campestris L.
821,Agaricus campestris L./2238175944-83059.JPG,Agaricus campestris L.
822,Agaricus campestris L./2237906130-151002.JPG,Agaricus campestris L.
823,Agaricus campestris L./2818072346-282888.JPG,Agaricus campestris L.
824,Agaricus campestris L./2901945434-143960.JPG,Agaricus campestris L.
825,Agaricus campestris L./2248039709-114512.JPG,Agaricus campestris L.
826,Agaricus campestris L./2851422348-61300.JPG,Agaricus campestris L.
827,Agaricus campestris L./2238555829-106918.JPG,Agaricus campestris L.
828,Agaricus campestris L./2816363317-357511.JPG,Agaricus campestris L.
829,Agaricus campestris L./2964211474-144737.JPG,Agaricus campestris L.
830,Agaricus campestris L./2868484528-65546.JPG,Agaricus campestris L.
831,Agaricus campestris L./2813002349-133547.JPG,Agaricus campestris L.
832,Agaricus campestris L./2331570928-41676.JPG,Agaricus campestris L.
833,Agaricus campestris L./2237958100-152701.JPG,Agaricus campestris L.
834,Agaricus campestris L./2862689333-62855.JPG,Agaricus campestris L.
835,Agaricus campestris L./2331570928-41677.JPG,Agaricus campestris L.
836,Agaricus campestris L./2856920337-359697.JPG,Agaricus campestris L.
837,Agaricus campestris L./2238159060-156451.JPG,Agaricus campestris L.
838,Agaricus campestris L./2851420335-209725.JPG,Agaricus campestris L.
839,Agaricus campestris L./2332528706-264711.JPG,Agaricus campestris L.
840,"Mycena galopus (Pers.) P.Kumm., 1871/2238573136-258346.JPG","Mycena galopus (Pers.) P.Kumm., 1871"
841,"Mycena galopus (Pers.) P.Kumm., 1871/2994393353-74395.JPG","Mycena galopus (Pers.) P.Kumm., 1871"
842,"Mycena galopus (Pers.) P.Kumm., 1871/2874314519-140655.JPG","Mycena galopus (Pers.) P.Kumm., 1871"
843,"Mycena galopus (Pers.) P.Kumm., 1871/2901947405-218406.JPG","Mycena galopus (Pers.) P.Kumm., 1871"
844,"Mycena galopus (Pers.) P.Kumm., 1871/2575121968-55826.JPG","Mycena galopus (Pers.) P.Kumm., 1871"
845,"Mycena galopus (Pers.) P.Kumm., 1871/2575118655-203734.JPG","Mycena galopus (Pers.) P.Kumm., 1871"
846,"Mycena galopus (Pers.) P.Kumm., 1871/2984622372-370730.JPG","Mycena galopus (Pers.) P.Kumm., 1871"
847,"Mycena galopus (Pers.) P.Kumm., 1871/2981243317-370199.JPG","Mycena galopus (Pers.) P.Kumm., 1871"
848,"Mycena galopus (Pers.) P.Kumm., 1871/2238575428-36568.JPG","Mycena galopus (Pers.) P.Kumm., 1871"
849,"Mycena galopus (Pers.) P.Kumm., 1871/2238559887-331369.JPG","Mycena galopus (Pers.) P.Kumm., 1871"
850,"Mycena galopus (Pers.) P.Kumm., 1871/2238360816-235780.JPG","Mycena galopus (Pers.) P.Kumm., 1871"
851,"Mycena galopus (Pers.) P.Kumm., 1871/2238580455-186151.JPG","Mycena galopus (Pers.) P.Kumm., 1871"
852,"Mycena galopus (Pers.) P.Kumm., 1871/2901951346-293628.JPG","Mycena galopus (Pers.) P.Kumm., 1871"
853,"Mycena galopus (Pers.) P.Kumm., 1871/2238459764-91731.JPG","Mycena galopus (Pers.) P.Kumm., 1871"
854,"Mycena galopus (Pers.) P.Kumm., 1871/2238449719-91315.JPG","Mycena galopus (Pers.) P.Kumm., 1871"
855,"Mycena galopus (Pers.) P.Kumm., 1871/2238401350-163254.JPG","Mycena galopus (Pers.) P.Kumm., 1871"
856,"Mycena galopus (Pers.) P.Kumm., 1871/2238526473-27140.JPG","Mycena galopus (Pers.) P.Kumm., 1871"
857,"Mycena galopus (Pers.) P.Kumm., 1871/2238557240-181425.JPG","Mycena galopus (Pers.) P.Kumm., 1871"
858,"Mycena galopus (Pers.) P.Kumm., 1871/2238564193-34430.JPG","Mycena galopus (Pers.) P.Kumm., 1871"
859,"Mycena galopus (Pers.) P.Kumm., 1871/2860305425-210821.JPG","Mycena galopus (Pers.) P.Kumm., 1871"
860,"Mycena galopus (Pers.) P.Kumm., 1871/2862689349-136989.JPG","Mycena galopus (Pers.) P.Kumm., 1871"
861,"Mycena galopus (Pers.) P.Kumm., 1871/2460547084-125927.JPG","Mycena galopus (Pers.) P.Kumm., 1871"
862,"Mycena galopus (Pers.) P.Kumm., 1871/2238580455-186152.JPG","Mycena galopus (Pers.) P.Kumm., 1871"
863,"Mycena galopus (Pers.) P.Kumm., 1871/2238298776-233931.JPG","Mycena galopus (Pers.) P.Kumm., 1871"
864,"Mycena galopus (Pers.) P.Kumm., 1871/2238578578-37256.JPG","Mycena galopus (Pers.) P.Kumm., 1871"
865,"Mycena galopus (Pers.) P.Kumm., 1871/2238529434-101735.JPG","Mycena galopus (Pers.) P.Kumm., 1871"
866,"Mycena galopus (Pers.) P.Kumm., 1871/2238479001-241823.JPG","Mycena galopus (Pers.) P.Kumm., 1871"
867,"Mycena galopus (Pers.) P.Kumm., 1871/2575118925-203794.JPG","Mycena galopus (Pers.) P.Kumm., 1871"
868,"Mycena galopus (Pers.) P.Kumm., 1871/2874304423-66113.JPG","Mycena galopus (Pers.) P.Kumm., 1871"
869,"Mycena galopus (Pers.) P.Kumm., 1871/2238093130-154320.JPG","Mycena galopus (Pers.) P.Kumm., 1871"
870,"Mycena galopus (Pers.) P.Kumm., 1871/2238385726-236792.JPG","Mycena galopus (Pers.) P.Kumm., 1871"
871,"Mycena galopus (Pers.) P.Kumm., 1871/2238564128-34410.JPG","Mycena galopus (Pers.) P.Kumm., 1871"
872,"Mycena galopus (Pers.) P.Kumm., 1871/2989725385-221961.JPG","Mycena galopus (Pers.) P.Kumm., 1871"
873,"Mycena galopus (Pers.) P.Kumm., 1871/2238455036-239781.JPG","Mycena galopus (Pers.) P.Kumm., 1871"
874,"Mycena galopus (Pers.) P.Kumm., 1871/2238459673-17515.JPG","Mycena galopus (Pers.) P.Kumm., 1871"
875,"Mycena galopus (Pers.) P.Kumm., 1871/2984622372-370731.JPG","Mycena galopus (Pers.) P.Kumm., 1871"
876,"Mycena galopus (Pers.) P.Kumm., 1871/2901947405-218409.JPG","Mycena galopus (Pers.) P.Kumm., 1871"
877,"Mycena galopus (Pers.) P.Kumm., 1871/2238564128-34411.JPG","Mycena galopus (Pers.) P.Kumm., 1871"
878,"Mycena galopus (Pers.) P.Kumm., 1871/2238568311-257484.JPG","Mycena galopus (Pers.) P.Kumm., 1871"
879,"Mycena galopus (Pers.) P.Kumm., 1871/2238152244-82239.JPG","Mycena galopus (Pers.) P.Kumm., 1871"
880,Mycena pura (Pers.) Sacc./2862692394-137144.JPG,Mycena pura (Pers.) Sacc.
881,Mycena pura (Pers.) Sacc./2862701328-63403.JPG,Mycena pura (Pers.) Sacc.
882,Mycena pura (Pers.) Sacc./2421823861-267746.JPG,Mycena pura (Pers.) Sacc.
883,Mycena pura (Pers.) Sacc./2238403273-15074.JPG,Mycena pura (Pers.) Sacc.
884,Mycena pura (Pers.) Sacc./2424124323-45856.JPG,Mycena pura (Pers.) Sacc.
885,Mycena pura (Pers.) Sacc./2238545846-252744.JPG,Mycena pura (Pers.) Sacc.
886,Mycena pura (Pers.) Sacc./2984619389-146342.JPG,Mycena pura (Pers.) Sacc.
887,Mycena pura (Pers.) Sacc./2862698397-361307.JPG,Mycena pura (Pers.) Sacc.
888,Mycena pura (Pers.) Sacc./2238520673-26200.JPG,Mycena pura (Pers.) Sacc.
889,Mycena pura (Pers.) Sacc./2351006758-42310.JPG,Mycena pura (Pers.) Sacc.
890,Mycena pura (Pers.) Sacc./2425494476-268951.JPG,Mycena pura (Pers.) Sacc.
891,Mycena pura (Pers.) Sacc./2898624359-142447.JPG,Mycena pura (Pers.) Sacc.
892,Mycena pura (Pers.) Sacc./2238380160-162373.JPG,Mycena pura (Pers.) Sacc.
893,Mycena pura (Pers.) Sacc./2238578662-335049.JPG,Mycena pura (Pers.) Sacc.
894,Mycena pura (Pers.) Sacc./2238181229-83292.JPG,Mycena pura (Pers.) Sacc.
895,Mycena pura (Pers.) Sacc./2424122493-45498.JPG,Mycena pura (Pers.) Sacc.
896,Mycena pura (Pers.) Sacc./2238523587-324162.JPG,Mycena pura (Pers.) Sacc.
897,Mycena pura (Pers.) Sacc./2238086738-5876.JPG,Mycena pura (Pers.) Sacc.
898,Mycena pura (Pers.) Sacc./2964218412-369257.JPG,Mycena pura (Pers.) Sacc.
899,Mycena pura (Pers.) Sacc./2989717316-296837.JPG,Mycena pura (Pers.) Sacc.
900,Mycena pura (Pers.) Sacc./2238580243-37664.JPG,Mycena pura (Pers.) Sacc.
901,Mycena pura (Pers.) Sacc./2237940795-151905.JPG,Mycena pura (Pers.) Sacc.
902,Mycena pura (Pers.) Sacc./2238403479-89290.JPG,Mycena pura (Pers.) Sacc.
903,Mycena pura (Pers.) Sacc./2864901360-212134.JPG,Mycena pura (Pers.) Sacc.
904,Mycena pura (Pers.) Sacc./2237923755-151509.JPG,Mycena pura (Pers.) Sacc.
905,Mycena pura (Pers.) Sacc./2864916397-362530.JPG,Mycena pura (Pers.) Sacc.
906,Mycena pura (Pers.) Sacc./2460547904-126158.JPG,Mycena pura (Pers.) Sacc.
907,Mycena pura (Pers.) Sacc./2238588436-261701.JPG,Mycena pura (Pers.) Sacc.
908,Mycena pura (Pers.) Sacc./2883270305-216217.JPG,Mycena pura (Pers.) Sacc.
909,Mycena pura (Pers.) Sacc./2417206080-192564.JPG,Mycena pura (Pers.) Sacc.
910,Mycena pura (Pers.) Sacc./2417206080-192565.JPG,Mycena pura (Pers.) Sacc.
911,Mycena pura (Pers.) Sacc./2351007656-265034.JPG,Mycena pura (Pers.) Sacc.
912,Mycena pura (Pers.) Sacc./2238529348-27709.JPG,Mycena pura (Pers.) Sacc.
913,Mycena pura (Pers.) Sacc./2238190557-307161.JPG,Mycena pura (Pers.) Sacc.
914,Mycena pura (Pers.) Sacc./2238529348-27710.JPG,Mycena pura (Pers.) Sacc.
915,Mycena pura (Pers.) Sacc./2238509724-98506.JPG,Mycena pura (Pers.) Sacc.
916,Mycena pura (Pers.) Sacc./2238524420-174984.JPG,Mycena pura (Pers.) Sacc.
917,Mycena pura (Pers.) Sacc./2238524857-324395.JPG,Mycena pura (Pers.) Sacc.
918,Mycena pura (Pers.) Sacc./2874314507-364676.JPG,Mycena pura (Pers.) Sacc.
919,Mycena pura (Pers.) Sacc./2986446350-221441.JPG,Mycena pura (Pers.) Sacc.
920,Boletus edulis Bull./2862684424-136769.JPG,Boletus edulis Bull.
921,Boletus edulis Bull./2238436365-164705.JPG,Boletus edulis Bull.
922,Boletus edulis Bull./2898618426-291278.JPG,Boletus edulis Bull.
923,Boletus edulis Bull./2860299375-210609.JPG,Boletus edulis Bull.
924,Boletus edulis Bull./2238180318-8993.JPG,Boletus edulis Bull.
925,Boletus edulis Bull./2427875350-196079.JPG,Boletus edulis Bull.
926,Boletus edulis Bull./2862690466-286007.JPG,Boletus edulis Bull.
927,Boletus edulis Bull./2332527890-190273.JPG,Boletus edulis Bull.
928,Boletus edulis Bull./2860311362-360562.JPG,Boletus edulis Bull.
929,Boletus edulis Bull./2238550397-329278.JPG,Boletus edulis Bull.
930,Boletus edulis Bull./2238162178-8379.JPG,Boletus edulis Bull.
931,Boletus edulis Bull./2238564515-182881.JPG,Boletus edulis Bull.
932,Boletus edulis Bull./2238558346-255554.JPG,Boletus edulis Bull.
933,Boletus edulis Bull./2818080312-358036.JPG,Boletus edulis Bull.
934,Boletus edulis Bull./2821591325-208724.JPG,Boletus edulis Bull.
935,Boletus edulis Bull./2238564515-182880.JPG,Boletus edulis Bull.
936,Boletus edulis Bull./2575120938-55570.JPG,Boletus edulis Bull.
937,Boletus edulis Bull./2238557791-255420.JPG,Boletus edulis Bull.
938,Boletus edulis Bull./2238556602-330597.JPG,Boletus edulis Bull.
939,Boletus edulis Bull./2238524485-174997.JPG,Boletus edulis Bull.
940,Boletus edulis Bull./2421821850-193291.JPG,Boletus edulis Bull.
941,Boletus edulis Bull./2238458315-165867.JPG,Boletus edulis Bull.
942,Boletus edulis Bull./2238570420-183873.JPG,Boletus edulis Bull.
943,Boletus edulis Bull./2883258460-215499.JPG,Boletus edulis Bull.
944,Boletus edulis Bull./2425495872-344448.JPG,Boletus edulis Bull.
945,Boletus edulis Bull./2238514188-25218.JPG,Boletus edulis Bull.
946,Boletus edulis Bull./2818078304-134189.JPG,Boletus edulis Bull.
947,Boletus edulis Bull./2864907452-362048.JPG,Boletus edulis Bull.
948,Boletus edulis Bull./2382319304-117017.JPG,Boletus edulis Bull.
949,Boletus edulis Bull./2421821355-193176.JPG,Boletus edulis Bull.
950,Boletus edulis Bull./2238508961-246507.JPG,Boletus edulis Bull.
951,Boletus edulis Bull./2862694327-361112.JPG,Boletus edulis Bull.
952,Boletus edulis Bull./2238560017-331395.JPG,Boletus edulis Bull.
953,Boletus edulis Bull./2238510707-322150.JPG,Boletus edulis Bull.
954,Boletus edulis Bull./2237913491-225298.JPG,Boletus edulis Bull.
955,Boletus edulis Bull./2238378547-311669.JPG,Boletus edulis Bull.
956,Boletus edulis Bull./2238151276-230242.JPG,Boletus edulis Bull.
957,Boletus edulis Bull./2818080312-358035.JPG,Boletus edulis Bull.
958,Boletus edulis Bull./2238556086-255035.JPG,Boletus edulis Bull.
959,Boletus edulis Bull./2816356336-282328.JPG,Boletus edulis Bull.
960,Amanita fulva (Schaeff.) Fr./2238572676-258245.JPG,Amanita fulva (Schaeff.) Fr.
961,Amanita fulva (Schaeff.) Fr./2238159176-230574.JPG,Amanita fulva (Schaeff.) Fr.
962,Amanita fulva (Schaeff.) Fr./2238567886-257410.JPG,Amanita fulva (Schaeff.) Fr.
963,Amanita fulva (Schaeff.) Fr./2417208125-193009.JPG,Amanita fulva (Schaeff.) Fr.
964,Amanita fulva (Schaeff.) Fr./2238551125-180189.JPG,Amanita fulva (Schaeff.) Fr.
965,Amanita fulva (Schaeff.) Fr./2332528720-190475.JPG,Amanita fulva (Schaeff.) Fr.
966,Amanita fulva (Schaeff.) Fr./2238418803-15593.JPG,Amanita fulva (Schaeff.) Fr.
967,Amanita fulva (Schaeff.) Fr./2238557990-181608.JPG,Amanita fulva (Schaeff.) Fr.
968,Amanita fulva (Schaeff.) Fr./2238220108-10959.JPG,Amanita fulva (Schaeff.) Fr.
969,Amanita fulva (Schaeff.) Fr./2303159525-189865.JPG,Amanita fulva (Schaeff.) Fr.
970,Amanita fulva (Schaeff.) Fr./2331571123-41721.JPG,Amanita fulva (Schaeff.) Fr.
971,Amanita fulva (Schaeff.) Fr./2274829595-189427.JPG,Amanita fulva (Schaeff.) Fr.
972,Amanita fulva (Schaeff.) Fr./2864898439-137734.JPG,Amanita fulva (Schaeff.) Fr.
973,Amanita fulva (Schaeff.) Fr./2238556927-330683.JPG,Amanita fulva (Schaeff.) Fr.
974,Amanita fulva (Schaeff.) Fr./2864911337-362224.JPG,Amanita fulva (Schaeff.) Fr.
975,Amanita fulva (Schaeff.) Fr./2265771984-114803.JPG,Amanita fulva (Schaeff.) Fr.
976,Amanita fulva (Schaeff.) Fr./2883260477-365363.JPG,Amanita fulva (Schaeff.) Fr.
977,Amanita fulva (Schaeff.) Fr./2238466514-92083.JPG,Amanita fulva (Schaeff.) Fr.
978,Amanita fulva (Schaeff.) Fr./2351008003-42544.JPG,Amanita fulva (Schaeff.) Fr.
979,Amanita fulva (Schaeff.) Fr./2238515663-25436.JPG,Amanita fulva (Schaeff.) Fr.
980,Amanita fulva (Schaeff.) Fr./2238572641-258236.JPG,Amanita fulva (Schaeff.) Fr.
981,Amanita fulva (Schaeff.) Fr./2238469465-166698.JPG,Amanita fulva (Schaeff.) Fr.
982,Amanita fulva (Schaeff.) Fr./2862686415-211183.JPG,Amanita fulva (Schaeff.) Fr.
983,Amanita fulva (Schaeff.) Fr./2868477426-288031.JPG,Amanita fulva (Schaeff.) Fr.
984,Amanita fulva (Schaeff.) Fr./2238159074-82472.JPG,Amanita fulva (Schaeff.) Fr.
985,Amanita fulva (Schaeff.) Fr./2860308430-210923.JPG,Amanita fulva (Schaeff.) Fr.
986,Amanita fulva (Schaeff.) Fr./2351008003-42543.JPG,Amanita fulva (Schaeff.) Fr.
987,Amanita fulva (Schaeff.) Fr./2238503272-320857.JPG,Amanita fulva (Schaeff.) Fr.
988,Amanita fulva (Schaeff.) Fr./2417208125-193010.JPG,Amanita fulva (Schaeff.) Fr.
989,Amanita fulva (Schaeff.) Fr./2269197997-338404.JPG,Amanita fulva (Schaeff.) Fr.
990,Amanita fulva (Schaeff.) Fr./2864898439-137733.JPG,Amanita fulva (Schaeff.) Fr.
991,Amanita fulva (Schaeff.) Fr./2238497540-170640.JPG,Amanita fulva (Schaeff.) Fr.
992,Amanita fulva (Schaeff.) Fr./2332528353-42058.JPG,Amanita fulva (Schaeff.) Fr.
993,Amanita fulva (Schaeff.) Fr./2238559725-181985.JPG,Amanita fulva (Schaeff.) Fr.
994,Amanita fulva (Schaeff.) Fr./2274829688-41060.JPG,Amanita fulva (Schaeff.) Fr.
995,Amanita fulva (Schaeff.) Fr./2864914351-287368.JPG,Amanita fulva (Schaeff.) Fr.
996,Amanita fulva (Schaeff.) Fr./2238502499-97244.JPG,Amanita fulva (Schaeff.) Fr.
997,Amanita fulva (Schaeff.) Fr./2238559154-107693.JPG,Amanita fulva (Schaeff.) Fr.
998,Amanita fulva (Schaeff.) Fr./2238577590-185468.JPG,Amanita fulva (Schaeff.) Fr.
999,Amanita fulva (Schaeff.) Fr./2238474363-18902.JPG,Amanita fulva (Schaeff.) Fr.
