,filepath,class
0,Lamium_galeobdolon/8a4a22eaf39a2d60987d045ad4b6bf40b0c0f2a2.jpg,Lamium_galeobdolon
1,Lamium_galeobdolon/975674ec5b39813f249ad56b86ee162b6ffd37f0.jpg,Lamium_galeobdolon
2,Lamium_galeobdolon/9bd76d216ed83b00adacbf35a7f0e9546938776e.jpg,Lamium_galeobdolon
3,Lamium_galeobdolon/11a965e57bf7683526622883486670b0b836fcda.jpg,Lamium_galeobdolon
4,Lamium_galeobdolon/db526d36d6961ce07b219fcc2fdc7a1fe209bf31.jpg,Lamium_galeobdolon
5,Lamium_galeobdolon/ae2b781cf92ef070bd63995947d96f0298093301.jpg,Lamium_galeobdolon
6,Lamium_galeobdolon/8eb8036b33b1b231b989a8720fe5099f862d29dc.jpg,Lamium_galeobdolon
7,Lamium_galeobdolon/bd4056006199d6c20c2856258d02d450451b3800.jpg,Lamium_galeobdolon
8,Lamium_galeobdolon/6bc495687e4925c657ce275e0d6b4f1060e4c3f2.jpg,Lamium_galeobdolon
9,Lamium_galeobdolon/9b6fe16e279693a9cd9b91ce1a9ba8e6729de8b3.jpg,Lamium_galeobdolon
10,Lamium_galeobdolon/8619f8c99fe2fe283c7a15590138c57738ee6334.jpg,Lamium_galeobdolon
11,Lamium_galeobdolon/b8594ea1aa5b8f562a69aaba9838773ca806e49b.jpg,Lamium_galeobdolon
12,Lamium_galeobdolon/ed888e9b3b4dc64fa35b9c0b028cd28227f6e02b.jpg,Lamium_galeobdolon
13,Lamium_galeobdolon/6fc537b2a1b7af722882c8cefdd1916259cae14a.jpg,Lamium_galeobdolon
14,Lamium_galeobdolon/3310f936ba7cfa7fda1f2beee87c2c39ee20433a.jpg,Lamium_galeobdolon
15,Lamium_galeobdolon/f995532fab5616bc528d5d85fe5015592165c9fd.jpg,Lamium_galeobdolon
16,Lamium_galeobdolon/20ae651cf38d62daa40a25ae6cb2c18813049406.jpg,Lamium_galeobdolon
17,Lamium_galeobdolon/31934cc2db40cb5b63b1d7957d48e0e7f8c213e0.jpg,Lamium_galeobdolon
18,Lamium_galeobdolon/00b9df2431315272130c52b4007eb8298c21e78e.jpg,Lamium_galeobdolon
19,Lamium_galeobdolon/f88b132c80ec8b9d0be96c4da813c442e782715b.jpg,Lamium_galeobdolon
20,Lamium_galeobdolon/db8ef2af8954d1c845f23bd824513ea1b2307f4b.jpg,Lamium_galeobdolon
21,Lamium_galeobdolon/119ebe8dfd741b0a81c7765a92bf541c1f8d17b7.jpg,Lamium_galeobdolon
22,Lamium_galeobdolon/7f954889181482754f7e6d4946861c48be709372.jpg,Lamium_galeobdolon
23,Lamium_galeobdolon/df2c3777491ccb5154ebb0f737e40f5918103a2e.jpg,Lamium_galeobdolon
24,Lamium_galeobdolon/86ea85fa2dfdac947ec13ea2ff926364b76246b7.jpg,Lamium_galeobdolon
25,Lamium_galeobdolon/d653c9bddd5c61710827daf4f7f1e688ff0f5bdd.jpg,Lamium_galeobdolon
26,Lamium_galeobdolon/b9e37e7fdb7fb4456a18d13dba67bec8c5e961a5.jpg,Lamium_galeobdolon
27,Lamium_galeobdolon/532fe0dd9aaf3d33ab1db81699895db309defe21.jpg,Lamium_galeobdolon
28,Lamium_galeobdolon/649408c95b9f1855a6e4686551b14d36ecb2dec3.jpg,Lamium_galeobdolon
29,Lamium_galeobdolon/ff0365d8a8d4622bff349645adc8f46f468b7c6e.jpg,Lamium_galeobdolon
30,Lamium_galeobdolon/a590db649d81f813d841fe5fc95496cd12478dbe.jpg,Lamium_galeobdolon
31,Lamium_galeobdolon/145bbad139bd804e02ad0c223dbdc9687c366625.jpg,Lamium_galeobdolon
32,Lamium_galeobdolon/c4f879aba31ae038838a7cbe064405b373b38827.jpg,Lamium_galeobdolon
33,Lamium_galeobdolon/9805c743133dc0da5bc1a27599f34aade810373a.jpg,Lamium_galeobdolon
34,Lamium_galeobdolon/6c0bd82eb824d511ac183d5aee4cf7679ed1d317.jpg,Lamium_galeobdolon
35,Lamium_galeobdolon/be679b12d012d3f36aad24058a632ea602e3f4ab.jpg,Lamium_galeobdolon
36,Lamium_galeobdolon/240909189940d25f7a404e6dc4bd46e81e73c497.jpg,Lamium_galeobdolon
37,Lamium_galeobdolon/f220788c546b4f3332ee558774b08007be0c741b.jpg,Lamium_galeobdolon
38,Lamium_galeobdolon/e3a27f85546e647b20836c36eee637850255951e.jpg,Lamium_galeobdolon
39,Lamium_galeobdolon/be7fa7362f72a0ba5ed44c999d607852405c8119.jpg,Lamium_galeobdolon
40,Centranthus_ruber/860e8fc62c593797992b10073d8f958803e9f4f4.jpg,Centranthus_ruber
41,Centranthus_ruber/56a3bf90bc7469b1f286295a2fd7d6194b030f76.jpg,Centranthus_ruber
42,Centranthus_ruber/846e5a57065c0405df7856cae1ece61c929e1670.jpg,Centranthus_ruber
43,Centranthus_ruber/2f18b87d29a7702c445fe0802a957901637483b6.jpg,Centranthus_ruber
44,Centranthus_ruber/d1b11d82fe4563e4bfee34ca99310911f119f7f9.jpg,Centranthus_ruber
45,Centranthus_ruber/5edff57878287941853824fc9ef9284bb1833746.jpg,Centranthus_ruber
46,Centranthus_ruber/a9a816f7effac3458b5795f03f2bfc6c572687f4.jpg,Centranthus_ruber
47,Centranthus_ruber/919e020694a3821fc4ddc3ed0dbca234ba461542.jpg,Centranthus_ruber
48,Centranthus_ruber/f08a27eb1b3b581c62d35d772ce5cc0a88d13151.jpg,Centranthus_ruber
49,Centranthus_ruber/ad97acebc675aa5d4583bc511996f309dfb49a00.jpg,Centranthus_ruber
50,Centranthus_ruber/2111b3117fab5884dfa276d38ed96c9cedac52cf.jpg,Centranthus_ruber
51,Centranthus_ruber/53caad90ed44ed97a783b5a26bb7e6e3564cc8b6.jpg,Centranthus_ruber
52,Centranthus_ruber/4295029940e8853a76ac21d8a7ab3d2176936a5a.jpg,Centranthus_ruber
53,Centranthus_ruber/af43fec945fb1a42d657dc1309d5b97de9c59d42.jpg,Centranthus_ruber
54,Centranthus_ruber/0728570fcc5c868f1e33bdf34d5ba2a6f60ddf37.jpg,Centranthus_ruber
55,Centranthus_ruber/5819fbafd6ac7fa85bd55e79f40a9ce77d769ac1.jpg,Centranthus_ruber
56,Centranthus_ruber/308cbddcced0a13e6475f646bc2105fee635903f.jpg,Centranthus_ruber
57,Centranthus_ruber/4a85237a9b14bae87bf74cf7a909b3feea6404d1.jpg,Centranthus_ruber
58,Centranthus_ruber/9029832741f94d3a5929b178a50ae5ff15e631a6.jpg,Centranthus_ruber
59,Centranthus_ruber/f6503f9897e54979e62495b094910bd40cb1f041.jpg,Centranthus_ruber
60,Centranthus_ruber/cf92b9805aed9f200750a1dfb018c277cc168c94.jpg,Centranthus_ruber
61,Centranthus_ruber/757f44fdc6c4a9177728e43b93d88b85566419c7.jpg,Centranthus_ruber
62,Centranthus_ruber/a17819d9c93abedfaff8ec2f29e26ff2ea9b5072.jpg,Centranthus_ruber
63,Centranthus_ruber/5a3065b67869128ae10751bd79fc84212192cebc.jpg,Centranthus_ruber
64,Centranthus_ruber/28767d44be09525899f700de130cbaecca1d8639.jpg,Centranthus_ruber
65,Centranthus_ruber/b2ab2d8bbf2ab21e3a5227d6b085e7dd3c98f575.jpg,Centranthus_ruber
66,Centranthus_ruber/c90072f036cc0b1393d8b63c5725e1060d4a4c2d.jpg,Centranthus_ruber
67,Centranthus_ruber/27c0b927b6998da43d8503ef8631ba086802b314.jpg,Centranthus_ruber
68,Centranthus_ruber/3934d70caffdb957f1388dd7c29bc88a90de08f5.jpg,Centranthus_ruber
69,Centranthus_ruber/bc4a9cbf192f46f3d5ef3fa4803d88419f2b3c7f.jpg,Centranthus_ruber
70,Centranthus_ruber/cd873ae43fb893809584cede147415db4dff0e90.jpg,Centranthus_ruber
71,Centranthus_ruber/af204b800bf189dcd7e2039e596b8cba331d0846.jpg,Centranthus_ruber
72,Centranthus_ruber/97521785d08963f084978380d11e3cddcbe1100b.jpg,Centranthus_ruber
73,Centranthus_ruber/9d07f03724dd9ed9d1458539b246ef71783d1ea1.jpg,Centranthus_ruber
74,Centranthus_ruber/7dcaeee2b0050f177429f272176b430dd36d0fa7.jpg,Centranthus_ruber
75,Centranthus_ruber/07011b9b0d3b4612379170491f1c2113b15921e8.jpg,Centranthus_ruber
76,Centranthus_ruber/2f86e4fd5bb9adc75fea9953663d350987143d9e.jpg,Centranthus_ruber
77,Centranthus_ruber/7e17e0e6f09998e26c27ffb69e916863af73e947.jpg,Centranthus_ruber
78,Centranthus_ruber/ea8d2733f90f9ed838d6252ff7b3b85a9263ed45.jpg,Centranthus_ruber
79,Centranthus_ruber/f480091a29392e3e81010aa4fcd808e1653f5dcc.jpg,Centranthus_ruber
80,Calendula_officinalis/a7382be14316dbb49602ae663316a5282a5e5c8e.jpg,Calendula_officinalis
81,Calendula_officinalis/931845449678eb6133227ff66a9e1d576a903dce.jpg,Calendula_officinalis
82,Calendula_officinalis/e3fe78885485ccd82889924ddc836d5aa5c900d7.jpg,Calendula_officinalis
83,Calendula_officinalis/8e30b833f343ed45a74dabbac42b9e6502d0c46d.jpg,Calendula_officinalis
84,Calendula_officinalis/90a40119a959949745de5a96b3e849f946c41dc3.jpg,Calendula_officinalis
85,Calendula_officinalis/d6b23001d69dca3090e8f51a84abb3d398ed1782.jpg,Calendula_officinalis
86,Calendula_officinalis/8b491f12f2c609765545855e4ceb5c056cc68ff0.jpg,Calendula_officinalis
87,Calendula_officinalis/ef4830dc6d790a63df8caf0fd0901e0989033632.jpg,Calendula_officinalis
88,Calendula_officinalis/51ee910b933d296d30812d7a0062a826cd187daa.jpg,Calendula_officinalis
89,Calendula_officinalis/1fa516bb9f27cf9e298305b3e4f917c477398b3d.jpg,Calendula_officinalis
90,Calendula_officinalis/8abd64608967f0603e982b53bedb6104c0fe50f9.jpg,Calendula_officinalis
91,Calendula_officinalis/7fdee8c7502c5cc8d87ed7e82054d34f018c80bf.jpg,Calendula_officinalis
92,Calendula_officinalis/2925445edb792d71a549542a98267c289b81aa96.jpg,Calendula_officinalis
93,Calendula_officinalis/c18636744b865bd652bdc57be567dc0dc396ba02.jpg,Calendula_officinalis
94,Calendula_officinalis/8661b2eb2ae885c0c6f3e87b144f8a919d406f26.jpg,Calendula_officinalis
95,Calendula_officinalis/0481985fedcc1df2af7a86fb17813da1e409f925.jpg,Calendula_officinalis
96,Calendula_officinalis/717d2ea29b64df1881d3ccd43c824254b61ad28a.jpg,Calendula_officinalis
97,Calendula_officinalis/7e3611d042c7c3b510bfde1f9b06137baa37c83d.jpg,Calendula_officinalis
98,Calendula_officinalis/6fe1921c6b6e3f9dcfc90defbebb215350801880.jpg,Calendula_officinalis
99,Calendula_officinalis/4d4c4fee26c1e90c2882d6092e462e0acb7b3450.jpg,Calendula_officinalis
100,Calendula_officinalis/c865123c336c9c24d179467899b22f059f52ca3c.jpg,Calendula_officinalis
101,Calendula_officinalis/ae2c05c8bccd35dd453708eb1b23a865f511940d.jpg,Calendula_officinalis
102,Calendula_officinalis/385ec823ea72d90c17bd1657b0df9d402c515b03.jpg,Calendula_officinalis
103,Calendula_officinalis/90e67bce51758a88d7ae062166170e1160c67e38.jpg,Calendula_officinalis
104,Calendula_officinalis/bf3576b35516d374b9f05182e6ce5fb75be2fd8e.jpg,Calendula_officinalis
105,Calendula_officinalis/09e07e8b5d467b7b7e55fe39871e4b0efb226fd0.jpg,Calendula_officinalis
106,Calendula_officinalis/24238e371c321353a610fe9f03670fa4f245e181.jpg,Calendula_officinalis
107,Calendula_officinalis/7966e57bb279904c1996862084700e02753c2c4c.jpg,Calendula_officinalis
108,Calendula_officinalis/8bf1dbe9e9222b15c7cec95ade8cdf45556110bd.jpg,Calendula_officinalis
109,Calendula_officinalis/9511210e1c9dcbdbde14329b74754a211d2b7765.jpg,Calendula_officinalis
110,Calendula_officinalis/28d859f2dd2796f543ff1e830c43d55e9e39da8b.jpg,Calendula_officinalis
111,Calendula_officinalis/4b6964218706da103643ca1af61edd29ee41bf98.jpg,Calendula_officinalis
112,Calendula_officinalis/5fc611745925e039ac69070092ab2beb0f2359ea.jpg,Calendula_officinalis
113,Calendula_officinalis/1741eb6679e9c4736f9a1c9d2d0015b1018e2cd5.jpg,Calendula_officinalis
114,Calendula_officinalis/44214b8ccd6c21164297bf8ea9b28a85b242ef3d.jpg,Calendula_officinalis
115,Calendula_officinalis/3d28cc02f5b07bd52ba279c2cc8d056f939ec838.jpg,Calendula_officinalis
116,Calendula_officinalis/ed7ad27ccdb97fdc9b876983a6123591e338f753.jpg,Calendula_officinalis
117,Calendula_officinalis/40d241017f5dac81f6eea9d441fcf4874aa42f5d.jpg,Calendula_officinalis
118,Calendula_officinalis/98a2703024334a6c51eb48e4da2017d02672bfef.jpg,Calendula_officinalis
119,Calendula_officinalis/9a3983d61bbd286de0fb9c4402da0d6de46a6449.jpg,Calendula_officinalis
120,Aegopodium_podagraria/99b46decd1e05cec2f104f672f3c36c3c14701a1.jpg,Aegopodium_podagraria
121,Aegopodium_podagraria/b2a61387f9c187379797747eac1a3a559cd8cbfc.jpg,Aegopodium_podagraria
122,Aegopodium_podagraria/05b3d58fe4d7567128f10e580b6659a39e91c97b.jpg,Aegopodium_podagraria
123,Aegopodium_podagraria/376fcd7ae81c24e8544e6e91c7499774e1cdaab0.jpg,Aegopodium_podagraria
124,Aegopodium_podagraria/8a67e3b576f6c531d0a92bf958f6c41f0f8e40e7.jpg,Aegopodium_podagraria
125,Aegopodium_podagraria/919db62ae3fd59a90f41275fd2ef278bf47655e3.jpg,Aegopodium_podagraria
126,Aegopodium_podagraria/6f44f234c4b3932d2db376286bff4df71b39e89f.jpg,Aegopodium_podagraria
127,Aegopodium_podagraria/ebad37855bb89f0dc6e2306e98a5188012c71b63.jpg,Aegopodium_podagraria
128,Aegopodium_podagraria/30e3e60233bb28a76b60988886f98d193e76a847.jpg,Aegopodium_podagraria
129,Aegopodium_podagraria/f698c7fde0f9115eb9b4d30c6716531de26fd130.jpg,Aegopodium_podagraria
130,Aegopodium_podagraria/8a8915f63f8a9c02f45a1599cd8da9e717c7cd81.jpg,Aegopodium_podagraria
131,Aegopodium_podagraria/b378f61d164a006d11e9cd5c77086fb7af4204fe.jpg,Aegopodium_podagraria
132,Aegopodium_podagraria/3e0154c3125e0d12257ae0b4b67da7cbad61a78c.jpg,Aegopodium_podagraria
133,Aegopodium_podagraria/e66d0f27741742c46aa2ee20f496b3cb77d161bd.jpg,Aegopodium_podagraria
134,Aegopodium_podagraria/af919173c1a6eb6d86a2d9be935ba6a691ad9e68.jpg,Aegopodium_podagraria
135,Aegopodium_podagraria/bc1f0d996f4439cc8d44710f1fa93669d9db9f05.jpg,Aegopodium_podagraria
136,Aegopodium_podagraria/4766f8903a073508f0af5124254af6c634e9080c.jpg,Aegopodium_podagraria
137,Aegopodium_podagraria/907d4ae81fce183278eaf9d3f8bcffd07b570bf8.jpg,Aegopodium_podagraria
138,Aegopodium_podagraria/80722e700d0ca08a5ddd8ab94c3c949696789c83.jpg,Aegopodium_podagraria
139,Aegopodium_podagraria/da87333ccb935c1cfc412edb4c4ebfd3faa46804.jpg,Aegopodium_podagraria
140,Aegopodium_podagraria/49a9faa7d13688d892d84679b17bf5e31828365e.jpg,Aegopodium_podagraria
141,Aegopodium_podagraria/b57c865d6202d94bc16956ac0040a7af21a6361b.jpg,Aegopodium_podagraria
142,Aegopodium_podagraria/62d4aa794a8ad132b2bdeffe33dcef13da2c2a55.jpg,Aegopodium_podagraria
143,Aegopodium_podagraria/4e7e5586b191ba6deb14d24b481e89e6e7b370aa.jpg,Aegopodium_podagraria
144,Aegopodium_podagraria/83f6c6599530ee34d5fc366f513465116161f49b.jpg,Aegopodium_podagraria
145,Aegopodium_podagraria/42c3920536a02edce930a7baf7c34459a2f36be6.jpg,Aegopodium_podagraria
146,Aegopodium_podagraria/902106add8a7ef4856f4f2358dc77bcfb7e549ea.jpg,Aegopodium_podagraria
147,Aegopodium_podagraria/f364ef02e540ab0ae9b73d8c4ecd262a70e812ae.jpg,Aegopodium_podagraria
148,Aegopodium_podagraria/d8a85a9658f9cd9c878ddb56b8f2a3fb10318d90.jpg,Aegopodium_podagraria
149,Aegopodium_podagraria/9f9063f8d1fa9f63d9b6877f43b50a866a2dff7e.jpg,Aegopodium_podagraria
150,Aegopodium_podagraria/f60a9077b280d1a03c411c01cc51cb964b32f44a.jpg,Aegopodium_podagraria
151,Aegopodium_podagraria/c9691db8d1803859c91591d6b8f1a2c00c8a6ccd.jpg,Aegopodium_podagraria
152,Aegopodium_podagraria/0488f63f16edde28415feb59be8aa4b9412adc35.jpg,Aegopodium_podagraria
153,Aegopodium_podagraria/03581bb0feeb16cc9326de5b745717afb86d0d23.jpg,Aegopodium_podagraria
154,Aegopodium_podagraria/250ad2a0fe47e66ab7c600f2a0554d318f8fcbc4.jpg,Aegopodium_podagraria
155,Aegopodium_podagraria/774b651766422d96baea4613b6a3c4a04fe106aa.jpg,Aegopodium_podagraria
156,Aegopodium_podagraria/723a896512f755b47a663436a0202f71020a46af.jpg,Aegopodium_podagraria
157,Aegopodium_podagraria/d5d019942f126cf853959f78ca37b9981132429e.jpg,Aegopodium_podagraria
158,Aegopodium_podagraria/1b14fec1b348cc2a9a464eba6db4a9b260d0f5c0.jpg,Aegopodium_podagraria
159,Aegopodium_podagraria/e88defb61bc4dd0c86c0b87a3b4dc8972e44768c.jpg,Aegopodium_podagraria
160,Alcea_rosea/b87519c95ce1f183654f6dbe477c60079654ed3e.jpg,Alcea_rosea
161,Alcea_rosea/e13d101636d640b49c2812894d72f59e4547312f.jpg,Alcea_rosea
162,Alcea_rosea/337e9e730011d951191cdb60b0e59af3cd4e8346.jpg,Alcea_rosea
163,Alcea_rosea/32b43fe5b9baeaa9215d4ad63f17fb302dd60ff5.jpg,Alcea_rosea
164,Alcea_rosea/261f58a6c0b2208bff47a8af5bb79e7b4819a247.jpg,Alcea_rosea
165,Alcea_rosea/732ea1abcccf652a2b6aa6a8fc18425cc772eb35.jpg,Alcea_rosea
166,Alcea_rosea/61e89fbf30cf79535ba94351c104108e39492a25.jpg,Alcea_rosea
167,Alcea_rosea/2b87fb16d8fe84ba42631bfc401c4a9d825f51cb.jpg,Alcea_rosea
168,Alcea_rosea/cb0e87f07dc73f0e794127415581e4e1405c26f9.jpg,Alcea_rosea
169,Alcea_rosea/c354d838efb415e3fc5e1c6878016d6bd73f4368.jpg,Alcea_rosea
170,Alcea_rosea/8c2f71d997a8c1a363396e39c9171585f990725b.jpg,Alcea_rosea
171,Alcea_rosea/01a37de6d44058291b050ac7ffdd3627ca73415d.jpg,Alcea_rosea
172,Alcea_rosea/c7c757cbe5698953368d1219731f59acb5d723d1.jpg,Alcea_rosea
173,Alcea_rosea/7697a27f483b8e7cd5c5079869e26d7b9f998474.jpg,Alcea_rosea
174,Alcea_rosea/d14ac7355e5612c6e99910836ccf7559f2fc1f63.jpg,Alcea_rosea
175,Alcea_rosea/8277e09bd229c1f11325f950d77caa92201a0963.jpg,Alcea_rosea
176,Alcea_rosea/16159468194ddc9968031444bd3dffc95edbf806.jpg,Alcea_rosea
177,Alcea_rosea/a739f648fe277aadf3b3ffe25b0e4555a8457e30.jpg,Alcea_rosea
178,Alcea_rosea/cea16da1740695971e9c0f3620f858f5018343b7.jpg,Alcea_rosea
179,Alcea_rosea/3efb3b85bf2c1c278feb190445320dd506c95f4c.jpg,Alcea_rosea
180,Alcea_rosea/469ff3f3f1865148e984562cb863e0166acd5bd2.jpg,Alcea_rosea
181,Alcea_rosea/fbaa35cdeb36de47560dbbaf2856391fac714950.jpg,Alcea_rosea
182,Alcea_rosea/4d526db8f9ae79202b69d5743130de8098ceda4e.jpg,Alcea_rosea
183,Alcea_rosea/a3a9d7827fb6240335c82d84492399f59904e4b8.jpg,Alcea_rosea
184,Alcea_rosea/426e22294d667ece690c30b7762ff0ab6e9553cd.jpg,Alcea_rosea
185,Alcea_rosea/4351b916da837746d634e8524df34a5276cbc7a4.jpg,Alcea_rosea
186,Alcea_rosea/1a121be1c3b4b1e678d1551341fa98182d412724.jpg,Alcea_rosea
187,Alcea_rosea/310dcfab997fd4df408acb870cc2c922a5aa7311.jpg,Alcea_rosea
188,Alcea_rosea/fe965340e03ad6e8e6bcb13b2e98327a3167459a.jpg,Alcea_rosea
189,Alcea_rosea/2cc38ba3de202f02b336184334e16dc3a1e90fa0.jpg,Alcea_rosea
190,Alcea_rosea/fe2a29fe3c2ab5afe0d19ea79dd9d53d597906c0.jpg,Alcea_rosea
191,Alcea_rosea/d32fb8c012c5dd74fc01601d9f3b773a7ca8368b.jpg,Alcea_rosea
192,Alcea_rosea/d44e96045220de1c2001ffbfb7a5fe3bbaddd6a7.jpg,Alcea_rosea
193,Alcea_rosea/8ce74ff6bd5c6611df791b608bba9b9906dee1d0.jpg,Alcea_rosea
194,Alcea_rosea/0da1069dab6a57a220518cd435aa201f97bc396a.jpg,Alcea_rosea
195,Alcea_rosea/2bdeb06f6c1710bf85b65ac927c1c51424e35b70.jpg,Alcea_rosea
196,Alcea_rosea/96c8e78e403ab142b94b4724f8f427f3a02c16cd.jpg,Alcea_rosea
197,Alcea_rosea/3d66b1915a02a91599cc2fbc883931d99c89424f.jpg,Alcea_rosea
198,Alcea_rosea/cd8069f169d480b843515cb63f6fcc85c8b5b9bd.jpg,Alcea_rosea
199,Alcea_rosea/cd7c6f180e0ce672e1eac5ee96b9e22d3954f510.jpg,Alcea_rosea
200,Pyracantha_coccinea/27f65ebddee22770e97edcb445c38bffb8d3843d.jpg,Pyracantha_coccinea
201,Pyracantha_coccinea/60eea0efaa5f241aea2941e229ce1e62ac005ad6.jpg,Pyracantha_coccinea
202,Pyracantha_coccinea/6205586a89778f9b563ab94b0d377367b0614d8d.jpg,Pyracantha_coccinea
203,Pyracantha_coccinea/c71f331a5454df158891e36817b9b3ee6bc2d215.jpg,Pyracantha_coccinea
204,Pyracantha_coccinea/4e742884a044f071dcf3fbcc0aff48403475c79b.jpg,Pyracantha_coccinea
205,Pyracantha_coccinea/62cc82b7d7eca35b5029156e34fba138c24ef837.jpg,Pyracantha_coccinea
206,Pyracantha_coccinea/b28a5094489c75fa06c63a570450cb41f2012fda.jpg,Pyracantha_coccinea
207,Pyracantha_coccinea/14530fb42d5921e93b335294260bce418beabf77.jpg,Pyracantha_coccinea
208,Pyracantha_coccinea/b07c133b8b4e0c297722dcef5a875148f77e46a4.jpg,Pyracantha_coccinea
209,Pyracantha_coccinea/b38c669ecd461d1ed77ff27dbb6d86bfadf75987.jpg,Pyracantha_coccinea
210,Pyracantha_coccinea/0ad2fa85ab067c92bf7e08bbbd46d4e1eb7b94f4.jpg,Pyracantha_coccinea
211,Pyracantha_coccinea/7204749b61b5502075f395ec57c14c284fe03d38.jpg,Pyracantha_coccinea
212,Pyracantha_coccinea/1ee254defa26fb03aea0f0cfac4bd468edec5e86.jpg,Pyracantha_coccinea
213,Pyracantha_coccinea/6d85f09d8febedfcc6530d9cee38118d78cc5430.jpg,Pyracantha_coccinea
214,Pyracantha_coccinea/7441908e9b97e01ada81763af65172746f7de846.jpg,Pyracantha_coccinea
215,Pyracantha_coccinea/e78657535f460e0818c3df6e0d222c373b291f9f.jpg,Pyracantha_coccinea
216,Pyracantha_coccinea/c8ecf7bf662b6ec091b2d32e313d0b717abba914.jpg,Pyracantha_coccinea
217,Pyracantha_coccinea/ff6bf4138537ecc8726df177f4f39acedd176f8c.jpg,Pyracantha_coccinea
218,Pyracantha_coccinea/8ea8dcc9c248f2b686053da3511ce1776442f7d3.jpg,Pyracantha_coccinea
219,Pyracantha_coccinea/1a39f720cd9896c2271da4278631d583a450b5e9.jpg,Pyracantha_coccinea
220,Pyracantha_coccinea/1d7ae8a7b2f179864f298355a569feb4a4e439ef.jpg,Pyracantha_coccinea
221,Pyracantha_coccinea/1f13e6e37f25fead1d00fc26d98a9a64c84b58f3.jpg,Pyracantha_coccinea
222,Pyracantha_coccinea/3203a99de79931c348628624aaf943e1a796d8c0.jpg,Pyracantha_coccinea
223,Pyracantha_coccinea/808bd905b435abbd443f34e553b6a22477650f32.jpg,Pyracantha_coccinea
224,Pyracantha_coccinea/baefb1a7b1ca25999a4c4eeee317b503de2e9790.jpg,Pyracantha_coccinea
225,Pyracantha_coccinea/13c7d3cb64bc9991c82da88c5edc91b8b59f4b02.jpg,Pyracantha_coccinea
226,Pyracantha_coccinea/4f6c9be2d77c15d4dcd7c2973e152f5bbc2f5aca.jpg,Pyracantha_coccinea
227,Pyracantha_coccinea/6e9e0c030a87bbde3ae1881f7ca91edd3a829505.jpg,Pyracantha_coccinea
228,Pyracantha_coccinea/6681b702506a8b99e11ec25ec55d486664fc4762.jpg,Pyracantha_coccinea
229,Pyracantha_coccinea/b83d46a4f4058081ea40de9089dff429288b79eb.jpg,Pyracantha_coccinea
230,Pyracantha_coccinea/8d956f073d576da109a6558d16bf4b852c149492.jpg,Pyracantha_coccinea
231,Pyracantha_coccinea/809dde1cc3988f54e9ab8330bd0cb1f67988f437.jpg,Pyracantha_coccinea
232,Pyracantha_coccinea/71bdcadb284178dc2aa822317b8567191925d12e.jpg,Pyracantha_coccinea
233,Pyracantha_coccinea/f83cd04b7ea7cdeb157eea01b7fb6e536b3ed3df.jpg,Pyracantha_coccinea
234,Pyracantha_coccinea/5daed85b3ead4da7d248f994563594188f37c7c9.jpg,Pyracantha_coccinea
235,Pyracantha_coccinea/75e1d7e2be842a7a06e4ce0d3c9794906327630a.jpg,Pyracantha_coccinea
236,Pyracantha_coccinea/010b03dbd96324187fe3e3e1f8be587b86c65114.jpg,Pyracantha_coccinea
237,Pyracantha_coccinea/c35fc1a120d274f445709faad97caa204498cd68.jpg,Pyracantha_coccinea
238,Pyracantha_coccinea/041e7dbf0f3ca6e199b4cf7d78fb8179584c10b0.jpg,Pyracantha_coccinea
239,Pyracantha_coccinea/415f35018b65cc09801665ce3b8452ed41118d37.jpg,Pyracantha_coccinea
240,Papaver_somniferum/b118ea7f710a213f825cba0e326e345a1897c0d8.jpg,Papaver_somniferum
241,Papaver_somniferum/951270eaa7ec1bef8f3d6b54e35b69ddff61ca63.jpg,Papaver_somniferum
242,Papaver_somniferum/02ddd806dec4a0907b9adf17d0bcab37a641fc6d.jpg,Papaver_somniferum
243,Papaver_somniferum/4c6a8b38b517ef1cc417f5fac4d01bf54460e3c8.jpg,Papaver_somniferum
244,Papaver_somniferum/1a914d9ad38b8178bda687c4cbb6a197d25e8279.jpg,Papaver_somniferum
245,Papaver_somniferum/18b7e8e44a667cbf4c65dd9a231a71d3bd934922.jpg,Papaver_somniferum
246,Papaver_somniferum/f61a70e899e93077e29258bdc712d951318ffe1b.jpg,Papaver_somniferum
247,Papaver_somniferum/b71636a05e5ec3419ee4f8fadcee4d503ef9a606.jpg,Papaver_somniferum
248,Papaver_somniferum/68c64aec2b2f8a004b8e09a6260171a21455d9c7.jpg,Papaver_somniferum
249,Papaver_somniferum/b45b7216652b9e46635f31f0c0135814b4cce17c.jpg,Papaver_somniferum
250,Papaver_somniferum/e7f2eb3cbc239b75ebb03f6f1a935f1208dc1b9f.jpg,Papaver_somniferum
251,Papaver_somniferum/8f4f8194060f7ca73ece5f4a1881e25888f80383.jpg,Papaver_somniferum
252,Papaver_somniferum/dd91798c38b6ae2a9d3d80eccff824f598f2a671.jpg,Papaver_somniferum
253,Papaver_somniferum/ca67fb9600f5e5b360fa99eac4a6f1d1eff56df6.jpg,Papaver_somniferum
254,Papaver_somniferum/c206389fa15ad15a04c8cfa32833e184776a7d4a.jpg,Papaver_somniferum
255,Papaver_somniferum/9127e38636c36d684fb23e10e3c831d0e9de7f07.jpg,Papaver_somniferum
256,Papaver_somniferum/205c2bf5e16e18bbfcb4d53106dee2f250788aac.jpg,Papaver_somniferum
257,Papaver_somniferum/6d6a42f1142c3b158e038d35a0c4705692c9fdea.jpg,Papaver_somniferum
258,Papaver_somniferum/1e37d70514e10653d7bfa7524273b4fd8e517d76.jpg,Papaver_somniferum
259,Papaver_somniferum/4bd9b575973f9f14e7d9bd29a1bf3f03e4ef05fe.jpg,Papaver_somniferum
260,Papaver_somniferum/8216fafcf6558c9427ef54051326e0b323f1489e.jpg,Papaver_somniferum
261,Papaver_somniferum/a47ca4644c3298bfd7759ded76325519aa2d6320.jpg,Papaver_somniferum
262,Papaver_somniferum/55fdf7f8f2c00c3690fbad639ef12d4cc549718e.jpg,Papaver_somniferum
263,Papaver_somniferum/7c92161ca2b360ec4affc2dbbf06dadde0ad7384.jpg,Papaver_somniferum
264,Papaver_somniferum/95da8fa72b29f49818c08a94fa2d19584492923b.jpg,Papaver_somniferum
265,Papaver_somniferum/8833da249af009ec38aaacaecee035c41c4fa62d.jpg,Papaver_somniferum
266,Papaver_somniferum/16c767064085dc44d6705bc73ac35f50cb0cc70f.jpg,Papaver_somniferum
267,Papaver_somniferum/fa2d403289439bc60f9806fe52175c9a4f1ada5e.jpg,Papaver_somniferum
268,Papaver_somniferum/2a25bcb0fbc855589340b8ff207c4ad632e3496f.jpg,Papaver_somniferum
269,Papaver_somniferum/c1afd47d9db98f97aac2be78617ef20edceec498.jpg,Papaver_somniferum
270,Papaver_somniferum/de0a041ffb05ee49e8c1f3d3477fc6ac00c3b7d6.jpg,Papaver_somniferum
271,Papaver_somniferum/69896ef5336f400df47777519959a29e350a912b.jpg,Papaver_somniferum
272,Papaver_somniferum/830bd8efc27b0cf372acd565b1fd2eade9e11e6f.jpg,Papaver_somniferum
273,Papaver_somniferum/cf6200b82b3aa9e35f44779344763ddad818f07e.jpg,Papaver_somniferum
274,Papaver_somniferum/e4eaa0069fc8ff2718d783df1aa06fcdc2555d6d.jpg,Papaver_somniferum
275,Papaver_somniferum/4184c3a71b248cdce0f4c6768c5c650b017a13ba.jpg,Papaver_somniferum
276,Papaver_somniferum/e7620255fb79565a868e6f87ba55184f58c5186f.jpg,Papaver_somniferum
277,Papaver_somniferum/959be245ca009d922dd882199517b2bfb122e654.jpg,Papaver_somniferum
278,Papaver_somniferum/a81044e331fae3971479fc3240d511a5cc74c455.jpg,Papaver_somniferum
279,Papaver_somniferum/165b8c78f6b0b942118ed9d4a21ec7793a1e8b42.jpg,Papaver_somniferum
280,Trifolium_repens/d6f6e1ed4f9085e1f84089526bf371faa5fdc5e8.jpg,Trifolium_repens
281,Trifolium_repens/5c8960a158caa4bcefa0e89797fd4d1b0ad3a6e5.jpg,Trifolium_repens
282,Trifolium_repens/70640bcfda91a33d7bd4fb2ec9967c9067b5e6bb.jpg,Trifolium_repens
283,Trifolium_repens/8a61f70e3774ffd3e8c5dee5a650fc85c3990a48.jpg,Trifolium_repens
284,Trifolium_repens/f6384bad808a26d950458020384bf1dedd0f2250.jpg,Trifolium_repens
285,Trifolium_repens/d54a98e31ffac376536a826ef48804f1f347f4fc.jpg,Trifolium_repens
286,Trifolium_repens/07e5f1fc8a3ea6d375be1382be4ab778d6fc4b1f.jpg,Trifolium_repens
287,Trifolium_repens/9247cadcab1b0b5f0dc5db2cdda93d94fcd94da4.jpg,Trifolium_repens
288,Trifolium_repens/b4cc21842feea84aa411a74a5b838664b3445046.jpg,Trifolium_repens
289,Trifolium_repens/31cd7e006ff2d743d87d66208dde9e1a2882becb.jpg,Trifolium_repens
290,Trifolium_repens/8158521ea479ee2c313bbf9e5c6ed9bbc39fdcde.jpg,Trifolium_repens
291,Trifolium_repens/82ed73c8bcc770f838e009b0b8e4b8877f6b95dd.jpg,Trifolium_repens
292,Trifolium_repens/530abda4675733440b0ffceeb49c3be045267d00.jpg,Trifolium_repens
293,Trifolium_repens/e615f0e9c52655ebc853bf06886005c9650a0b5d.jpg,Trifolium_repens
294,Trifolium_repens/5f5a38c3138b1c86f81e08c35a3faffc864730ec.jpg,Trifolium_repens
295,Trifolium_repens/e577b124ee1ac3bfe873a3f06c6acab302e7f9e4.jpg,Trifolium_repens
296,Trifolium_repens/01023870f404837127df5c7275a8f197f5252b10.jpg,Trifolium_repens
297,Trifolium_repens/f9eaf69493c6055a058f8ec35f55525f565518a6.jpg,Trifolium_repens
298,Trifolium_repens/4dffb4430caf24c8d2b0cf35d3186d4d16896626.jpg,Trifolium_repens
299,Trifolium_repens/a6456c0aaed6fa07c9c20d39f6998f4d3b2c83e1.jpg,Trifolium_repens
300,Trifolium_repens/4d849fe5aa74c3f6fa8322540da1fcce1f07e951.jpg,Trifolium_repens
301,Trifolium_repens/3c9a3e8e3a59cecf87430183ea011ff98480dc57.jpg,Trifolium_repens
302,Trifolium_repens/456e3d5caea279bf2d6eafd626915bec58dac249.jpg,Trifolium_repens
303,Trifolium_repens/8327d0c9f8b663af5d2e624e5e0b0144aef540de.jpg,Trifolium_repens
304,Trifolium_repens/6ef21f19f830791dcd90bb6f92d32a3735741fdd.jpg,Trifolium_repens
305,Trifolium_repens/8942c949093537b2962f43e15850c9dce7282f62.jpg,Trifolium_repens
306,Trifolium_repens/cd50b6f8c84e69c07140f9c6fd697ce26efec79e.jpg,Trifolium_repens
307,Trifolium_repens/dc0019f7eb0e79a75e7437c8bec26ba8a3fef315.jpg,Trifolium_repens
308,Trifolium_repens/5587bef30b8ec169b36f57a1e6f5e9a376edc290.jpg,Trifolium_repens
309,Trifolium_repens/87c87bb5ff4083678489dbed82b7ce871b533415.jpg,Trifolium_repens
310,Trifolium_repens/c0c57f30b653a40268163a0a89939fe7e4320b94.jpg,Trifolium_repens
311,Trifolium_repens/2efa5a02855b84e5e47b9bb45c64405851eb2d98.jpg,Trifolium_repens
312,Trifolium_repens/606a703097123d21d8e56f05f16d8238fefc281c.jpg,Trifolium_repens
313,Trifolium_repens/4e1f37ccbc895fcc070207dda713326e6fc03733.jpg,Trifolium_repens
314,Trifolium_repens/aef383669e4ae2f4080600116d4fd8b4f0c3e748.jpg,Trifolium_repens
315,Trifolium_repens/fffbd3132e2160c5e494850610b4921a4ebd891e.jpg,Trifolium_repens
316,Trifolium_repens/6c08bb5a9708f5f58bad3088f5d2097b3ecc2fa5.jpg,Trifolium_repens
317,Trifolium_repens/b474429b984d393da8ba7da701789ee8bf5d2ebf.jpg,Trifolium_repens
318,Trifolium_repens/a0fba03261676226e719e9638eccc78a7fb305e2.jpg,Trifolium_repens
319,Trifolium_repens/cf878569afb0ebd199f9bb2b9f07e34c5000f3ac.jpg,Trifolium_repens
320,Sedum_album/5bad8bbbad0f208c39f5db9cfebaf13762f6244d.jpg,Sedum_album
321,Sedum_album/5c0213dc1fd6c229e7578874e249c206700b3006.jpg,Sedum_album
322,Sedum_album/876ff49028a9ca514aa2c5d910260b158aa23793.jpg,Sedum_album
323,Sedum_album/f77610dd6874fca0ddb0f9d2bf4f7f1cf7bb9a32.jpg,Sedum_album
324,Sedum_album/b9fcf3fa689cf6769d24e912e1d39590c1ebf3e5.jpg,Sedum_album
325,Sedum_album/17dd3775f9dd2a4e407f6401b9710f6da22dc813.jpg,Sedum_album
326,Sedum_album/c9062f2465741929b4ea32c7213274afd04c4be2.jpg,Sedum_album
327,Sedum_album/e35dba879574a00d78bcbb1a38b9da71e251aa70.jpg,Sedum_album
328,Sedum_album/378e51ebefbbc4215c91e44161c45f373d93524a.jpg,Sedum_album
329,Sedum_album/872a8f3dea325232748f1cd83af600d456a3a814.jpg,Sedum_album
330,Sedum_album/d32a3cd2d8b9c95aaeab3b77b8f948a7dab43bea.jpg,Sedum_album
331,Sedum_album/531c18da749d9ed2c49ddc8e216ff092b7925897.jpg,Sedum_album
332,Sedum_album/4084d4adf764728e4979b5df62f2541df8138ce4.jpg,Sedum_album
333,Sedum_album/522630eefa9c2d0cb4aff17886410eac49048c66.jpg,Sedum_album
334,Sedum_album/c171b9fa01e75dbda8691b9fa8b5ac1c8589c654.jpg,Sedum_album
335,Sedum_album/bf4e446a55f8c55654097a8ca65ae358ab0812a3.jpg,Sedum_album
336,Sedum_album/ce9377e89a1f5bade29e47276dabc6f0b01ff3b9.jpg,Sedum_album
337,Sedum_album/3ccda020148163cb3773f5521edee2a89a0b7ae3.jpg,Sedum_album
338,Sedum_album/28c4323ea9115b80802ee9e0441a538ac537a4a9.jpg,Sedum_album
339,Sedum_album/c76f116d636a094c11dea1ea22bffbbd473efb69.jpg,Sedum_album
340,Sedum_album/7bc29458bed0714dc3f878d8fa820837a6e00c3d.jpg,Sedum_album
341,Sedum_album/2a9ee9d95b81cd349b5e54159986e4a28db452b3.jpg,Sedum_album
342,Sedum_album/575215220184aae27afe03c3c7fc6cfaf5d5ca87.jpg,Sedum_album
343,Sedum_album/bbc2fdd540e8ab3abf4c6e65ad5b1392e10591eb.jpg,Sedum_album
344,Sedum_album/7c7ad0540de9239e1113aeb8a351b5c78b56ebf7.jpg,Sedum_album
345,Sedum_album/7d73f42f0b38b71ab83921191a3883ffe3e0ae89.jpg,Sedum_album
346,Sedum_album/1b630751c7eba4606b5fc1efa5910f95d451182b.jpg,Sedum_album
347,Sedum_album/7042d758a33f04ab96d8880f08a32edc3bb5b8a7.jpg,Sedum_album
348,Sedum_album/2692feee3f844b2870d953e30d4430281da9b834.jpg,Sedum_album
349,Sedum_album/ea17c48a8336f6e923892280115b2c27a043f9e4.jpg,Sedum_album
350,Sedum_album/d67f9df813d007b97dd7286911a28348840f542c.jpg,Sedum_album
351,Sedum_album/b8d1dac55d20a69acacfbe517c6709f586ad3b1c.jpg,Sedum_album
352,Sedum_album/9fa0a4edf17bd6c1c7d00f8b43f77424c1e39f35.jpg,Sedum_album
353,Sedum_album/63da3c35564b0b726a0207bbbc3df2159c618720.jpg,Sedum_album
354,Sedum_album/8024a4497721416335a08ae09b95448477811451.jpg,Sedum_album
355,Sedum_album/e512905baa70fca77ea997de7e351fc811ca6192.jpg,Sedum_album
356,Sedum_album/3f3e69fdf4b5bfdb9224d7aebb1f886da738cc6f.jpg,Sedum_album
357,Sedum_album/d341ea8fad83aa47f51fd227a474c7e00b1bbd97.jpg,Sedum_album
358,Sedum_album/a25b535a43c85f8a2e4d902bced8575dd3cb94c3.jpg,Sedum_album
359,Sedum_album/91756279a69c1b5aec147dae1b0a341b649d4674.jpg,Sedum_album
360,Fragaria_vesca/9000b54fb812a7ba3b44eb231c343a468d2ca126.jpg,Fragaria_vesca
361,Fragaria_vesca/78dd819fec68e53729affb46239a4044df42000b.jpg,Fragaria_vesca
362,Fragaria_vesca/be08cd5164b40cb05797a230032e9e34bc63fa79.jpg,Fragaria_vesca
363,Fragaria_vesca/05e222cfaace087ab745a9817852ef79ab75e3b9.jpg,Fragaria_vesca
364,Fragaria_vesca/a8dd63cd5caf0b1128fa366be83f178eac41407f.jpg,Fragaria_vesca
365,Fragaria_vesca/ef48bfb234e42ba4cc85892584f01ed046487661.jpg,Fragaria_vesca
366,Fragaria_vesca/5c0327a4a4033284739a93bc44a4cb87770b3e16.jpg,Fragaria_vesca
367,Fragaria_vesca/cac022a6f304dfce1b432ed2671a9e75d37bc8c7.jpg,Fragaria_vesca
368,Fragaria_vesca/53d39e1a2bcec24a28740712ce93d165c3e862ac.jpg,Fragaria_vesca
369,Fragaria_vesca/5d3fd1d3ef4929d06b5c456b182b6ddea0cfcdbc.jpg,Fragaria_vesca
370,Fragaria_vesca/b222271fb0766f199ca4d911f20686ff7aad6d29.jpg,Fragaria_vesca
371,Fragaria_vesca/ae9d32261e9a15b97f9ada9b84a2db1e15dbca1d.jpg,Fragaria_vesca
372,Fragaria_vesca/fa861cf67dc8a915d38e70f61ae1feff16204b76.jpg,Fragaria_vesca
373,Fragaria_vesca/408ee79fbabfc44f033399f3d9c8367e57254f3e.jpg,Fragaria_vesca
374,Fragaria_vesca/c279c8bfb6ae03699d59a3ecb6beda65aac78dac.jpg,Fragaria_vesca
375,Fragaria_vesca/a60fff76f87c4ce037e1eafc92e0cfe1fbce94ab.jpg,Fragaria_vesca
376,Fragaria_vesca/76223893957d90a8e0d9eddcfec925db620e797d.jpg,Fragaria_vesca
377,Fragaria_vesca/85fefeacb17e2f6669bc716e396c73302574eab8.jpg,Fragaria_vesca
378,Fragaria_vesca/2d94b097c6a265459134c31dfaf70cc17a96eeee.jpg,Fragaria_vesca
379,Fragaria_vesca/cccfbfe0ea048428eecb0c02b71bf990ed1b2a7f.jpg,Fragaria_vesca
380,Fragaria_vesca/024d19bc51c77f1053c3f1a5638987b222b146b5.jpg,Fragaria_vesca
381,Fragaria_vesca/de5d4146c67dc4b2d5df49fdc23c1801b216ea6a.jpg,Fragaria_vesca
382,Fragaria_vesca/b80e8e449cc69ea6a896e0aa327c74e5a2c32bad.jpg,Fragaria_vesca
383,Fragaria_vesca/b4f08e9ef5de521788af245e50d7baa899c4d95d.jpg,Fragaria_vesca
384,Fragaria_vesca/2d238a5ea00c824b2e4d2f073ce6357e9165cdc1.jpg,Fragaria_vesca
385,Fragaria_vesca/2159050ce56960d96a8ad88c71a214b17631b740.jpg,Fragaria_vesca
386,Fragaria_vesca/f95d6f74d430dcb0cb2fb9ff9027cf9186fe9426.jpg,Fragaria_vesca
387,Fragaria_vesca/da54bd39e6db854cecca7c1883f2d961a8e545a8.jpg,Fragaria_vesca
388,Fragaria_vesca/4e55e9b22f140571b1794f08967cd26a80d376e5.jpg,Fragaria_vesca
389,Fragaria_vesca/91b2af04249ca9ed445e300a2d8d747b00f2eb89.jpg,Fragaria_vesca
390,Fragaria_vesca/667e797426c90f0da484ab421abb925dc10080fa.jpg,Fragaria_vesca
391,Fragaria_vesca/48e551f6c5af6e21160e516efd83d293ff5a2da4.jpg,Fragaria_vesca
392,Fragaria_vesca/a6d07da3e8ed994f659cdecd0e05197f4ded41da.jpg,Fragaria_vesca
393,Fragaria_vesca/d325278f29cef8aaab1eec106db639fac6ce58c5.jpg,Fragaria_vesca
394,Fragaria_vesca/3ef7ee84fe99dab4ff98fe2144d9498fedb72573.jpg,Fragaria_vesca
395,Fragaria_vesca/2d70f7be5fd0df7de96d5ec656a0eb7c382a2275.jpg,Fragaria_vesca
396,Fragaria_vesca/06a44fd09749ba940088952eca024934c2a41479.jpg,Fragaria_vesca
397,Fragaria_vesca/58572b956078e9ba1947a93e5a1fccb4dfa2d7b4.jpg,Fragaria_vesca
398,Fragaria_vesca/6eebae5b60fec005df8fccd9e4b9bcfd30fc3945.jpg,Fragaria_vesca
399,Fragaria_vesca/7245b1a5586dc576ba628f25205215bb6441106b.jpg,Fragaria_vesca
400,Daucus_carota/eab9fba7dc2a53f65c9db54340b1280df66b556d.jpg,Daucus_carota
401,Daucus_carota/4c6d43836dbd8ae40033071a47901ba4fadd0a69.jpg,Daucus_carota
402,Daucus_carota/5b5a11e03b324a9ca80c23741e2f1b3e657a9ee2.jpg,Daucus_carota
403,Daucus_carota/a49743ea535817c13bdefb5a955d8bd22310419b.jpg,Daucus_carota
404,Daucus_carota/4279db3caabc026964fecfe5fc8d6c9863416b2b.jpg,Daucus_carota
405,Daucus_carota/41f4b2dd2678ea118711e79ec515ccfcca217466.jpg,Daucus_carota
406,Daucus_carota/3cbd0f36411ccb73cbec0a1c5d7b1942e3cd2ae5.jpg,Daucus_carota
407,Daucus_carota/a9c58e80959e927e4bcd44fd56f401b93c0e2efd.jpg,Daucus_carota
408,Daucus_carota/1b4c1c0ee2f68eb692cdf5b8c4cbd1372eba2a9d.jpg,Daucus_carota
409,Daucus_carota/f6c2c012f86214401b9ef1da0ca3ad860a610a06.jpg,Daucus_carota
410,Daucus_carota/5e8d62d3aba46988ce1a9765f65739571b805f67.jpg,Daucus_carota
411,Daucus_carota/55e5aadbd579ba065a19533a88573a8b5770085f.jpg,Daucus_carota
412,Daucus_carota/0374382616e7b96e5486c4fd1a9dcd6cc1a460b3.jpg,Daucus_carota
413,Daucus_carota/b2a7a4524c8da8bab5bad8354b77c99b82592b33.jpg,Daucus_carota
414,Daucus_carota/f328367c94ba198e59bb14c4be5010629da7e1b5.jpg,Daucus_carota
415,Daucus_carota/06bcc71f8dfd76a873f83b96a82cb0b475c39ab6.jpg,Daucus_carota
416,Daucus_carota/142037351f5c3e6c84517997ee037d1c46d224ff.jpg,Daucus_carota
417,Daucus_carota/2baf3f86f18c11b049a6da028c63e5898b2dcae1.jpg,Daucus_carota
418,Daucus_carota/ad3e82329a5826eb94ad8b82cdeaa16115f0d9e2.jpg,Daucus_carota
419,Daucus_carota/af11da4848ce78b2c051cd768a482d0a0b15bbf3.jpg,Daucus_carota
420,Daucus_carota/6e56d88f3080ffec19f31c022c9d876470305744.jpg,Daucus_carota
421,Daucus_carota/f7c9ff013855eee8a7a1d71e623c650003a06b9e.jpg,Daucus_carota
422,Daucus_carota/00302b74344c70882e3e1e0f377d73ba81197f00.jpg,Daucus_carota
423,Daucus_carota/b6ab7623a41314c659a3dd1df5dcc277e421ea0c.jpg,Daucus_carota
424,Daucus_carota/5efd69804295389f1f9b7eb42f62764821a2ea25.jpg,Daucus_carota
425,Daucus_carota/b0e418049205cc6ad6c991808786ea9a54a44d16.jpg,Daucus_carota
426,Daucus_carota/09935be13385e10b2d9fd20896e8f91d71ee0a00.jpg,Daucus_carota
427,Daucus_carota/019206c5db4a5ac76013ab7a8c8fad4c4fe88445.jpg,Daucus_carota
428,Daucus_carota/0ccb5c91b17b261650cac9f6986c432054cabd66.jpg,Daucus_carota
429,Daucus_carota/33d5fe50e8af5d855a2a6cd76769a4c375f6f110.jpg,Daucus_carota
430,Daucus_carota/33e74db48b05159f021bdc98d02e80ba735ac06f.jpg,Daucus_carota
431,Daucus_carota/6c378c3b67c50ec2931541aab86258c4b06f4e01.jpg,Daucus_carota
432,Daucus_carota/7dbebcd10924a9e33f4297f00f14c9b21b3d0200.jpg,Daucus_carota
433,Daucus_carota/9dc9db52051308403db6d7f1455b97973e0d882c.jpg,Daucus_carota
434,Daucus_carota/5bceafd3c46e3f1f7a1a58f00b026b89f25614c2.jpg,Daucus_carota
435,Daucus_carota/2af49429fbd00d84db77da48e65f85b7b0eb5e16.jpg,Daucus_carota
436,Daucus_carota/a71f2b0ab757f95f3cab649c1e924da46d48714a.jpg,Daucus_carota
437,Daucus_carota/72f59fb6a7abd4e2f076484813b0ff0f097fcf70.jpg,Daucus_carota
438,Daucus_carota/316a386d1e7aebdceae7ac64ddb2eae674fbee37.jpg,Daucus_carota
439,Daucus_carota/e1b2254f6eeb651f23052339951c82fc771e06f6.jpg,Daucus_carota
440,Alliaria_petiolata/522c9acfe6ccc6f6da09f1f0e2ae13b64ce44def.jpg,Alliaria_petiolata
441,Alliaria_petiolata/8d21b55883b5a1ad472d4c3152cf583c316f843d.jpg,Alliaria_petiolata
442,Alliaria_petiolata/00d94081b4bdfbd45534cafb221fafc93f51300d.jpg,Alliaria_petiolata
443,Alliaria_petiolata/0e4b219b6c1cc0407582026db9f7efd4967cfd3a.jpg,Alliaria_petiolata
444,Alliaria_petiolata/5402975ab01896e47cfbd895da4125a788d1ca6f.jpg,Alliaria_petiolata
445,Alliaria_petiolata/ae097df6a4a89d9100cb3459db845d7d8c9b971c.jpg,Alliaria_petiolata
446,Alliaria_petiolata/6e6e9f4c13113661619a13a6215fce05d2c0b149.jpg,Alliaria_petiolata
447,Alliaria_petiolata/af9e39a754279dddc39960afefcf0398390368f6.jpg,Alliaria_petiolata
448,Alliaria_petiolata/c8e4f974fd9b9a88a2416bda7476a39a3500e6f3.jpg,Alliaria_petiolata
449,Alliaria_petiolata/36838ab5d3f47f6eb7a39e9d4bc43cda1f67c822.jpg,Alliaria_petiolata
450,Alliaria_petiolata/b850e1f83a79f472b05793840bcc6c75acd7784c.jpg,Alliaria_petiolata
451,Alliaria_petiolata/763c00f2b198a5254f1ccce0ac8a0b7f7a6d0b2c.jpg,Alliaria_petiolata
452,Alliaria_petiolata/92a4b3bf81c3c90d6fcab411b2da50a18b3d1871.jpg,Alliaria_petiolata
453,Alliaria_petiolata/3cbca1a6c91e2b1bd3b9d7e90201da330d64281c.jpg,Alliaria_petiolata
454,Alliaria_petiolata/a14511692fe88a9a8084645b3511d286a09b9d11.jpg,Alliaria_petiolata
455,Alliaria_petiolata/7863ac65c75bf8daff5141bf345abfad732f2614.jpg,Alliaria_petiolata
456,Alliaria_petiolata/c3b6c0627f804ea8b982e004b1593b6295e91432.jpg,Alliaria_petiolata
457,Alliaria_petiolata/c37a717fcfae10ba0d2feb0bf6fd4174abc3ffa7.jpg,Alliaria_petiolata
458,Alliaria_petiolata/691a97324009c73066ef504be57a6528449d4b9a.jpg,Alliaria_petiolata
459,Alliaria_petiolata/45e3d03c5c23e96d24b91ff058d7ca67c942d5b2.jpg,Alliaria_petiolata
460,Alliaria_petiolata/094d091a96ff63812dfca0485f6ecb6ac5fa2555.jpg,Alliaria_petiolata
461,Alliaria_petiolata/071fa15a368c5e4b3126e989f61e15cb8c8bcb3e.jpg,Alliaria_petiolata
462,Alliaria_petiolata/7ed7d355ef94a3e67759b0e828d83a74e277edee.jpg,Alliaria_petiolata
463,Alliaria_petiolata/ba348a71ab955ae579311459a495b20b765350d6.jpg,Alliaria_petiolata
464,Alliaria_petiolata/57688cf2c70a579230b7b7f589b2dff0e409e183.jpg,Alliaria_petiolata
465,Alliaria_petiolata/05a2b410d8eff5d295133b5f9dfeaaebbe5c1d28.jpg,Alliaria_petiolata
466,Alliaria_petiolata/7f8be0080f95edb7206ad836783eff9914c3b356.jpg,Alliaria_petiolata
467,Alliaria_petiolata/7c90ffab03e91cc26fdbc1f4ba1aba0f8e22da6d.jpg,Alliaria_petiolata
468,Alliaria_petiolata/7f6d6a6e45acebfbdd49606afd0a3a633c644170.jpg,Alliaria_petiolata
469,Alliaria_petiolata/479b6aefaa16db1c659bf14759302cf8abf33e9f.jpg,Alliaria_petiolata
470,Alliaria_petiolata/ad08775e26a0586a7d3ed29d4b3235e2fcec8d46.jpg,Alliaria_petiolata
471,Alliaria_petiolata/3c95cb5166acb1c3f27c86d187b55b8cd8c40588.jpg,Alliaria_petiolata
472,Alliaria_petiolata/2c38302e902c279ef4d4263248d5d7e9d8faf4ac.jpg,Alliaria_petiolata
473,Alliaria_petiolata/2206dc0e1f6ffe39d3c14b303a3e978b7f880c72.jpg,Alliaria_petiolata
474,Alliaria_petiolata/a01299fcc40f5b89e7ce8c3e1df6496d4fb913d7.jpg,Alliaria_petiolata
475,Alliaria_petiolata/b99359eef7783647f6fdce0304a2a539491329de.jpg,Alliaria_petiolata
476,Alliaria_petiolata/996ed92f11325cf7701702e5ae318a1627d41c70.jpg,Alliaria_petiolata
477,Alliaria_petiolata/48b90c66b943f7cc19f402c92263e4ee07aa58b3.jpg,Alliaria_petiolata
478,Alliaria_petiolata/85c34715244c3297d0ed5dc44f305593e26c3ba7.jpg,Alliaria_petiolata
479,Alliaria_petiolata/cf66780acfdadfc36cdf8bf2bf48ece640d1f1bc.jpg,Alliaria_petiolata
480,Lapsana_communis/27fbf52162caf76a9cb4d1c4ab5d25a0b5eefc2e.jpg,Lapsana_communis
481,Lapsana_communis/263b42749928b5eab60d497012ca906145dc2ccb.jpg,Lapsana_communis
482,Lapsana_communis/8eaaff3288ab3926dec00bc5ee866dc81a14dece.jpg,Lapsana_communis
483,Lapsana_communis/f23ac788b2817d8853f8719a9773a5cfe0f3db20.jpg,Lapsana_communis
484,Lapsana_communis/ce9c07eff3019bbc916a51992a455b2c75fd939b.jpg,Lapsana_communis
485,Lapsana_communis/835f4aa141e807b0fd9053eb013ba5e876c91932.jpg,Lapsana_communis
486,Lapsana_communis/8c449b9f1d824b3ec5670d4cd41f0f0c1294c9f6.jpg,Lapsana_communis
487,Lapsana_communis/1fb91d17164f58f91347d7b2ab00f6d3d7eaf383.jpg,Lapsana_communis
488,Lapsana_communis/d77b458aefeb8bcf44a095f5929b69102a469262.jpg,Lapsana_communis
489,Lapsana_communis/3d03215aa65c438f6face82e36a5cab63b6b1c08.jpg,Lapsana_communis
490,Lapsana_communis/245f8e0c8084b8f2f09d22069b264a342ac96d0d.jpg,Lapsana_communis
491,Lapsana_communis/d46b349eaeb7accf3aa076d595eb8945363af69c.jpg,Lapsana_communis
492,Lapsana_communis/23d81eb299ae67e0266707d2854475f433007dbd.jpg,Lapsana_communis
493,Lapsana_communis/26d035f651648a694739c047b3d0cdad88e920e1.jpg,Lapsana_communis
494,Lapsana_communis/0fc01349701ab503ca59f1f9b5fd0639a073734b.jpg,Lapsana_communis
495,Lapsana_communis/fae59729a7792253e1ec1ec217fed40b6bf03c79.jpg,Lapsana_communis
496,Lapsana_communis/9fac43530d9cc45d1c1ce33c475c3c34d6fa4398.jpg,Lapsana_communis
497,Lapsana_communis/6bc06b1c84cac50391c49072180d153c02f79096.jpg,Lapsana_communis
498,Lapsana_communis/a8ee3e466464d081bc38b990737e3fad3fc8c728.jpg,Lapsana_communis
499,Lapsana_communis/0cdde3a562671fbcb4053757dadd3ebead09d3c4.jpg,Lapsana_communis
500,Lapsana_communis/94f5316008502bbb103e0ae5fd110b2520d0d84b.jpg,Lapsana_communis
501,Lapsana_communis/155cda87badaa351d441a35a61782aa81789b971.jpg,Lapsana_communis
502,Lapsana_communis/c5023a1406ed1330b6bd7ea3769a404fffb55e15.jpg,Lapsana_communis
503,Lapsana_communis/f1b6eec0b4b5738e51c10d2aa9a0522619666720.jpg,Lapsana_communis
504,Lapsana_communis/3a5766f84c3a2474ee85244f737a1514d55297a1.jpg,Lapsana_communis
505,Lapsana_communis/0f93ebeac4134d88e8baccf39b9a2d9c47586e0c.jpg,Lapsana_communis
506,Lapsana_communis/b1d605619dca3de98fe848654f6ee3b5a2edd495.jpg,Lapsana_communis
507,Lapsana_communis/f6074f7b76ff84ea8e8d54337c22360a6fb12dbb.jpg,Lapsana_communis
508,Lapsana_communis/2a03cbd644d66143e905345a99cf845070999f5d.jpg,Lapsana_communis
509,Lapsana_communis/048fe8430ab5ef611fb6d53929c5489557c5c351.jpg,Lapsana_communis
510,Lapsana_communis/79699e3021f14d48be87f813bd77626d8db5650d.jpg,Lapsana_communis
511,Lapsana_communis/7f12a7056291ba1b16c0b54986f7e720d1d23f70.jpg,Lapsana_communis
512,Lapsana_communis/b25c7bc00d56cb0a4653a71a7290825c2cc1a1b6.jpg,Lapsana_communis
513,Lapsana_communis/0130d0a860a578ad87c16c12ae40da6ee9855cae.jpg,Lapsana_communis
514,Lapsana_communis/56f2f3f05b297cd0f2900d26a8fc860326b856a7.jpg,Lapsana_communis
515,Lapsana_communis/54876cd68498ad6517ebf148da8f7d3d30e5d265.jpg,Lapsana_communis
516,Lapsana_communis/f9611b39acff8b51d3a9f09c8466da67fb6b607f.jpg,Lapsana_communis
517,Lapsana_communis/f1dbef3dd2d5a3c12915e325021e190bf2930049.jpg,Lapsana_communis
518,Lapsana_communis/d23106db49b04789640ad6759b65b1cf4b8a1cdb.jpg,Lapsana_communis
519,Lapsana_communis/bc9a2959a8bc32229f31e9f1737bf7ed680cb245.jpg,Lapsana_communis
520,Cirsium_vulgare/06c6bb886756f50be350a9ecae4af48c7a7cd552.jpg,Cirsium_vulgare
521,Cirsium_vulgare/02742e71a9777cf98cfaa9aac440b12d0f75e873.jpg,Cirsium_vulgare
522,Cirsium_vulgare/900f34f427b9da382e1250bc407fe24e2b2e75dd.jpg,Cirsium_vulgare
523,Cirsium_vulgare/d79ad8560ac974c187b8b676785bf5dc84d885da.jpg,Cirsium_vulgare
524,Cirsium_vulgare/9620eb18f60a17320319ba01a57848567de5dca8.jpg,Cirsium_vulgare
525,Cirsium_vulgare/2509d2681514d15678dfcb6e5a178fd3bde0ee2b.jpg,Cirsium_vulgare
526,Cirsium_vulgare/9787fcce346fc77549db38434a77678b7b0737aa.jpg,Cirsium_vulgare
527,Cirsium_vulgare/5bb24d162243b3c02e5ea8a9cd6d0285318c7b78.jpg,Cirsium_vulgare
528,Cirsium_vulgare/76732dd8124d666a4dc41f78b2e7e49a495ba172.jpg,Cirsium_vulgare
529,Cirsium_vulgare/d90b843df6c235a742dc905b38db7c4f37b7f6d9.jpg,Cirsium_vulgare
530,Cirsium_vulgare/79ab0bf62fb555fb8d1af3b9acdab475f9532596.jpg,Cirsium_vulgare
531,Cirsium_vulgare/ca16ee256cc9cbe84972fa2d01971927fc85a6c3.jpg,Cirsium_vulgare
532,Cirsium_vulgare/e505d7ecfdee202666069672c69c8f2762e2a56e.jpg,Cirsium_vulgare
533,Cirsium_vulgare/eb1c8373ef5b16ee415757bff158d903c64e5fe8.jpg,Cirsium_vulgare
534,Cirsium_vulgare/2263a6e8dda9082e486bdf66912bc628518c889f.jpg,Cirsium_vulgare
535,Cirsium_vulgare/f2d8d9c239ccf553230830bdfb9ab562da8b34c6.jpg,Cirsium_vulgare
536,Cirsium_vulgare/9273de4b837a39507045625961db20c5192c89bb.jpg,Cirsium_vulgare
537,Cirsium_vulgare/bcca6b372ef0dae7fac1844be55ad433d57acf27.jpg,Cirsium_vulgare
538,Cirsium_vulgare/e2a1d809f1bad2c9b234d768d0eeb306300ca47f.jpg,Cirsium_vulgare
539,Cirsium_vulgare/f9fe0bccafa8e660fdf81931d5ae61d36ca10cb8.jpg,Cirsium_vulgare
540,Cirsium_vulgare/14f094064c6cd4f4bea346769f8f6ff84f9fd2ba.jpg,Cirsium_vulgare
541,Cirsium_vulgare/00f0e6cee215c10daf32166387a65deca7cdfc6b.jpg,Cirsium_vulgare
542,Cirsium_vulgare/bc98f955b98ece1950ce9fbe09a2a0b316f06ef5.jpg,Cirsium_vulgare
543,Cirsium_vulgare/ba1d5cc1dfb434b60c87ef94833a2cb37ecfdc09.jpg,Cirsium_vulgare
544,Cirsium_vulgare/ec18f5a5fd62c3b178af42b666e8406a29fc516b.jpg,Cirsium_vulgare
545,Cirsium_vulgare/6cc01edd94014ebe7dd25980f1ae538bb3cc407d.jpg,Cirsium_vulgare
546,Cirsium_vulgare/d8532509cc7d04512285920b0e8f3a60a43b36a0.jpg,Cirsium_vulgare
547,Cirsium_vulgare/781385355f55bc767000702e90020c12ceb20585.jpg,Cirsium_vulgare
548,Cirsium_vulgare/e8831a49ab508fe7f3ad7a4c78ff3eef85ccf592.jpg,Cirsium_vulgare
549,Cirsium_vulgare/ce8b35eaa0afe323a597a88a9eca4803e518ebb8.jpg,Cirsium_vulgare
550,Cirsium_vulgare/48d2e32a544b63e9f4ffd0c877cbb1e71a1141d2.jpg,Cirsium_vulgare
551,Cirsium_vulgare/4a0dcf07d3bb0af2f0c1a2e6ad81fdb6e973dab1.jpg,Cirsium_vulgare
552,Cirsium_vulgare/7730defd89178a376f87c7154b9486e5ae0c7e29.jpg,Cirsium_vulgare
553,Cirsium_vulgare/e03a98bbac1978974af3a0b06d1900367e75343e.jpg,Cirsium_vulgare
554,Cirsium_vulgare/b045f4d619cd33350e816eaa68e8771520fb7fb3.jpg,Cirsium_vulgare
555,Cirsium_vulgare/a3adf4d9dec21d4ad50d094bbfe587446f090e7f.jpg,Cirsium_vulgare
556,Cirsium_vulgare/24ab0a7e95c0daf8e2bb92bf4aa424f1fa3e4253.jpg,Cirsium_vulgare
557,Cirsium_vulgare/dc2d50f68623874555d44dd6f56c459068e01ee3.jpg,Cirsium_vulgare
558,Cirsium_vulgare/ed73a858782ca6bfbf419f11b9f271a494a480a4.jpg,Cirsium_vulgare
559,Cirsium_vulgare/b0769e92f231d1c4a345bd74aee08b4a9c99ec83.jpg,Cirsium_vulgare
560,Tagetes_erecta/10ad1fde7d5d2889087d1298aeae3624baad6654.jpg,Tagetes_erecta
561,Tagetes_erecta/93104b4c8bc1668d974a0b132e4be4447272f4a8.jpg,Tagetes_erecta
562,Tagetes_erecta/bce562889a86c5fa86ea786d340ac4efaf8d7050.jpg,Tagetes_erecta
563,Tagetes_erecta/fbacdf9c34c9d87407aad5b001d0773f3f0f66bf.jpg,Tagetes_erecta
564,Tagetes_erecta/8501b98018f98f2b749b3755c92d2ab3f81e23c3.jpg,Tagetes_erecta
565,Tagetes_erecta/53ce12a390df92bb03e3c342be77ed1b0d97d0d9.jpg,Tagetes_erecta
566,Tagetes_erecta/d75956ebfc9c9d00a3325610f0a71c3c14c684be.jpg,Tagetes_erecta
567,Tagetes_erecta/5752151982036b54c23572f83c93f6f0a45a4e45.jpg,Tagetes_erecta
568,Tagetes_erecta/eb2245fff8d14952b273bb3b3508bba8435d2e8d.jpg,Tagetes_erecta
569,Tagetes_erecta/a2281e9b82d5cb93772e32f0de0f16394908e972.jpg,Tagetes_erecta
570,Tagetes_erecta/4a92499d25008627ab3918fbfe443881300d843d.jpg,Tagetes_erecta
571,Tagetes_erecta/b042a13fa181f002ed3091d6a9a31598b1d2fc3a.jpg,Tagetes_erecta
572,Tagetes_erecta/0963054d4cb36a5386b895e41a5dc2d9c190e673.jpg,Tagetes_erecta
573,Tagetes_erecta/06c4789833de418e082f4789bbd040a895f7270d.jpg,Tagetes_erecta
574,Tagetes_erecta/493556b9ed2e7fd284b51d6de08947cfbdbe3e19.jpg,Tagetes_erecta
575,Tagetes_erecta/cee26eb6e764540dbbe77cd589e9e5eaffbbe38e.jpg,Tagetes_erecta
576,Tagetes_erecta/46bfc726143924f2ee85a72c88cf178608dbb587.jpg,Tagetes_erecta
577,Tagetes_erecta/87064ebf79e4f644a0c94ef03d028f6c42225771.jpg,Tagetes_erecta
578,Tagetes_erecta/789ddf0c8b5151e4dbc9c82f021461ccea82f0b8.jpg,Tagetes_erecta
579,Tagetes_erecta/f1c00538d72584bb9e66825a0b06071fa04aba19.jpg,Tagetes_erecta
580,Tagetes_erecta/144435f9471e6b243c93065cec28b72af8eb163c.jpg,Tagetes_erecta
581,Tagetes_erecta/8681d04bebde63b69433157b1bf32e13e7c5e475.jpg,Tagetes_erecta
582,Tagetes_erecta/04970db9f651ad393ab9a4485c6823cd132f603f.jpg,Tagetes_erecta
583,Tagetes_erecta/1be8564b6c5b701ee989fc7808646e1c9649828d.jpg,Tagetes_erecta
584,Tagetes_erecta/739bbddaa90f6e3cf543a0d6058cce0fbbd30c01.jpg,Tagetes_erecta
585,Tagetes_erecta/c7d999fd483d0146da323275f0e4d836457eebca.jpg,Tagetes_erecta
586,Tagetes_erecta/187b562a2bf991f81e4e207ab1b05f1083663eb5.jpg,Tagetes_erecta
587,Tagetes_erecta/f8eeba988ece04b8d3b47e21f484b6c1e9733572.jpg,Tagetes_erecta
588,Tagetes_erecta/80ffbea28ed6d6f7c1349e15ee5a05c96faec61d.jpg,Tagetes_erecta
589,Tagetes_erecta/d30ab61e8d3471ce8d3002b649fa0b48e4f02f19.jpg,Tagetes_erecta
590,Tagetes_erecta/f8c6fbe04063196e9da3caf188c923fe683089b3.jpg,Tagetes_erecta
591,Tagetes_erecta/b26ae06d0eb13ab7702eeaceee0d7d5b77d09229.jpg,Tagetes_erecta
592,Tagetes_erecta/142044ba587acab2948eec331af5e8b2b2885490.jpg,Tagetes_erecta
593,Tagetes_erecta/201b04f14286ddecd03b61d53eeb0661cd701868.jpg,Tagetes_erecta
594,Tagetes_erecta/4114961ba08c95281c1de95966cec971894eb4de.jpg,Tagetes_erecta
595,Tagetes_erecta/cdbf1b81ef13311dda486b274acb167bdef4478e.jpg,Tagetes_erecta
596,Tagetes_erecta/43efad2394a1f06385fde3eb27db43e2d0b28bb3.jpg,Tagetes_erecta
597,Tagetes_erecta/34e8377e2d57025f2c20a9ac2d95481434679ce4.jpg,Tagetes_erecta
598,Tagetes_erecta/7e516ccdc02a7c3674db9a7af03c45a42745efcc.jpg,Tagetes_erecta
599,Tagetes_erecta/93ad7b84b33308d5529db5c4f7d02243168d26ac.jpg,Tagetes_erecta
600,Lactuca_serriola/fee80c63047ce33b17840856c88642f86051627a.jpg,Lactuca_serriola
601,Lactuca_serriola/d1521ee48e3257595d5e6587be31e7ec188587cf.jpg,Lactuca_serriola
602,Lactuca_serriola/6a4dd8a5a88cb2df8b7677ac5037d938102eb117.jpg,Lactuca_serriola
603,Lactuca_serriola/86a421c0fb99ebcdc4c3539b4aa9edd117cf8e08.jpg,Lactuca_serriola
604,Lactuca_serriola/694ed4d2d74d02f0b27021a5257d23f92268ea7b.jpg,Lactuca_serriola
605,Lactuca_serriola/a4fef945e3c7d4b27503bced9ef64d7cd417b8cb.jpg,Lactuca_serriola
606,Lactuca_serriola/cf825b0f718cb6875a6f0edf1e22b7534afd8e4e.jpg,Lactuca_serriola
607,Lactuca_serriola/41bfe94ecf77781c3f37f56de2af8e9caf1282cb.jpg,Lactuca_serriola
608,Lactuca_serriola/cb2db8c879ecf351948a36535f6bfb58b18659b9.jpg,Lactuca_serriola
609,Lactuca_serriola/d113e10b720c824e41adda37209f3ab797b703e3.jpg,Lactuca_serriola
610,Lactuca_serriola/03ffd409eeba7a006dfcdf48a65f8e451b654419.jpg,Lactuca_serriola
611,Lactuca_serriola/9153dc95876c9fab1d0cd8799edcb5e2bf7a9ca3.jpg,Lactuca_serriola
612,Lactuca_serriola/ded49bac7f989763465b3c0c70525db9628a7575.jpg,Lactuca_serriola
613,Lactuca_serriola/c7c9a040be299c2884a1ae28fa31e5b4a3c147d4.jpg,Lactuca_serriola
614,Lactuca_serriola/5c7fa030da226e29456e148575a94cb7221fdd79.jpg,Lactuca_serriola
615,Lactuca_serriola/b0f568d27f4147cb2c2e7b6ed6deb58687055b98.jpg,Lactuca_serriola
616,Lactuca_serriola/f44f12c8e56c2d4a9be9f5aed71fd8b8415bff3b.jpg,Lactuca_serriola
617,Lactuca_serriola/a8ef1323fdc5aa8afa0144001607ae3c9158edf4.jpg,Lactuca_serriola
618,Lactuca_serriola/ac4da55d5ce953117cb150443d7cb09b42819593.jpg,Lactuca_serriola
619,Lactuca_serriola/13a95996c8c21a0dd18e579e678e2de2dfa046e0.jpg,Lactuca_serriola
620,Lactuca_serriola/6062555e962fd81f8e421844dd51cd0fc5ad08c6.jpg,Lactuca_serriola
621,Lactuca_serriola/63b6984f38fc7b41897dc762ce864b69cc931c85.jpg,Lactuca_serriola
622,Lactuca_serriola/9401e3f8c7aa3bc514a48e37d3c23e006baaddef.jpg,Lactuca_serriola
623,Lactuca_serriola/7fa79aa72fdbd3a0b26c03cabba81bef371b7581.jpg,Lactuca_serriola
624,Lactuca_serriola/470c09fb401aebe42284e3438a8614ae30b08f4d.jpg,Lactuca_serriola
625,Lactuca_serriola/a21b89fa7622a7ce71eb89b37a677289aa506bd1.jpg,Lactuca_serriola
626,Lactuca_serriola/98c99afb605b83600587881264e28c01c9de3c3d.jpg,Lactuca_serriola
627,Lactuca_serriola/16af064b3bdb396548de23902d60eae0e68dde5f.jpg,Lactuca_serriola
628,Lactuca_serriola/aec94301df9aa5abb594c23f76d3ba666c0673bc.jpg,Lactuca_serriola
629,Lactuca_serriola/40a7546671c273d14a821040637a72361190c47b.jpg,Lactuca_serriola
630,Lactuca_serriola/235ed79a3e98a6cfb665b7b412fe218c2e02a088.jpg,Lactuca_serriola
631,Lactuca_serriola/ac226a6526c8dd4e48c44cbd69638122b729533a.jpg,Lactuca_serriola
632,Lactuca_serriola/3c261acbe8fa035b87dcf8ab3b9708b2cfb42e68.jpg,Lactuca_serriola
633,Lactuca_serriola/5ce88e09dd369bd5e01c23dd2c0ba6152686ceba.jpg,Lactuca_serriola
634,Lactuca_serriola/890d36538b332941fbeb41f5215d700f91a337d3.jpg,Lactuca_serriola
635,Lactuca_serriola/3c196a12cd3b31db6ad016635e767f3369e7ec83.jpg,Lactuca_serriola
636,Lactuca_serriola/d8dfc1cf344da8f9dec518a30c708ed14f08fd20.jpg,Lactuca_serriola
637,Lactuca_serriola/250d2524a82b48fb7056b249603f035df64894a5.jpg,Lactuca_serriola
638,Lactuca_serriola/6aca8d7801d8a3b3e5fcd9431eadd25cd2c53351.jpg,Lactuca_serriola
639,Lactuca_serriola/6b835c4e33737acb3b44da2779507ce980fc7fa0.jpg,Lactuca_serriola
640,Cirsium_arvense/a5fd50d2004c13acabb1416500c007862e017573.jpg,Cirsium_arvense
641,Cirsium_arvense/0f61f992580be9afde38c7b1ac16c5aa811ef3df.jpg,Cirsium_arvense
642,Cirsium_arvense/e85d8f65ef369c6413d18f3733efa9fcf6ab1e2a.jpg,Cirsium_arvense
643,Cirsium_arvense/375690654bbcd378b16ca7178158e3c4aa6634ed.jpg,Cirsium_arvense
644,Cirsium_arvense/4aacc1b1c6cf274b79ee90e71c86e46d4ed29e8b.jpg,Cirsium_arvense
645,Cirsium_arvense/65cab864d67f3995f6d59aeb456782388756dcab.jpg,Cirsium_arvense
646,Cirsium_arvense/dcf031660dff4eb9d4c666115f00ceb83cdb127d.jpg,Cirsium_arvense
647,Cirsium_arvense/1f0f09e720e1999185562caf11fb69ce6fd31e98.jpg,Cirsium_arvense
648,Cirsium_arvense/62532b062efd3482d4b909d57a6a8621d4cc72a4.jpg,Cirsium_arvense
649,Cirsium_arvense/59802b5cbeaca65fdc3cbd116186b7349f40513d.jpg,Cirsium_arvense
650,Cirsium_arvense/c56cb4d34abe4338ad0b2e1b20805807281f83d8.jpg,Cirsium_arvense
651,Cirsium_arvense/bfa3f2962224c5e7bd1bbbce070606b109e4440f.jpg,Cirsium_arvense
652,Cirsium_arvense/143deebf46956b522187c7aafdff5a3324ac7afc.jpg,Cirsium_arvense
653,Cirsium_arvense/dd1fce343a3d227cf44a55e9ca307a0af7907087.jpg,Cirsium_arvense
654,Cirsium_arvense/8a66523ab4350ea46cfd5bb2d8b14750f4f1e5cf.jpg,Cirsium_arvense
655,Cirsium_arvense/b520862fa401a7717df82b52d874d43c76319d65.jpg,Cirsium_arvense
656,Cirsium_arvense/0aab231e46bc9e0bdbc0f826a0fec31e90f646d1.jpg,Cirsium_arvense
657,Cirsium_arvense/507ccebee97218a0994dde8e1f9af68c8119d4c2.jpg,Cirsium_arvense
658,Cirsium_arvense/85ce4e2f15f3050e18f91f4a769fcd41fab0c34a.jpg,Cirsium_arvense
659,Cirsium_arvense/81a59a5bd8600d42c4d5ed10561fb613b412c61a.jpg,Cirsium_arvense
660,Cirsium_arvense/425356b64fa701562e4bc6dc2a700147cf64170a.jpg,Cirsium_arvense
661,Cirsium_arvense/cf2c68338e639f8a5e061d14466597140766df43.jpg,Cirsium_arvense
662,Cirsium_arvense/0b4c24819467b2f0fa3883743672de44bcfcfcd6.jpg,Cirsium_arvense
663,Cirsium_arvense/0350ddfbbd13a31a07ae2d6bb272f1a850a861d4.jpg,Cirsium_arvense
664,Cirsium_arvense/17b1e6e4874120dc3de78bc82e769b5e8790f603.jpg,Cirsium_arvense
665,Cirsium_arvense/46224aefacb12f82c5d53ad06af56007c725473b.jpg,Cirsium_arvense
666,Cirsium_arvense/37b8fc6bc3fd2f6cb6e60f577b8aee47ac978e1d.jpg,Cirsium_arvense
667,Cirsium_arvense/eae316c1216857d4ca323dd9f9312e3169c1e19b.jpg,Cirsium_arvense
668,Cirsium_arvense/d1cfcd9009185cf71df4be3a8925b6848f8b0d5a.jpg,Cirsium_arvense
669,Cirsium_arvense/775b3ff9e11dd9941806928051314e9e72c696b8.jpg,Cirsium_arvense
670,Cirsium_arvense/ee6787b985685b451f6ef63feb182b27b31d4b55.jpg,Cirsium_arvense
671,Cirsium_arvense/1c25a4135a99e8dfc469e26e5247dfd86077bb78.jpg,Cirsium_arvense
672,Cirsium_arvense/e5d3e4a7079dcb63090d9e55571691b41933c7d5.jpg,Cirsium_arvense
673,Cirsium_arvense/fa661dd094160a670e0406fb27dc2b78431e6228.jpg,Cirsium_arvense
674,Cirsium_arvense/81e163cba32f264d9504aa50051a4194fce37396.jpg,Cirsium_arvense
675,Cirsium_arvense/983105f74cf0f8543d9856af2b4bcb4b359d1279.jpg,Cirsium_arvense
676,Cirsium_arvense/8836a03e170efa1aef6c4fa1c3a80ec97e411b64.jpg,Cirsium_arvense
677,Cirsium_arvense/b6e376c7bfedba28b7a62ed2d30716b14cf73af6.jpg,Cirsium_arvense
678,Cirsium_arvense/84f62bce7960b24eaa6839685e73cfb6d4529af3.jpg,Cirsium_arvense
679,Cirsium_arvense/3aaa405700b041c344838c7410bed6deaa44fb17.jpg,Cirsium_arvense
680,Punica_granatum/fd200e3915f91ac9c5b3f27e2ac01fb98b80a96c.jpg,Punica_granatum
681,Punica_granatum/e4ac9775706e504667de7e19863295842950694d.jpg,Punica_granatum
682,Punica_granatum/e6f9610d2ac440b787919a1ef6fbe9e7bf9aef5f.jpg,Punica_granatum
683,Punica_granatum/6c6e58e14859f8067d324d7133ca11048257dbf3.jpg,Punica_granatum
684,Punica_granatum/d856f4720828bb360a3e1e430bdffc3561897e84.jpg,Punica_granatum
685,Punica_granatum/eb9974cc8efd9090dec681f56e6170d8e7217f71.jpg,Punica_granatum
686,Punica_granatum/d82f4d92537dfdc8872da397c6b248fe36950346.jpg,Punica_granatum
687,Punica_granatum/8cf521870fd281dcbd452d6d3cda73b08e44da75.jpg,Punica_granatum
688,Punica_granatum/b88bdfaa1f531d02eca572ee55af2fc39c4ae7df.jpg,Punica_granatum
689,Punica_granatum/0eef44ad73a28829a476105fc3ba1963dc6a194b.jpg,Punica_granatum
690,Punica_granatum/a84ced1d8f09db05fe609a13aebbaa73a495b11e.jpg,Punica_granatum
691,Punica_granatum/16277ca7c6b2e1d6e3c31e923caf32dbb5318fc0.jpg,Punica_granatum
692,Punica_granatum/b4b08689e6a2555e355920f8815a02eb652a99fc.jpg,Punica_granatum
693,Punica_granatum/b81db05561725f6cd14426fe2c034a1a221decf5.jpg,Punica_granatum
694,Punica_granatum/b1baf99838e85215dfaea221637928e4ce6329ac.jpg,Punica_granatum
695,Punica_granatum/15f172319d917ccc2f898568d7876b5a112880f4.jpg,Punica_granatum
696,Punica_granatum/ee7f1fe282fd1d18e4c7b8b83eabd74c8468c43f.jpg,Punica_granatum
697,Punica_granatum/5c515f03fbb2635bb0cc865c28d4479f5f5e025b.jpg,Punica_granatum
698,Punica_granatum/750b890b7710bdec666464d40d8ba462f340d22a.jpg,Punica_granatum
699,Punica_granatum/dcf7588292889ed1667a86a9c4028295794a8a8a.jpg,Punica_granatum
700,Punica_granatum/a40c06c9278107f37056ec6203ef298b10add6c3.jpg,Punica_granatum
701,Punica_granatum/2a8499fe6fb94bff0c02801197efb46b0b3810a2.jpg,Punica_granatum
702,Punica_granatum/3880ec4b342f1364a1ef2555c9dca21f90364eac.jpg,Punica_granatum
703,Punica_granatum/17902ea774a85b6d0a87d36ed51d796ef26433da.jpg,Punica_granatum
704,Punica_granatum/0335a3440954d6d809583eb837eddaa8543bda46.jpg,Punica_granatum
705,Punica_granatum/57e6c644b2481e7f07d04e58e6a2e7e309b8ffff.jpg,Punica_granatum
706,Punica_granatum/65dedba60ca19d0b29facae96250997a7fcfffb8.jpg,Punica_granatum
707,Punica_granatum/dd307fe65e5ee09b418bc635bb9cd95f2a9e9a15.jpg,Punica_granatum
708,Punica_granatum/ea316c6f123a488e40593b68d426c9839f441d52.jpg,Punica_granatum
709,Punica_granatum/270bf804a8ec65f5a06fea5cb3524c099955fe3e.jpg,Punica_granatum
710,Punica_granatum/abd035c811ff654c7b367f44a8d53073d6b40482.jpg,Punica_granatum
711,Punica_granatum/3433d8a15d82722699d32a07d2be537eec19d784.jpg,Punica_granatum
712,Punica_granatum/11e0e0d04d5f2642da7d6d238b467141d44be1c8.jpg,Punica_granatum
713,Punica_granatum/67e7e515fec41eec0f5c4866ba694ad54ca5dbab.jpg,Punica_granatum
714,Punica_granatum/165fa2c1e67bf6b2e18b9918a0e090bf36eeb7ae.jpg,Punica_granatum
715,Punica_granatum/498252214c0ce5c8f2fa34b33de1826bfafb5ec2.jpg,Punica_granatum
716,Punica_granatum/cde306c01acb58c995f0375cc7e81c72e73ddde0.jpg,Punica_granatum
717,Punica_granatum/f42223f8bb017677d127a4b6621cc9d3762ef847.jpg,Punica_granatum
718,Punica_granatum/6ebc10ea1bf4de342e32c4213e339aef7b96f97d.jpg,Punica_granatum
719,Punica_granatum/02ea7fb8c602ee6e26f7df51f28f822115014771.jpg,Punica_granatum
720,Trifolium_pratense/8e925611011e35d8187fc89f6ff1620ada2c754f.jpg,Trifolium_pratense
721,Trifolium_pratense/682b5fb349b887b0a666b9e3bf5672b007460a6a.jpg,Trifolium_pratense
722,Trifolium_pratense/494abfeb72aadf41501415c4b1da2b6806553294.jpg,Trifolium_pratense
723,Trifolium_pratense/f41144abd8101de73954e220e6beff2ea46133d6.jpg,Trifolium_pratense
724,Trifolium_pratense/2b75a342aceb8ebc21140bd92731fec0c1981fe3.jpg,Trifolium_pratense
725,Trifolium_pratense/4b29ed7cfded245664dee7b49f17834f88c04046.jpg,Trifolium_pratense
726,Trifolium_pratense/3fad60cfbaa6f7deb9146cce413e1a3a6fb6c950.jpg,Trifolium_pratense
727,Trifolium_pratense/8ce46c55d2f48b5d3cf313695ac98bf2aa98a225.jpg,Trifolium_pratense
728,Trifolium_pratense/9d52ba506bebd32729078e026fa0459a3247add1.jpg,Trifolium_pratense
729,Trifolium_pratense/1383178b85887392feb1acc426ef7d4cb06a898e.jpg,Trifolium_pratense
730,Trifolium_pratense/efae3ca7599d46564d2f448518841e23c3d3ef9f.jpg,Trifolium_pratense
731,Trifolium_pratense/bcc1e0f70b3cf9e69d9d6f956ed28b244baeede7.jpg,Trifolium_pratense
732,Trifolium_pratense/158037ba968c9255501f5fc0bf47f4040ce4a962.jpg,Trifolium_pratense
733,Trifolium_pratense/7645414487ed99851916888bbee597b4b8ec1033.jpg,Trifolium_pratense
734,Trifolium_pratense/d543c146fbf3fc994622334439e265bfbbf730b6.jpg,Trifolium_pratense
735,Trifolium_pratense/ce3b75ec72c9de814442ecc472aff68cbc0417c4.jpg,Trifolium_pratense
736,Trifolium_pratense/b558e2f79a7f3e61338b4855273d4e6e22464359.jpg,Trifolium_pratense
737,Trifolium_pratense/657317ffaf5d9bef8a59ca8f9819725de493d1c4.jpg,Trifolium_pratense
738,Trifolium_pratense/3c9d166dad6dc6f0061b776094762a5f94c415c2.jpg,Trifolium_pratense
739,Trifolium_pratense/0ff80ea3408810f2e9b6e5346a83cbb30e6e5cc9.jpg,Trifolium_pratense
740,Trifolium_pratense/73ebe7bdf16af8024ef72406ba07fd90a09df1ed.jpg,Trifolium_pratense
741,Trifolium_pratense/5ab0420bb2085c172b546ef94d89aeb424159cb7.jpg,Trifolium_pratense
742,Trifolium_pratense/dabe8b97c0946b4a0d880587a2a59b4c78d031f4.jpg,Trifolium_pratense
743,Trifolium_pratense/f21c0738f1358f036ded21d9daab80c809504d97.jpg,Trifolium_pratense
744,Trifolium_pratense/f734171aa9ba74b605f9f040ae17da81373fb084.jpg,Trifolium_pratense
745,Trifolium_pratense/7fe7bd5c2c2b864597d851ad273f9072ab96274f.jpg,Trifolium_pratense
746,Trifolium_pratense/f292f449592fda1c6b82ef3926cd6485ac7d66b6.jpg,Trifolium_pratense
747,Trifolium_pratense/0acd4e33eb6cdb85c453df52325d0e3e8f5a8a8c.jpg,Trifolium_pratense
748,Trifolium_pratense/f4fecf751606c2717374a50e8cce6bb9f8b613b8.jpg,Trifolium_pratense
749,Trifolium_pratense/e2292c65dc43a5c6625676f3d00cdbbd9ddd3d0e.jpg,Trifolium_pratense
750,Trifolium_pratense/5ef55dd030e26355d8c46e5ac4dd7a91c229ee9b.jpg,Trifolium_pratense
751,Trifolium_pratense/e1d72b03a65e9e013b5fcbc8b3bc10e718490f35.jpg,Trifolium_pratense
752,Trifolium_pratense/cb61d15cb31e82201a6e20c706f6c1ea7ff5cfbf.jpg,Trifolium_pratense
753,Trifolium_pratense/5f53cd5917e167babfc680d2ea7e5cc2ae284a5b.jpg,Trifolium_pratense
754,Trifolium_pratense/288b52190ca94304964ded649b0536a998dd3cb6.jpg,Trifolium_pratense
755,Trifolium_pratense/4ce1522e94cead0bc384dd8113f35b7ac51827af.jpg,Trifolium_pratense
756,Trifolium_pratense/7eaafdbbb6406e82ca8f77317b7d6d2619671d52.jpg,Trifolium_pratense
757,Trifolium_pratense/984c4f498ac45fbcb59c72424dab4ad1483cae0a.jpg,Trifolium_pratense
758,Trifolium_pratense/3529ba2d08cae303f3575fcbf57606f27c664b7a.jpg,Trifolium_pratense
759,Trifolium_pratense/407e6979d2b1a16133d928572e25f7199b64922b.jpg,Trifolium_pratense
760,Lamium_purpureum/a808409a19674a68aacd70d781eec13264072a9c.jpg,Lamium_purpureum
761,Lamium_purpureum/5a9ceb029a994c14473fe38a5d8ecbef75b26456.jpg,Lamium_purpureum
762,Lamium_purpureum/a6063b1fba1579c7a30eb0e7da96e105117187b1.jpg,Lamium_purpureum
763,Lamium_purpureum/d3778aad215c826e5f91c8e9ea768793613c1cc0.jpg,Lamium_purpureum
764,Lamium_purpureum/d9dd4f4a62194aea0521663bde607e443b4b5f19.jpg,Lamium_purpureum
765,Lamium_purpureum/ea5a0c5d77e570695682f3e977d2b122b7db3c31.jpg,Lamium_purpureum
766,Lamium_purpureum/e09944d24702b823f6042427e9f88a93fd70105e.jpg,Lamium_purpureum
767,Lamium_purpureum/20b6959b35bd5e8ef3c3a895932a9d15d2a60345.jpg,Lamium_purpureum
768,Lamium_purpureum/b2dc1124ad5c492419919ac8a2ecd5cb706f8e29.jpg,Lamium_purpureum
769,Lamium_purpureum/440353a8ab7b1543a3b6de9db8524a9161fba446.jpg,Lamium_purpureum
770,Lamium_purpureum/2a7f76f80c7617ad1c93b5beb8cb95d7887835b6.jpg,Lamium_purpureum
771,Lamium_purpureum/10b000a0a5b7fca2f51dbd3059b38c82432da2b9.jpg,Lamium_purpureum
772,Lamium_purpureum/f70aaa1cc1af2fc4493b9684dea45aea61034625.jpg,Lamium_purpureum
773,Lamium_purpureum/6353aa77627bcbe0988edb344dd9679511af55e6.jpg,Lamium_purpureum
774,Lamium_purpureum/406f62bae94ad862f2d157ee2964b2a01565170f.jpg,Lamium_purpureum
775,Lamium_purpureum/9fd5dbd53ae36ac414fc10f48f091a1c767069b5.jpg,Lamium_purpureum
776,Lamium_purpureum/1d9912923dd98e55e4974d5499da9a81837fa6fa.jpg,Lamium_purpureum
777,Lamium_purpureum/56e6b7e4323435dce81d019e3bb8ab82e00e986b.jpg,Lamium_purpureum
778,Lamium_purpureum/7bf715b4ce68ff2e16f1b6d4581083d0711d1c60.jpg,Lamium_purpureum
779,Lamium_purpureum/c6a4bb95bc432e9cc15248456fe2f54b7053c9b1.jpg,Lamium_purpureum
780,Lamium_purpureum/bc4a7e89f72b5b1ea4ed9e6bc9c5b118dbf4c196.jpg,Lamium_purpureum
781,Lamium_purpureum/6c4cb8ef6597e622be6400d89466742692c9332a.jpg,Lamium_purpureum
782,Lamium_purpureum/0b8641a54b46686e90a6680fa5660a0870394b18.jpg,Lamium_purpureum
783,Lamium_purpureum/6c41d05801d2f3124c7997c9202bc57b151f7680.jpg,Lamium_purpureum
784,Lamium_purpureum/a7317f7de1f3607bd9ef430379ae93ad916e69bf.jpg,Lamium_purpureum
785,Lamium_purpureum/7252b07002220e1357776a9b3c579725c6405242.jpg,Lamium_purpureum
786,Lamium_purpureum/d3befebe326ae10c29bf31ac4211c90887489ec5.jpg,Lamium_purpureum
787,Lamium_purpureum/9c8220fd74d4b58569915c1cd1425889f4abf425.jpg,Lamium_purpureum
788,Lamium_purpureum/996e9a4e74d6593134ef7c466992306f154eebbf.jpg,Lamium_purpureum
789,Lamium_purpureum/d62594c4910d44232d6dfe809a231339ae50c534.jpg,Lamium_purpureum
790,Lamium_purpureum/b2b6b399b6cf0ea7ebfea69397a3203e684e7db2.jpg,Lamium_purpureum
791,Lamium_purpureum/6cfe6b157cbe3a8d2dd46158074cb1c774198bd0.jpg,Lamium_purpureum
792,Lamium_purpureum/821c9a1c255ef7dc2747b54f566c94849ea59931.jpg,Lamium_purpureum
793,Lamium_purpureum/b92a587b6c1e33564e1944d04294c92eff317cf5.jpg,Lamium_purpureum
794,Lamium_purpureum/2dff7e9264559b8ecec3a2e7439ad91533f6bec4.jpg,Lamium_purpureum
795,Lamium_purpureum/9460c4dafca9fb0c5a7c316ef76470d88388a6ff.jpg,Lamium_purpureum
796,Lamium_purpureum/140e687e436f77a1017726b8e7ead0eb94822201.jpg,Lamium_purpureum
797,Lamium_purpureum/7b1ed0bd74df432886f2e494a71ea59e2e08caf0.jpg,Lamium_purpureum
798,Lamium_purpureum/33f64842e2b0da61d366e0cf8f5ba7ec2ce6b9be.jpg,Lamium_purpureum
799,Lamium_purpureum/587770f470b29b8f649902fa2e83e39d3d8338ab.jpg,Lamium_purpureum
800,Papaver_rhoeas/699d6d083313ae512630badf6e1d36856b9d7c91.jpg,Papaver_rhoeas
801,Papaver_rhoeas/c7747c9c2c5de03c83b81f2167b6b47cc61e0953.jpg,Papaver_rhoeas
802,Papaver_rhoeas/a5b86f5d2cff9a5dd5e210ca9bc14927bca7f49c.jpg,Papaver_rhoeas
803,Papaver_rhoeas/660ba6da332cfa9bcd2e9cb7f530cc2865080962.jpg,Papaver_rhoeas
804,Papaver_rhoeas/59218373838774202450894973d820d0ad24441e.jpg,Papaver_rhoeas
805,Papaver_rhoeas/f40391ca0663c0f05c7196ddd5c0283fd78dfa0f.jpg,Papaver_rhoeas
806,Papaver_rhoeas/3f3d7a174ddba3c64fc6b6301c2131fb038b2292.jpg,Papaver_rhoeas
807,Papaver_rhoeas/a29a1cc8d3aa027e0ae34810e54c8513f88a433a.jpg,Papaver_rhoeas
808,Papaver_rhoeas/d19cd2c25469605e65f8c14f0e8e1828fe5af259.jpg,Papaver_rhoeas
809,Papaver_rhoeas/51b7311a7a60ff727450d5296db4f032c96e4eaa.jpg,Papaver_rhoeas
810,Papaver_rhoeas/4e5c3ba00313f56572349289c432a193166966c7.jpg,Papaver_rhoeas
811,Papaver_rhoeas/8e113fcca8e095f3f74aafcfbf2858dafae6ea9a.jpg,Papaver_rhoeas
812,Papaver_rhoeas/c8f00a97263fc1e73ec9c71e064cc0200008a99c.jpg,Papaver_rhoeas
813,Papaver_rhoeas/3d059f6e0447bde3a6bd64148629cf65750eade7.jpg,Papaver_rhoeas
814,Papaver_rhoeas/3751289813d075fe80a1c406bef821d0b255006e.jpg,Papaver_rhoeas
815,Papaver_rhoeas/9488814160c2014dd7f187c44674e7272d10cfc7.jpg,Papaver_rhoeas
816,Papaver_rhoeas/0f995b18bab93fa2838fdf039a5b320d0caf405f.jpg,Papaver_rhoeas
817,Papaver_rhoeas/b36469e7ba81310f0070510cfaf4c9c6ca0115ae.jpg,Papaver_rhoeas
818,Papaver_rhoeas/6c58b1b95baf8612e8d48ce8a4d770f1df9413a4.jpg,Papaver_rhoeas
819,Papaver_rhoeas/e12465f56fe822295703c618daf18131770e14f3.jpg,Papaver_rhoeas
820,Papaver_rhoeas/ba1cb0885c97d8877f001dc69057a49778d9174a.jpg,Papaver_rhoeas
821,Papaver_rhoeas/ccb182eebcf6ac963e69e629c604a76b618a59c4.jpg,Papaver_rhoeas
822,Papaver_rhoeas/abaaad4a9785c93a812e634314d3a9921cf2d6b6.jpg,Papaver_rhoeas
823,Papaver_rhoeas/d03895654433600559bc50ec3ce92b85a0812432.jpg,Papaver_rhoeas
824,Papaver_rhoeas/d704fd1c8681dbb9dfad41f74fec1964b805a6ed.jpg,Papaver_rhoeas
825,Papaver_rhoeas/20223f6460fd2ba5dc47f543013b15d20cd79691.jpg,Papaver_rhoeas
826,Papaver_rhoeas/43f07cce6df36aa30f3b4e822721b7a44b1a2dae.jpg,Papaver_rhoeas
827,Papaver_rhoeas/e9d0207e7054cf8cdc71adeaaa3e6780c77d3f9a.jpg,Papaver_rhoeas
828,Papaver_rhoeas/47634f18b9a4692de13b5d09506b63b6ba296815.jpg,Papaver_rhoeas
829,Papaver_rhoeas/bd4093b2a9ef2fb43f3aa47e9c41461ae5498eb7.jpg,Papaver_rhoeas
830,Papaver_rhoeas/29a7f01fa7bd7903f6b882ca01a3d60dda72aa64.jpg,Papaver_rhoeas
831,Papaver_rhoeas/5c083887fb3a75c4f766d2303e8bb21da7895d5f.jpg,Papaver_rhoeas
832,Papaver_rhoeas/52c0a230f977af9090a49fad1debaf44056d3f3d.jpg,Papaver_rhoeas
833,Papaver_rhoeas/8c941a8c27eb468f5029b2d8036e5bb3a3027aa4.jpg,Papaver_rhoeas
834,Papaver_rhoeas/8c5f5ebe13f490689a39d6c4e27cd9306e251953.jpg,Papaver_rhoeas
835,Papaver_rhoeas/60222e2372e9da78256a9c78a57951e9b48f0de8.jpg,Papaver_rhoeas
836,Papaver_rhoeas/0d09a358a015976feaa6db10fd25a8512c228fbf.jpg,Papaver_rhoeas
837,Papaver_rhoeas/bcd9bd620a86e5e42f5c278918445cd2d5dc4b5c.jpg,Papaver_rhoeas
838,Papaver_rhoeas/9ccf0dcaa0cf247dee5d78eb96a969e2722e6699.jpg,Papaver_rhoeas
839,Papaver_rhoeas/a0208f624beb26b9f887359cb887f66716e5fdac.jpg,Papaver_rhoeas
840,Hypericum_perforatum/9145c060fe012b1e26a52837761c34b4d0b4822a.jpg,Hypericum_perforatum
841,Hypericum_perforatum/afb3ab4267d842b1277da9828fb0919ed84b914e.jpg,Hypericum_perforatum
842,Hypericum_perforatum/8b9b41b5b3c6996f9a2f4c59cc45695702bc33af.jpg,Hypericum_perforatum
843,Hypericum_perforatum/ece05919358a4e13b3c021cb4e2c48eb96769fc5.jpg,Hypericum_perforatum
844,Hypericum_perforatum/c1c717b66ecfbabc33a55732c1c2657a4ac6fa0b.jpg,Hypericum_perforatum
845,Hypericum_perforatum/52c62cc1f968580a4f5854c47450a9ffe436cd42.jpg,Hypericum_perforatum
846,Hypericum_perforatum/c790683ef5f2d6316da5736a0c2674cd0e3cab8a.jpg,Hypericum_perforatum
847,Hypericum_perforatum/dbc6ae93af8b060d7715da92b91c6e501a564044.jpg,Hypericum_perforatum
848,Hypericum_perforatum/b554706b77b2f45eb4ffc7360bc499111c400cf5.jpg,Hypericum_perforatum
849,Hypericum_perforatum/f6d5a5cd08351301630e7e175a66532b2d7dafb2.jpg,Hypericum_perforatum
850,Hypericum_perforatum/6f85874681072137122fdd19c230439e90de1cd4.jpg,Hypericum_perforatum
851,Hypericum_perforatum/1fea39ddc7f789cb6758c6f80dc874ade5ee8c78.jpg,Hypericum_perforatum
852,Hypericum_perforatum/3f6aed36ef20066f060cf59298e795a80a10d8f8.jpg,Hypericum_perforatum
853,Hypericum_perforatum/eeb7432c983827efbdfeb1f3ead27902c3cc9111.jpg,Hypericum_perforatum
854,Hypericum_perforatum/e447627d9c14001676f772bb1ea3f73cda88958e.jpg,Hypericum_perforatum
855,Hypericum_perforatum/02333de7b7d460934ac99d09664d103ddf531ccc.jpg,Hypericum_perforatum
856,Hypericum_perforatum/24da559d63ed8957087cb7e97c31c1d4eed21ada.jpg,Hypericum_perforatum
857,Hypericum_perforatum/29406f5880a86bdeacca2ad912fd480e7770c681.jpg,Hypericum_perforatum
858,Hypericum_perforatum/c6f44b8659a6192ed30698916bc8a29035021893.jpg,Hypericum_perforatum
859,Hypericum_perforatum/9d236f3350cee62de6cba77bf09b3fb2d7a82830.jpg,Hypericum_perforatum
860,Hypericum_perforatum/185c27d21d92b1fdefae59076c808e22f786640d.jpg,Hypericum_perforatum
861,Hypericum_perforatum/858aa52c785831d601c04e5414ef559ad86c4c14.jpg,Hypericum_perforatum
862,Hypericum_perforatum/60b61f91fcd47ccac52edd618712eac1cd98b232.jpg,Hypericum_perforatum
863,Hypericum_perforatum/81e32ac296531c5f970cbae97ec63ac3b60f6043.jpg,Hypericum_perforatum
864,Hypericum_perforatum/428bb716f2ff1b8102cae425db027bc5de411e6b.jpg,Hypericum_perforatum
865,Hypericum_perforatum/d1ae5b01e5d2d3696cf19f5244d76ee090188a4b.jpg,Hypericum_perforatum
866,Hypericum_perforatum/b49bfeb4b45d5e5ad404aa2804c28c9f37f5836f.jpg,Hypericum_perforatum
867,Hypericum_perforatum/f1995c2de614fdef6a3dfbdd06b5df3d8130c990.jpg,Hypericum_perforatum
868,Hypericum_perforatum/5945a6ada3059af59f39b8400d322872ed1a9e95.jpg,Hypericum_perforatum
869,Hypericum_perforatum/b74f2b061523e011a4946d02cd3be1978f9ff4cc.jpg,Hypericum_perforatum
870,Hypericum_perforatum/feeac271dc6c5b3f13b7beb76b248146323c4378.jpg,Hypericum_perforatum
871,Hypericum_perforatum/e6fda5c6f64fd159e3f47d53b4d185eeb27e8a9d.jpg,Hypericum_perforatum
872,Hypericum_perforatum/d40e7b3ae5feb34bafcf439c2253ec23b8b4c0e0.jpg,Hypericum_perforatum
873,Hypericum_perforatum/312e93a5dcb326dc4e5c668180a3e0d346f75e19.jpg,Hypericum_perforatum
874,Hypericum_perforatum/dd92eebad2151d0f48dd6751e22caeead191b066.jpg,Hypericum_perforatum
875,Hypericum_perforatum/e3c503246f13252f555fc197651bb91341b30038.jpg,Hypericum_perforatum
876,Hypericum_perforatum/32d5e616bddcea4949cc84f70b99e46d4b8b4042.jpg,Hypericum_perforatum
877,Hypericum_perforatum/7ceb75658181a63f08e454dfbb3ea586d7d614e4.jpg,Hypericum_perforatum
878,Hypericum_perforatum/4ae25714d9c53cbe21d9cfd191372afdfdbae5a8.jpg,Hypericum_perforatum
879,Hypericum_perforatum/f170d023d569d7dc46c30cca9a2abaacf4caee45.jpg,Hypericum_perforatum
880,Anemone_nemorosa/44d261fc3191566d391165bb072804d5ee1178eb.jpg,Anemone_nemorosa
881,Anemone_nemorosa/0ea90dfe8a7aeaf0bf0d89f3f10b659da389daca.jpg,Anemone_nemorosa
882,Anemone_nemorosa/66428e662216e64e1775a25754ec7e2cd2ba9583.jpg,Anemone_nemorosa
883,Anemone_nemorosa/6e6597cd648f9222bd489135480e58f3bb86ce86.jpg,Anemone_nemorosa
884,Anemone_nemorosa/544acb683cb8fb0f081d1bff54e8625465322851.jpg,Anemone_nemorosa
885,Anemone_nemorosa/651a3774ee1e07519b8c1868666b05173bb5a20a.jpg,Anemone_nemorosa
886,Anemone_nemorosa/0b454e2b19ce623a517af45fb348f3a60827b33c.jpg,Anemone_nemorosa
887,Anemone_nemorosa/0e9e2c25a28f41032dec3b1183d9e95416032ce4.jpg,Anemone_nemorosa
888,Anemone_nemorosa/9a2edc5ea98e26122e25ca22f310f8919356ab9e.jpg,Anemone_nemorosa
889,Anemone_nemorosa/614b9a33b7012e6654ed3baa010bc9d3d320d779.jpg,Anemone_nemorosa
890,Anemone_nemorosa/0685452102ce10090d6eb17560abe02edbf452c5.jpg,Anemone_nemorosa
891,Anemone_nemorosa/7e598144c04cadcfe1458efe6f2b010edef5d496.jpg,Anemone_nemorosa
892,Anemone_nemorosa/83aa5e2f459c21de93a878f8182e3f96e6066275.jpg,Anemone_nemorosa
893,Anemone_nemorosa/979fd27c1efec6611f82928f2ef073ac36b1a515.jpg,Anemone_nemorosa
894,Anemone_nemorosa/002bed8d3785f8ef4689a7be1c36b1957352f29a.jpg,Anemone_nemorosa
895,Anemone_nemorosa/5a9b812f116a9986603b9318edfa83cd139d944a.jpg,Anemone_nemorosa
896,Anemone_nemorosa/5fcbd30e99d73c86378a896d1e0b584c13d27a3e.jpg,Anemone_nemorosa
897,Anemone_nemorosa/3e9fbb13ceac725fab5bbea0d4b3c28085c092f9.jpg,Anemone_nemorosa
898,Anemone_nemorosa/2dcc6bc79a3b213460340d7088c8804c717963f1.jpg,Anemone_nemorosa
899,Anemone_nemorosa/a8232ccf45b0ffaa1efa0add78d2fba47f480d2b.jpg,Anemone_nemorosa
900,Anemone_nemorosa/e1d75acd2edab8cce3742e10af0d28dd4ad90de9.jpg,Anemone_nemorosa
901,Anemone_nemorosa/ff6426e4f65273dc07e6bf55b6187803d9411175.jpg,Anemone_nemorosa
902,Anemone_nemorosa/aecbc413f5156c1b9a23e6e5ef36e5e342db53be.jpg,Anemone_nemorosa
903,Anemone_nemorosa/756345fb782088542276de07cd965ea6a1f09fa4.jpg,Anemone_nemorosa
904,Anemone_nemorosa/ad9b4489a414c25a4669b09af62373e955138b04.jpg,Anemone_nemorosa
905,Anemone_nemorosa/213cef52607604c809a358ca95ce2af0cd501c9c.jpg,Anemone_nemorosa
906,Anemone_nemorosa/f9915b3355878b4eaaa3f36268b0fe4b49f27d58.jpg,Anemone_nemorosa
907,Anemone_nemorosa/e1c7a3544575d3a0e3cdd8789044d254f5015e7f.jpg,Anemone_nemorosa
908,Anemone_nemorosa/e71cf1a973ebb2571561e60d4ada99bababc22db.jpg,Anemone_nemorosa
909,Anemone_nemorosa/31113423a7ab01e9ed0eb8017b7ea2365f0f4402.jpg,Anemone_nemorosa
910,Anemone_nemorosa/a7ea7ed506e9ef8471dd16ea11cdc77fca419c7b.jpg,Anemone_nemorosa
911,Anemone_nemorosa/ebf43a16095a604073b8a2fad88d21bb5a09180c.jpg,Anemone_nemorosa
912,Anemone_nemorosa/f298de28348727883a9a8e73d27407bb41797ad3.jpg,Anemone_nemorosa
913,Anemone_nemorosa/5666c5c5bd82b51041d1d0602e99525e8e54ed1d.jpg,Anemone_nemorosa
914,Anemone_nemorosa/30a747bedf1005ff5971dc179c341450d7118c85.jpg,Anemone_nemorosa
915,Anemone_nemorosa/5d2b86005db0aaa0607906a3cf132bde942a169c.jpg,Anemone_nemorosa
916,Anemone_nemorosa/fc5ec2d73c28e76c16b22c27c86b9c9c68ede188.jpg,Anemone_nemorosa
917,Anemone_nemorosa/c33ebc9eb7b65091c32183e84e484f5cb6545dda.jpg,Anemone_nemorosa
918,Anemone_nemorosa/331305e9bcda7f1bf428a278e8fd2a9a648ce73f.jpg,Anemone_nemorosa
919,Anemone_nemorosa/7d77f681c10e766a0d5488cd1e8d9e31a945b86e.jpg,Anemone_nemorosa
920,Cymbalaria_muralis/0c773dd9766a5f5913a9e41b4db599764b8f1267.jpg,Cymbalaria_muralis
921,Cymbalaria_muralis/05c43e032dfdfe107c9b5954d826cf7b57844c08.jpg,Cymbalaria_muralis
922,Cymbalaria_muralis/4b1ffc42d1e0cfe445b2fe61c6e73b5d895e1312.jpg,Cymbalaria_muralis
923,Cymbalaria_muralis/9097781d7542f2cab1b780ea013d15d1927871d2.jpg,Cymbalaria_muralis
924,Cymbalaria_muralis/493d4997a6fc8817c06864485a0641d01fe15757.jpg,Cymbalaria_muralis
925,Cymbalaria_muralis/417ed2c9471e04aa21ba1007a620e6626863c986.jpg,Cymbalaria_muralis
926,Cymbalaria_muralis/cbf93a0b5bae817fd88c92f7f3c58d38444957ed.jpg,Cymbalaria_muralis
927,Cymbalaria_muralis/5dfdfc212a558c12e6a85f27fc15ab8558252f4a.jpg,Cymbalaria_muralis
928,Cymbalaria_muralis/1680016a995fcfe6e665481c5013e106253ac355.jpg,Cymbalaria_muralis
929,Cymbalaria_muralis/ac73491623b66744eb54d54f2810b0e010b620c2.jpg,Cymbalaria_muralis
930,Cymbalaria_muralis/e7c9170b80a0e06f10a03f7d08986d216701fc09.jpg,Cymbalaria_muralis
931,Cymbalaria_muralis/fa4a659569c8aead84e8278e53f07795ef14a1c6.jpg,Cymbalaria_muralis
932,Cymbalaria_muralis/a3318bf26b59e54beef3fc002cfc73a0e30ae2c9.jpg,Cymbalaria_muralis
933,Cymbalaria_muralis/3663f87a12cc92ec63e8aad7860805e031936fd8.jpg,Cymbalaria_muralis
934,Cymbalaria_muralis/5a622ef34673a2d8df14c01c9e5c486c41f05e40.jpg,Cymbalaria_muralis
935,Cymbalaria_muralis/5817dff505ce9190bedd909185bc473f0b43a7c1.jpg,Cymbalaria_muralis
936,Cymbalaria_muralis/6b24c1d977eb0bf612a7b3141e59d8d6be520468.jpg,Cymbalaria_muralis
937,Cymbalaria_muralis/c4dd699abe07da5a8fce3f20a6577f9d6e831b17.jpg,Cymbalaria_muralis
938,Cymbalaria_muralis/59e0fc17ffc8b7ca754c0cd71e2ce18c89d9dd47.jpg,Cymbalaria_muralis
939,Cymbalaria_muralis/b62ed761aa7611482f45c1302116c5dc8dcfd6c1.jpg,Cymbalaria_muralis
940,Cymbalaria_muralis/f84e1aa8083f867509b7807085fbe3481e438f38.jpg,Cymbalaria_muralis
941,Cymbalaria_muralis/670b31455035c964fd0333d3547403a271aef615.jpg,Cymbalaria_muralis
942,Cymbalaria_muralis/2d21a2dc50a25f470f7e7d5f328187f6ea0ff46c.jpg,Cymbalaria_muralis
943,Cymbalaria_muralis/45b80104d9674d5541b4ca5e45139e813ab79179.jpg,Cymbalaria_muralis
944,Cymbalaria_muralis/1f6a4cfffdd23248bf50db3febf1dbdb7b1ec30e.jpg,Cymbalaria_muralis
945,Cymbalaria_muralis/14d1455fe6c5268000f36d2e255e8df39622f1ce.jpg,Cymbalaria_muralis
946,Cymbalaria_muralis/abb5fa41bfcb5f88c4a3407b9d6331e1f60aef36.jpg,Cymbalaria_muralis
947,Cymbalaria_muralis/03274bf4a6f7c2d61a8b21bec4e85f4244b7eb16.jpg,Cymbalaria_muralis
948,Cymbalaria_muralis/f001867d160e25cc55af37ad8b3585258a5a670e.jpg,Cymbalaria_muralis
949,Cymbalaria_muralis/68a4309c9cea486863719a40641c06df5d9a1907.jpg,Cymbalaria_muralis
950,Cymbalaria_muralis/660c7a70f5f81e1bf2d9f9ca3de7e52698f0963b.jpg,Cymbalaria_muralis
951,Cymbalaria_muralis/c347660198c59da435131813d28c7b8406ca56ec.jpg,Cymbalaria_muralis
952,Cymbalaria_muralis/9a9012b802ab9c7072d16169d57e912abcba3097.jpg,Cymbalaria_muralis
953,Cymbalaria_muralis/19b762dfef76b75f2b214cf1dd94a49efc6c6427.jpg,Cymbalaria_muralis
954,Cymbalaria_muralis/86269834a7dfe2f5a5785cb68b9322f1389d9345.jpg,Cymbalaria_muralis
955,Cymbalaria_muralis/f87b6744fa7a5d36647950eac7b12f10731a70bb.jpg,Cymbalaria_muralis
956,Cymbalaria_muralis/735ed4e7eb191a5acfccd9196486cb3fdc1ace53.jpg,Cymbalaria_muralis
957,Cymbalaria_muralis/d65141c39fa8ddd67bba6418ef812d7e31a004c8.jpg,Cymbalaria_muralis
958,Cymbalaria_muralis/5c127734375a3f5c5b7edea7f289d136063a7475.jpg,Cymbalaria_muralis
959,Cymbalaria_muralis/88081145023a97bd66d490585d69122ed4f0d71f.jpg,Cymbalaria_muralis
960,Lavandula_angustifolia/6be66bb070b718e226319360759cae3a4ac4be86.jpg,Lavandula_angustifolia
961,Lavandula_angustifolia/ab5354c7ac1c09fe13319bb003482550e2424d1e.jpg,Lavandula_angustifolia
962,Lavandula_angustifolia/db955d6da37990129efc521c518752e9f03d3d5d.jpg,Lavandula_angustifolia
963,Lavandula_angustifolia/d11c991c7e5c2602da2f8aae460ac911fa6f57b2.jpg,Lavandula_angustifolia
964,Lavandula_angustifolia/c0e22c55b72f7bb18f3e025c0df3a3c790e4d444.jpg,Lavandula_angustifolia
965,Lavandula_angustifolia/83a392a067b440cb9a75b2d8077ae2bfe26f6bbe.jpg,Lavandula_angustifolia
966,Lavandula_angustifolia/87754fc798f354ffb21c250b00ae9e699a7f630e.jpg,Lavandula_angustifolia
967,Lavandula_angustifolia/046b4cd3ba0efc860aa4359f34c254748068e49a.jpg,Lavandula_angustifolia
968,Lavandula_angustifolia/0a2a94431b0ef68acf02a19c93ba77c66788742d.jpg,Lavandula_angustifolia
969,Lavandula_angustifolia/177a87a9f34f760d5a278d8148feb833dbd67628.jpg,Lavandula_angustifolia
970,Lavandula_angustifolia/286957e0a819dcb21f25a1467fd296c7d67d5851.jpg,Lavandula_angustifolia
971,Lavandula_angustifolia/b4c157e524c323a39079201d2dd03435a59bd5a8.jpg,Lavandula_angustifolia
972,Lavandula_angustifolia/90bc5f769a5b1a4d923522639292a759b95a0c7e.jpg,Lavandula_angustifolia
973,Lavandula_angustifolia/4b67fa0bd1778e98e4098d64d92d0de8e1fd989a.jpg,Lavandula_angustifolia
974,Lavandula_angustifolia/ec6515f9d086c9664ba9ee5d401bc808b43e8ee3.jpg,Lavandula_angustifolia
975,Lavandula_angustifolia/d74330c82f17f2d723df94ce1f1806f24aa0ad8b.jpg,Lavandula_angustifolia
976,Lavandula_angustifolia/69aac2171e9b93ce917c9646c8fe661ab4ab13ef.jpg,Lavandula_angustifolia
977,Lavandula_angustifolia/84a5d5b9a5f3e3db0f6926726e68eba2619c2a84.jpg,Lavandula_angustifolia
978,Lavandula_angustifolia/2f4d2486cf66509928016e2f8560ab87dffa3e4d.jpg,Lavandula_angustifolia
979,Lavandula_angustifolia/efc826ae3927a6b63048cab1fe38681c49cc9db6.jpg,Lavandula_angustifolia
980,Lavandula_angustifolia/9afcf0d0ab80e61864b98dcee014411002ca2e1f.jpg,Lavandula_angustifolia
981,Lavandula_angustifolia/930bc6eda32514a4aeefcd8c7e6a8873d3cb3738.jpg,Lavandula_angustifolia
982,Lavandula_angustifolia/09341771f77104dbfec3c10b603c5a07b5522e9c.jpg,Lavandula_angustifolia
983,Lavandula_angustifolia/8f99aea14624d20876708b31b727565fe5da69b8.jpg,Lavandula_angustifolia
984,Lavandula_angustifolia/44b10c4d059140743581e198c16f68477f34b096.jpg,Lavandula_angustifolia
985,Lavandula_angustifolia/4bd94890e81d21f2d195c920bb3dc897cf02c186.jpg,Lavandula_angustifolia
986,Lavandula_angustifolia/f6f51d4cb8c87f59050c75d14cefd935734867ab.jpg,Lavandula_angustifolia
987,Lavandula_angustifolia/8ff69db08d5c5250229dde54abde8eb2f10823a6.jpg,Lavandula_angustifolia
988,Lavandula_angustifolia/8d19462f88d36364ca711dfee7f5c9b591fdb9ef.jpg,Lavandula_angustifolia
989,Lavandula_angustifolia/22f08760ded480af4419b80b3dca1740c1cf8e51.jpg,Lavandula_angustifolia
990,Lavandula_angustifolia/4a8b7793eb449ec663fa1212e5cf2740fcac3cff.jpg,Lavandula_angustifolia
991,Lavandula_angustifolia/a02eabac14ab14d1b3663905ab74281fe9c3b4a2.jpg,Lavandula_angustifolia
992,Lavandula_angustifolia/6fd13f39695ec8c0a956a8bb6010deb9d6c4758a.jpg,Lavandula_angustifolia
993,Lavandula_angustifolia/ba195254d5bc0e9d73c7f049ea0532fc68bbc886.jpg,Lavandula_angustifolia
994,Lavandula_angustifolia/cb64765fcf2750ff40642f7bc640f4bd93c5f26e.jpg,Lavandula_angustifolia
995,Lavandula_angustifolia/d339f68face114a51e88418a1acbb011e4fbcbcf.jpg,Lavandula_angustifolia
996,Lavandula_angustifolia/0c34d870446f8b217dae862af0596e7f98cee6eb.jpg,Lavandula_angustifolia
997,Lavandula_angustifolia/db2a879472e7e156d861e7f7c166b3a51be2c18a.jpg,Lavandula_angustifolia
998,Lavandula_angustifolia/1ec5fd7c8315abf00084e013ccc4b9b5ee0537a3.jpg,Lavandula_angustifolia
999,Lavandula_angustifolia/96513db764ad5cb30a27b3bdb84e11dcbda12df9.jpg,Lavandula_angustifolia
