,filepath,class
0,Tomato___Late_blight/96629.jpg,Tomato___Late_blight
1,Tomato___Late_blight/85321.jpg,Tomato___Late_blight
2,Tomato___Late_blight/13617.jpg,Tomato___Late_blight
3,Tomato___Late_blight/192435.jpg,Tomato___Late_blight
4,Tomato___Late_blight/76118.jpg,Tomato___Late_blight
5,Tomato___Late_blight/149292.jpg,Tomato___Late_blight
6,Tomato___Late_blight/172193.jpg,Tomato___Late_blight
7,Tomato___Late_blight/145851.jpg,Tomato___Late_blight
8,Tomato___Late_blight/37106.jpg,Tomato___Late_blight
9,Tomato___Late_blight/188901.jpg,Tomato___Late_blight
10,Tomato___Late_blight/84465.jpg,Tomato___Late_blight
11,Tomato___Late_blight/164085.jpg,Tomato___Late_blight
12,Tomato___Late_blight/101704.jpg,Tomato___Late_blight
13,Tomato___Late_blight/169273.jpg,Tomato___Late_blight
14,Tomato___Late_blight/162066.jpg,Tomato___Late_blight
15,Tomato___Late_blight/55949.jpg,Tomato___Late_blight
16,Tomato___Late_blight/149094.jpg,Tomato___Late_blight
17,Tomato___Late_blight/74303.jpg,Tomato___Late_blight
18,Tomato___Late_blight/190179.jpg,Tomato___Late_blight
19,Tomato___Late_blight/131130.jpg,Tomato___Late_blight
20,Tomato___Late_blight/32222.jpg,Tomato___Late_blight
21,Tomato___Late_blight/22655.jpg,Tomato___Late_blight
22,Tomato___Late_blight/175772.jpg,Tomato___Late_blight
23,Tomato___Late_blight/77241.jpg,Tomato___Late_blight
24,Tomato___Late_blight/91210.jpg,Tomato___Late_blight
25,Tomato___Late_blight/89615.jpg,Tomato___Late_blight
26,Tomato___Late_blight/167131.jpg,Tomato___Late_blight
27,Tomato___Late_blight/81442.jpg,Tomato___Late_blight
28,Tomato___Late_blight/102782.jpg,Tomato___Late_blight
29,Tomato___Late_blight/131314.jpg,Tomato___Late_blight
30,Tomato___Late_blight/130876.jpg,Tomato___Late_blight
31,Tomato___Late_blight/196904.jpg,Tomato___Late_blight
32,Tomato___Late_blight/48485.jpg,Tomato___Late_blight
33,Tomato___Late_blight/24479.jpg,Tomato___Late_blight
34,Tomato___Late_blight/170449.jpg,Tomato___Late_blight
35,Tomato___Late_blight/93411.jpg,Tomato___Late_blight
36,Tomato___Late_blight/57158.jpg,Tomato___Late_blight
37,Tomato___Late_blight/122090.jpg,Tomato___Late_blight
38,Tomato___Late_blight/160281.jpg,Tomato___Late_blight
39,Tomato___Late_blight/49162.jpg,Tomato___Late_blight
40,Tomato___Tomato_Yellow_Leaf_Curl_Virus/157212.jpg,Tomato___Tomato_Yellow_Leaf_Curl_Virus
41,Tomato___Tomato_Yellow_Leaf_Curl_Virus/154196.jpg,Tomato___Tomato_Yellow_Leaf_Curl_Virus
42,Tomato___Tomato_Yellow_Leaf_Curl_Virus/195589.jpg,Tomato___Tomato_Yellow_Leaf_Curl_Virus
43,Tomato___Tomato_Yellow_Leaf_Curl_Virus/158172.jpg,Tomato___Tomato_Yellow_Leaf_Curl_Virus
44,Tomato___Tomato_Yellow_Leaf_Curl_Virus/196732.jpg,Tomato___Tomato_Yellow_Leaf_Curl_Virus
45,Tomato___Tomato_Yellow_Leaf_Curl_Virus/133511.jpg,Tomato___Tomato_Yellow_Leaf_Curl_Virus
46,Tomato___Tomato_Yellow_Leaf_Curl_Virus/67195.jpg,Tomato___Tomato_Yellow_Leaf_Curl_Virus
47,Tomato___Tomato_Yellow_Leaf_Curl_Virus/179594.jpg,Tomato___Tomato_Yellow_Leaf_Curl_Virus
48,Tomato___Tomato_Yellow_Leaf_Curl_Virus/66796.jpg,Tomato___Tomato_Yellow_Leaf_Curl_Virus
49,Tomato___Tomato_Yellow_Leaf_Curl_Virus/164921.jpg,Tomato___Tomato_Yellow_Leaf_Curl_Virus
50,Tomato___Tomato_Yellow_Leaf_Curl_Virus/41860.jpg,Tomato___Tomato_Yellow_Leaf_Curl_Virus
51,Tomato___Tomato_Yellow_Leaf_Curl_Virus/82391.jpg,Tomato___Tomato_Yellow_Leaf_Curl_Virus
52,Tomato___Tomato_Yellow_Leaf_Curl_Virus/111686.jpg,Tomato___Tomato_Yellow_Leaf_Curl_Virus
53,Tomato___Tomato_Yellow_Leaf_Curl_Virus/50479.jpg,Tomato___Tomato_Yellow_Leaf_Curl_Virus
54,Tomato___Tomato_Yellow_Leaf_Curl_Virus/192874.jpg,Tomato___Tomato_Yellow_Leaf_Curl_Virus
55,Tomato___Tomato_Yellow_Leaf_Curl_Virus/93683.jpg,Tomato___Tomato_Yellow_Leaf_Curl_Virus
56,Tomato___Tomato_Yellow_Leaf_Curl_Virus/149843.jpg,Tomato___Tomato_Yellow_Leaf_Curl_Virus
57,Tomato___Tomato_Yellow_Leaf_Curl_Virus/100767.jpg,Tomato___Tomato_Yellow_Leaf_Curl_Virus
58,Tomato___Tomato_Yellow_Leaf_Curl_Virus/78557.jpg,Tomato___Tomato_Yellow_Leaf_Curl_Virus
59,Tomato___Tomato_Yellow_Leaf_Curl_Virus/150083.jpg,Tomato___Tomato_Yellow_Leaf_Curl_Virus
60,Tomato___Tomato_Yellow_Leaf_Curl_Virus/183774.jpg,Tomato___Tomato_Yellow_Leaf_Curl_Virus
61,Tomato___Tomato_Yellow_Leaf_Curl_Virus/112147.jpg,Tomato___Tomato_Yellow_Leaf_Curl_Virus
62,Tomato___Tomato_Yellow_Leaf_Curl_Virus/36920.jpg,Tomato___Tomato_Yellow_Leaf_Curl_Virus
63,Tomato___Tomato_Yellow_Leaf_Curl_Virus/171983.jpg,Tomato___Tomato_Yellow_Leaf_Curl_Virus
64,Tomato___Tomato_Yellow_Leaf_Curl_Virus/150925.jpg,Tomato___Tomato_Yellow_Leaf_Curl_Virus
65,Tomato___Tomato_Yellow_Leaf_Curl_Virus/102707.jpg,Tomato___Tomato_Yellow_Leaf_Curl_Virus
66,Tomato___Tomato_Yellow_Leaf_Curl_Virus/42936.jpg,Tomato___Tomato_Yellow_Leaf_Curl_Virus
67,Tomato___Tomato_Yellow_Leaf_Curl_Virus/123323.jpg,Tomato___Tomato_Yellow_Leaf_Curl_Virus
68,Tomato___Tomato_Yellow_Leaf_Curl_Virus/94719.jpg,Tomato___Tomato_Yellow_Leaf_Curl_Virus
69,Tomato___Tomato_Yellow_Leaf_Curl_Virus/13503.jpg,Tomato___Tomato_Yellow_Leaf_Curl_Virus
70,Tomato___Tomato_Yellow_Leaf_Curl_Virus/29970.jpg,Tomato___Tomato_Yellow_Leaf_Curl_Virus
71,Tomato___Tomato_Yellow_Leaf_Curl_Virus/77120.jpg,Tomato___Tomato_Yellow_Leaf_Curl_Virus
72,Tomato___Tomato_Yellow_Leaf_Curl_Virus/190864.jpg,Tomato___Tomato_Yellow_Leaf_Curl_Virus
73,Tomato___Tomato_Yellow_Leaf_Curl_Virus/199020.jpg,Tomato___Tomato_Yellow_Leaf_Curl_Virus
74,Tomato___Tomato_Yellow_Leaf_Curl_Virus/42914.jpg,Tomato___Tomato_Yellow_Leaf_Curl_Virus
75,Tomato___Tomato_Yellow_Leaf_Curl_Virus/48466.jpg,Tomato___Tomato_Yellow_Leaf_Curl_Virus
76,Tomato___Tomato_Yellow_Leaf_Curl_Virus/141750.jpg,Tomato___Tomato_Yellow_Leaf_Curl_Virus
77,Tomato___Tomato_Yellow_Leaf_Curl_Virus/58496.jpg,Tomato___Tomato_Yellow_Leaf_Curl_Virus
78,Tomato___Tomato_Yellow_Leaf_Curl_Virus/18063.jpg,Tomato___Tomato_Yellow_Leaf_Curl_Virus
79,Tomato___Tomato_Yellow_Leaf_Curl_Virus/170253.jpg,Tomato___Tomato_Yellow_Leaf_Curl_Virus
80,Pepper_bell___Bacterial_spot/65328.jpg,Pepper_bell___Bacterial_spot
81,Pepper_bell___Bacterial_spot/45359.jpg,Pepper_bell___Bacterial_spot
82,Pepper_bell___Bacterial_spot/57374.jpg,Pepper_bell___Bacterial_spot
83,Pepper_bell___Bacterial_spot/185578.jpg,Pepper_bell___Bacterial_spot
84,Pepper_bell___Bacterial_spot/89949.jpg,Pepper_bell___Bacterial_spot
85,Pepper_bell___Bacterial_spot/141339.jpg,Pepper_bell___Bacterial_spot
86,Pepper_bell___Bacterial_spot/157302.jpg,Pepper_bell___Bacterial_spot
87,Pepper_bell___Bacterial_spot/75865.jpg,Pepper_bell___Bacterial_spot
88,Pepper_bell___Bacterial_spot/138074.jpg,Pepper_bell___Bacterial_spot
89,Pepper_bell___Bacterial_spot/117035.jpg,Pepper_bell___Bacterial_spot
90,Pepper_bell___Bacterial_spot/94386.jpg,Pepper_bell___Bacterial_spot
91,Pepper_bell___Bacterial_spot/65977.jpg,Pepper_bell___Bacterial_spot
92,Pepper_bell___Bacterial_spot/38063.jpg,Pepper_bell___Bacterial_spot
93,Pepper_bell___Bacterial_spot/163228.jpg,Pepper_bell___Bacterial_spot
94,Pepper_bell___Bacterial_spot/97176.jpg,Pepper_bell___Bacterial_spot
95,Pepper_bell___Bacterial_spot/35414.jpg,Pepper_bell___Bacterial_spot
96,Pepper_bell___Bacterial_spot/109899.jpg,Pepper_bell___Bacterial_spot
97,Pepper_bell___Bacterial_spot/95138.jpg,Pepper_bell___Bacterial_spot
98,Pepper_bell___Bacterial_spot/16039.jpg,Pepper_bell___Bacterial_spot
99,Pepper_bell___Bacterial_spot/183715.jpg,Pepper_bell___Bacterial_spot
100,Pepper_bell___Bacterial_spot/126255.jpg,Pepper_bell___Bacterial_spot
101,Pepper_bell___Bacterial_spot/18742.jpg,Pepper_bell___Bacterial_spot
102,Pepper_bell___Bacterial_spot/42505.jpg,Pepper_bell___Bacterial_spot
103,Pepper_bell___Bacterial_spot/18933.jpg,Pepper_bell___Bacterial_spot
104,Pepper_bell___Bacterial_spot/156068.jpg,Pepper_bell___Bacterial_spot
105,Pepper_bell___Bacterial_spot/43146.jpg,Pepper_bell___Bacterial_spot
106,Pepper_bell___Bacterial_spot/108629.jpg,Pepper_bell___Bacterial_spot
107,Pepper_bell___Bacterial_spot/186324.jpg,Pepper_bell___Bacterial_spot
108,Pepper_bell___Bacterial_spot/183651.jpg,Pepper_bell___Bacterial_spot
109,Pepper_bell___Bacterial_spot/74526.jpg,Pepper_bell___Bacterial_spot
110,Pepper_bell___Bacterial_spot/152901.jpg,Pepper_bell___Bacterial_spot
111,Pepper_bell___Bacterial_spot/83587.jpg,Pepper_bell___Bacterial_spot
112,Pepper_bell___Bacterial_spot/24678.jpg,Pepper_bell___Bacterial_spot
113,Pepper_bell___Bacterial_spot/36616.jpg,Pepper_bell___Bacterial_spot
114,Pepper_bell___Bacterial_spot/144858.jpg,Pepper_bell___Bacterial_spot
115,Pepper_bell___Bacterial_spot/16295.jpg,Pepper_bell___Bacterial_spot
116,Pepper_bell___Bacterial_spot/25133.jpg,Pepper_bell___Bacterial_spot
117,Pepper_bell___Bacterial_spot/88489.jpg,Pepper_bell___Bacterial_spot
118,Pepper_bell___Bacterial_spot/68269.jpg,Pepper_bell___Bacterial_spot
119,Pepper_bell___Bacterial_spot/82358.jpg,Pepper_bell___Bacterial_spot
120,Peach___healthy/101043.jpg,Peach___healthy
121,Peach___healthy/184357.jpg,Peach___healthy
122,Peach___healthy/177748.jpg,Peach___healthy
123,Peach___healthy/104528.jpg,Peach___healthy
124,Peach___healthy/154406.jpg,Peach___healthy
125,Peach___healthy/81955.jpg,Peach___healthy
126,Peach___healthy/175085.jpg,Peach___healthy
127,Peach___healthy/124360.jpg,Peach___healthy
128,Peach___healthy/100648.jpg,Peach___healthy
129,Peach___healthy/61646.jpg,Peach___healthy
130,Peach___healthy/91087.jpg,Peach___healthy
131,Peach___healthy/20007.jpg,Peach___healthy
132,Peach___healthy/152715.jpg,Peach___healthy
133,Peach___healthy/196726.jpg,Peach___healthy
134,Peach___healthy/72749.jpg,Peach___healthy
135,Peach___healthy/130274.jpg,Peach___healthy
136,Peach___healthy/22743.jpg,Peach___healthy
137,Peach___healthy/62537.jpg,Peach___healthy
138,Peach___healthy/161268.jpg,Peach___healthy
139,Peach___healthy/102690.jpg,Peach___healthy
140,Peach___healthy/16242.jpg,Peach___healthy
141,Peach___healthy/101382.jpg,Peach___healthy
142,Peach___healthy/180344.jpg,Peach___healthy
143,Peach___healthy/94683.jpg,Peach___healthy
144,Peach___healthy/78891.jpg,Peach___healthy
145,Peach___healthy/51427.jpg,Peach___healthy
146,Peach___healthy/145267.jpg,Peach___healthy
147,Peach___healthy/98442.jpg,Peach___healthy
148,Peach___healthy/29097.jpg,Peach___healthy
149,Peach___healthy/157457.jpg,Peach___healthy
150,Peach___healthy/137078.jpg,Peach___healthy
151,Peach___healthy/122653.jpg,Peach___healthy
152,Peach___healthy/62497.jpg,Peach___healthy
153,Peach___healthy/12371.jpg,Peach___healthy
154,Peach___healthy/12578.jpg,Peach___healthy
155,Peach___healthy/181995.jpg,Peach___healthy
156,Peach___healthy/14109.jpg,Peach___healthy
157,Peach___healthy/42777.jpg,Peach___healthy
158,Peach___healthy/11808.jpg,Peach___healthy
159,Peach___healthy/94576.jpg,Peach___healthy
160,Grape___Esca_(Black_Measles)/164576.jpg,Grape___Esca_(Black_Measles)
161,Grape___Esca_(Black_Measles)/170782.jpg,Grape___Esca_(Black_Measles)
162,Grape___Esca_(Black_Measles)/179642.jpg,Grape___Esca_(Black_Measles)
163,Grape___Esca_(Black_Measles)/155123.jpg,Grape___Esca_(Black_Measles)
164,Grape___Esca_(Black_Measles)/24819.jpg,Grape___Esca_(Black_Measles)
165,Grape___Esca_(Black_Measles)/34917.jpg,Grape___Esca_(Black_Measles)
166,Grape___Esca_(Black_Measles)/108165.jpg,Grape___Esca_(Black_Measles)
167,Grape___Esca_(Black_Measles)/106670.jpg,Grape___Esca_(Black_Measles)
168,Grape___Esca_(Black_Measles)/158684.jpg,Grape___Esca_(Black_Measles)
169,Grape___Esca_(Black_Measles)/15047.jpg,Grape___Esca_(Black_Measles)
170,Grape___Esca_(Black_Measles)/162037.jpg,Grape___Esca_(Black_Measles)
171,Grape___Esca_(Black_Measles)/48635.jpg,Grape___Esca_(Black_Measles)
172,Grape___Esca_(Black_Measles)/59031.jpg,Grape___Esca_(Black_Measles)
173,Grape___Esca_(Black_Measles)/95481.jpg,Grape___Esca_(Black_Measles)
174,Grape___Esca_(Black_Measles)/88232.jpg,Grape___Esca_(Black_Measles)
175,Grape___Esca_(Black_Measles)/52561.jpg,Grape___Esca_(Black_Measles)
176,Grape___Esca_(Black_Measles)/194686.jpg,Grape___Esca_(Black_Measles)
177,Grape___Esca_(Black_Measles)/135252.jpg,Grape___Esca_(Black_Measles)
178,Grape___Esca_(Black_Measles)/119755.jpg,Grape___Esca_(Black_Measles)
179,Grape___Esca_(Black_Measles)/138864.jpg,Grape___Esca_(Black_Measles)
180,Grape___Esca_(Black_Measles)/153618.jpg,Grape___Esca_(Black_Measles)
181,Grape___Esca_(Black_Measles)/17563.jpg,Grape___Esca_(Black_Measles)
182,Grape___Esca_(Black_Measles)/195701.jpg,Grape___Esca_(Black_Measles)
183,Grape___Esca_(Black_Measles)/18057.jpg,Grape___Esca_(Black_Measles)
184,Grape___Esca_(Black_Measles)/163780.jpg,Grape___Esca_(Black_Measles)
185,Grape___Esca_(Black_Measles)/173281.jpg,Grape___Esca_(Black_Measles)
186,Grape___Esca_(Black_Measles)/198382.jpg,Grape___Esca_(Black_Measles)
187,Grape___Esca_(Black_Measles)/83244.jpg,Grape___Esca_(Black_Measles)
188,Grape___Esca_(Black_Measles)/177766.jpg,Grape___Esca_(Black_Measles)
189,Grape___Esca_(Black_Measles)/67261.jpg,Grape___Esca_(Black_Measles)
190,Grape___Esca_(Black_Measles)/142797.jpg,Grape___Esca_(Black_Measles)
191,Grape___Esca_(Black_Measles)/43200.jpg,Grape___Esca_(Black_Measles)
192,Grape___Esca_(Black_Measles)/78195.jpg,Grape___Esca_(Black_Measles)
193,Grape___Esca_(Black_Measles)/13043.jpg,Grape___Esca_(Black_Measles)
194,Grape___Esca_(Black_Measles)/129979.jpg,Grape___Esca_(Black_Measles)
195,Grape___Esca_(Black_Measles)/102085.jpg,Grape___Esca_(Black_Measles)
196,Grape___Esca_(Black_Measles)/72639.jpg,Grape___Esca_(Black_Measles)
197,Grape___Esca_(Black_Measles)/129839.jpg,Grape___Esca_(Black_Measles)
198,Grape___Esca_(Black_Measles)/35312.jpg,Grape___Esca_(Black_Measles)
199,Grape___Esca_(Black_Measles)/149734.jpg,Grape___Esca_(Black_Measles)
200,Potato___Late_blight/158055.jpg,Potato___Late_blight
201,Potato___Late_blight/81950.jpg,Potato___Late_blight
202,Potato___Late_blight/96463.jpg,Potato___Late_blight
203,Potato___Late_blight/38682.jpg,Potato___Late_blight
204,Potato___Late_blight/69964.jpg,Potato___Late_blight
205,Potato___Late_blight/181838.jpg,Potato___Late_blight
206,Potato___Late_blight/69820.jpg,Potato___Late_blight
207,Potato___Late_blight/198156.jpg,Potato___Late_blight
208,Potato___Late_blight/60119.jpg,Potato___Late_blight
209,Potato___Late_blight/173442.jpg,Potato___Late_blight
210,Potato___Late_blight/170750.jpg,Potato___Late_blight
211,Potato___Late_blight/198928.jpg,Potato___Late_blight
212,Potato___Late_blight/89535.jpg,Potato___Late_blight
213,Potato___Late_blight/71805.jpg,Potato___Late_blight
214,Potato___Late_blight/132529.jpg,Potato___Late_blight
215,Potato___Late_blight/23606.jpg,Potato___Late_blight
216,Potato___Late_blight/192059.jpg,Potato___Late_blight
217,Potato___Late_blight/48917.jpg,Potato___Late_blight
218,Potato___Late_blight/178625.jpg,Potato___Late_blight
219,Potato___Late_blight/111061.jpg,Potato___Late_blight
220,Potato___Late_blight/27606.jpg,Potato___Late_blight
221,Potato___Late_blight/11428.jpg,Potato___Late_blight
222,Potato___Late_blight/190628.jpg,Potato___Late_blight
223,Potato___Late_blight/166751.jpg,Potato___Late_blight
224,Potato___Late_blight/84021.jpg,Potato___Late_blight
225,Potato___Late_blight/47280.jpg,Potato___Late_blight
226,Potato___Late_blight/41098.jpg,Potato___Late_blight
227,Potato___Late_blight/199936.jpg,Potato___Late_blight
228,Potato___Late_blight/103490.jpg,Potato___Late_blight
229,Potato___Late_blight/108495.jpg,Potato___Late_blight
230,Potato___Late_blight/162218.jpg,Potato___Late_blight
231,Potato___Late_blight/63253.jpg,Potato___Late_blight
232,Potato___Late_blight/194890.jpg,Potato___Late_blight
233,Potato___Late_blight/196369.jpg,Potato___Late_blight
234,Potato___Late_blight/107106.jpg,Potato___Late_blight
235,Potato___Late_blight/156624.jpg,Potato___Late_blight
236,Potato___Late_blight/39069.jpg,Potato___Late_blight
237,Potato___Late_blight/51891.jpg,Potato___Late_blight
238,Potato___Late_blight/131909.jpg,Potato___Late_blight
239,Potato___Late_blight/175779.jpg,Potato___Late_blight
240,Strawberry___healthy/63605.jpg,Strawberry___healthy
241,Strawberry___healthy/90048.jpg,Strawberry___healthy
242,Strawberry___healthy/172002.jpg,Strawberry___healthy
243,Strawberry___healthy/196449.jpg,Strawberry___healthy
244,Strawberry___healthy/19580.jpg,Strawberry___healthy
245,Strawberry___healthy/103831.jpg,Strawberry___healthy
246,Strawberry___healthy/121818.jpg,Strawberry___healthy
247,Strawberry___healthy/51065.jpg,Strawberry___healthy
248,Strawberry___healthy/27829.jpg,Strawberry___healthy
249,Strawberry___healthy/172474.jpg,Strawberry___healthy
250,Strawberry___healthy/71403.jpg,Strawberry___healthy
251,Strawberry___healthy/40134.jpg,Strawberry___healthy
252,Strawberry___healthy/131612.jpg,Strawberry___healthy
253,Strawberry___healthy/16567.jpg,Strawberry___healthy
254,Strawberry___healthy/83613.jpg,Strawberry___healthy
255,Strawberry___healthy/31474.jpg,Strawberry___healthy
256,Strawberry___healthy/146176.jpg,Strawberry___healthy
257,Strawberry___healthy/123937.jpg,Strawberry___healthy
258,Strawberry___healthy/137828.jpg,Strawberry___healthy
259,Strawberry___healthy/55475.jpg,Strawberry___healthy
260,Strawberry___healthy/155342.jpg,Strawberry___healthy
261,Strawberry___healthy/100023.jpg,Strawberry___healthy
262,Strawberry___healthy/146694.jpg,Strawberry___healthy
263,Strawberry___healthy/77594.jpg,Strawberry___healthy
264,Strawberry___healthy/155890.jpg,Strawberry___healthy
265,Strawberry___healthy/91687.jpg,Strawberry___healthy
266,Strawberry___healthy/182734.jpg,Strawberry___healthy
267,Strawberry___healthy/67632.jpg,Strawberry___healthy
268,Strawberry___healthy/190031.jpg,Strawberry___healthy
269,Strawberry___healthy/74033.jpg,Strawberry___healthy
270,Strawberry___healthy/87026.jpg,Strawberry___healthy
271,Strawberry___healthy/173328.jpg,Strawberry___healthy
272,Strawberry___healthy/53106.jpg,Strawberry___healthy
273,Strawberry___healthy/20373.jpg,Strawberry___healthy
274,Strawberry___healthy/20136.jpg,Strawberry___healthy
275,Strawberry___healthy/159029.jpg,Strawberry___healthy
276,Strawberry___healthy/45182.jpg,Strawberry___healthy
277,Strawberry___healthy/179991.jpg,Strawberry___healthy
278,Strawberry___healthy/182713.jpg,Strawberry___healthy
279,Strawberry___healthy/60131.jpg,Strawberry___healthy
280,Corn___Northern_Leaf_Blight/57805.jpg,Corn___Northern_Leaf_Blight
281,Corn___Northern_Leaf_Blight/20651.jpg,Corn___Northern_Leaf_Blight
282,Corn___Northern_Leaf_Blight/57816.jpg,Corn___Northern_Leaf_Blight
283,Corn___Northern_Leaf_Blight/61303.jpg,Corn___Northern_Leaf_Blight
284,Corn___Northern_Leaf_Blight/145685.jpg,Corn___Northern_Leaf_Blight
285,Corn___Northern_Leaf_Blight/12045.jpg,Corn___Northern_Leaf_Blight
286,Corn___Northern_Leaf_Blight/139022.jpg,Corn___Northern_Leaf_Blight
287,Corn___Northern_Leaf_Blight/37503.jpg,Corn___Northern_Leaf_Blight
288,Corn___Northern_Leaf_Blight/185884.jpg,Corn___Northern_Leaf_Blight
289,Corn___Northern_Leaf_Blight/164697.jpg,Corn___Northern_Leaf_Blight
290,Corn___Northern_Leaf_Blight/121201.jpg,Corn___Northern_Leaf_Blight
291,Corn___Northern_Leaf_Blight/128930.jpg,Corn___Northern_Leaf_Blight
292,Corn___Northern_Leaf_Blight/52071.jpg,Corn___Northern_Leaf_Blight
293,Corn___Northern_Leaf_Blight/70811.jpg,Corn___Northern_Leaf_Blight
294,Corn___Northern_Leaf_Blight/83355.jpg,Corn___Northern_Leaf_Blight
295,Corn___Northern_Leaf_Blight/69895.jpg,Corn___Northern_Leaf_Blight
296,Corn___Northern_Leaf_Blight/57082.jpg,Corn___Northern_Leaf_Blight
297,Corn___Northern_Leaf_Blight/128325.jpg,Corn___Northern_Leaf_Blight
298,Corn___Northern_Leaf_Blight/109073.jpg,Corn___Northern_Leaf_Blight
299,Corn___Northern_Leaf_Blight/130816.jpg,Corn___Northern_Leaf_Blight
300,Corn___Northern_Leaf_Blight/170986.jpg,Corn___Northern_Leaf_Blight
301,Corn___Northern_Leaf_Blight/191692.jpg,Corn___Northern_Leaf_Blight
302,Corn___Northern_Leaf_Blight/105281.jpg,Corn___Northern_Leaf_Blight
303,Corn___Northern_Leaf_Blight/79149.jpg,Corn___Northern_Leaf_Blight
304,Corn___Northern_Leaf_Blight/128271.jpg,Corn___Northern_Leaf_Blight
305,Corn___Northern_Leaf_Blight/110487.jpg,Corn___Northern_Leaf_Blight
306,Corn___Northern_Leaf_Blight/29157.jpg,Corn___Northern_Leaf_Blight
307,Corn___Northern_Leaf_Blight/67894.jpg,Corn___Northern_Leaf_Blight
308,Corn___Northern_Leaf_Blight/17139.jpg,Corn___Northern_Leaf_Blight
309,Corn___Northern_Leaf_Blight/111523.jpg,Corn___Northern_Leaf_Blight
310,Corn___Northern_Leaf_Blight/182949.jpg,Corn___Northern_Leaf_Blight
311,Corn___Northern_Leaf_Blight/164776.jpg,Corn___Northern_Leaf_Blight
312,Corn___Northern_Leaf_Blight/153529.jpg,Corn___Northern_Leaf_Blight
313,Corn___Northern_Leaf_Blight/170697.jpg,Corn___Northern_Leaf_Blight
314,Corn___Northern_Leaf_Blight/177384.jpg,Corn___Northern_Leaf_Blight
315,Corn___Northern_Leaf_Blight/65135.jpg,Corn___Northern_Leaf_Blight
316,Corn___Northern_Leaf_Blight/101051.jpg,Corn___Northern_Leaf_Blight
317,Corn___Northern_Leaf_Blight/13459.jpg,Corn___Northern_Leaf_Blight
318,Corn___Northern_Leaf_Blight/142813.jpg,Corn___Northern_Leaf_Blight
319,Corn___Northern_Leaf_Blight/102043.jpg,Corn___Northern_Leaf_Blight
320,Orange___Haunglongbing_(Citrus_greening)/114460.jpg,Orange___Haunglongbing_(Citrus_greening)
321,Orange___Haunglongbing_(Citrus_greening)/64147.jpg,Orange___Haunglongbing_(Citrus_greening)
322,Orange___Haunglongbing_(Citrus_greening)/122594.jpg,Orange___Haunglongbing_(Citrus_greening)
323,Orange___Haunglongbing_(Citrus_greening)/114358.jpg,Orange___Haunglongbing_(Citrus_greening)
324,Orange___Haunglongbing_(Citrus_greening)/40000.jpg,Orange___Haunglongbing_(Citrus_greening)
325,Orange___Haunglongbing_(Citrus_greening)/84037.jpg,Orange___Haunglongbing_(Citrus_greening)
326,Orange___Haunglongbing_(Citrus_greening)/60560.jpg,Orange___Haunglongbing_(Citrus_greening)
327,Orange___Haunglongbing_(Citrus_greening)/85506.jpg,Orange___Haunglongbing_(Citrus_greening)
328,Orange___Haunglongbing_(Citrus_greening)/91302.jpg,Orange___Haunglongbing_(Citrus_greening)
329,Orange___Haunglongbing_(Citrus_greening)/48113.jpg,Orange___Haunglongbing_(Citrus_greening)
330,Orange___Haunglongbing_(Citrus_greening)/48462.jpg,Orange___Haunglongbing_(Citrus_greening)
331,Orange___Haunglongbing_(Citrus_greening)/174445.jpg,Orange___Haunglongbing_(Citrus_greening)
332,Orange___Haunglongbing_(Citrus_greening)/66583.jpg,Orange___Haunglongbing_(Citrus_greening)
333,Orange___Haunglongbing_(Citrus_greening)/54434.jpg,Orange___Haunglongbing_(Citrus_greening)
334,Orange___Haunglongbing_(Citrus_greening)/139661.jpg,Orange___Haunglongbing_(Citrus_greening)
335,Orange___Haunglongbing_(Citrus_greening)/93115.jpg,Orange___Haunglongbing_(Citrus_greening)
336,Orange___Haunglongbing_(Citrus_greening)/152686.jpg,Orange___Haunglongbing_(Citrus_greening)
337,Orange___Haunglongbing_(Citrus_greening)/193274.jpg,Orange___Haunglongbing_(Citrus_greening)
338,Orange___Haunglongbing_(Citrus_greening)/102968.jpg,Orange___Haunglongbing_(Citrus_greening)
339,Orange___Haunglongbing_(Citrus_greening)/197183.jpg,Orange___Haunglongbing_(Citrus_greening)
340,Orange___Haunglongbing_(Citrus_greening)/42820.jpg,Orange___Haunglongbing_(Citrus_greening)
341,Orange___Haunglongbing_(Citrus_greening)/105786.jpg,Orange___Haunglongbing_(Citrus_greening)
342,Orange___Haunglongbing_(Citrus_greening)/157519.jpg,Orange___Haunglongbing_(Citrus_greening)
343,Orange___Haunglongbing_(Citrus_greening)/136579.jpg,Orange___Haunglongbing_(Citrus_greening)
344,Orange___Haunglongbing_(Citrus_greening)/186262.jpg,Orange___Haunglongbing_(Citrus_greening)
345,Orange___Haunglongbing_(Citrus_greening)/172070.jpg,Orange___Haunglongbing_(Citrus_greening)
346,Orange___Haunglongbing_(Citrus_greening)/146701.jpg,Orange___Haunglongbing_(Citrus_greening)
347,Orange___Haunglongbing_(Citrus_greening)/136384.jpg,Orange___Haunglongbing_(Citrus_greening)
348,Orange___Haunglongbing_(Citrus_greening)/10086.jpg,Orange___Haunglongbing_(Citrus_greening)
349,Orange___Haunglongbing_(Citrus_greening)/127726.jpg,Orange___Haunglongbing_(Citrus_greening)
350,Orange___Haunglongbing_(Citrus_greening)/129172.jpg,Orange___Haunglongbing_(Citrus_greening)
351,Orange___Haunglongbing_(Citrus_greening)/182979.jpg,Orange___Haunglongbing_(Citrus_greening)
352,Orange___Haunglongbing_(Citrus_greening)/26646.jpg,Orange___Haunglongbing_(Citrus_greening)
353,Orange___Haunglongbing_(Citrus_greening)/105313.jpg,Orange___Haunglongbing_(Citrus_greening)
354,Orange___Haunglongbing_(Citrus_greening)/171469.jpg,Orange___Haunglongbing_(Citrus_greening)
355,Orange___Haunglongbing_(Citrus_greening)/114456.jpg,Orange___Haunglongbing_(Citrus_greening)
356,Orange___Haunglongbing_(Citrus_greening)/65582.jpg,Orange___Haunglongbing_(Citrus_greening)
357,Orange___Haunglongbing_(Citrus_greening)/95170.jpg,Orange___Haunglongbing_(Citrus_greening)
358,Orange___Haunglongbing_(Citrus_greening)/13078.jpg,Orange___Haunglongbing_(Citrus_greening)
359,Orange___Haunglongbing_(Citrus_greening)/156335.jpg,Orange___Haunglongbing_(Citrus_greening)
360,Tomato___Leaf_Mold/66664.jpg,Tomato___Leaf_Mold
361,Tomato___Leaf_Mold/116163.jpg,Tomato___Leaf_Mold
362,Tomato___Leaf_Mold/197006.jpg,Tomato___Leaf_Mold
363,Tomato___Leaf_Mold/152066.jpg,Tomato___Leaf_Mold
364,Tomato___Leaf_Mold/128896.jpg,Tomato___Leaf_Mold
365,Tomato___Leaf_Mold/121345.jpg,Tomato___Leaf_Mold
366,Tomato___Leaf_Mold/24365.jpg,Tomato___Leaf_Mold
367,Tomato___Leaf_Mold/146514.jpg,Tomato___Leaf_Mold
368,Tomato___Leaf_Mold/196578.jpg,Tomato___Leaf_Mold
369,Tomato___Leaf_Mold/127201.jpg,Tomato___Leaf_Mold
370,Tomato___Leaf_Mold/13545.jpg,Tomato___Leaf_Mold
371,Tomato___Leaf_Mold/166707.jpg,Tomato___Leaf_Mold
372,Tomato___Leaf_Mold/189918.jpg,Tomato___Leaf_Mold
373,Tomato___Leaf_Mold/89926.jpg,Tomato___Leaf_Mold
374,Tomato___Leaf_Mold/130755.jpg,Tomato___Leaf_Mold
375,Tomato___Leaf_Mold/136046.jpg,Tomato___Leaf_Mold
376,Tomato___Leaf_Mold/61309.jpg,Tomato___Leaf_Mold
377,Tomato___Leaf_Mold/59152.jpg,Tomato___Leaf_Mold
378,Tomato___Leaf_Mold/39246.jpg,Tomato___Leaf_Mold
379,Tomato___Leaf_Mold/21867.jpg,Tomato___Leaf_Mold
380,Tomato___Leaf_Mold/65703.jpg,Tomato___Leaf_Mold
381,Tomato___Leaf_Mold/132927.jpg,Tomato___Leaf_Mold
382,Tomato___Leaf_Mold/58649.jpg,Tomato___Leaf_Mold
383,Tomato___Leaf_Mold/151821.jpg,Tomato___Leaf_Mold
384,Tomato___Leaf_Mold/186271.jpg,Tomato___Leaf_Mold
385,Tomato___Leaf_Mold/130071.jpg,Tomato___Leaf_Mold
386,Tomato___Leaf_Mold/149335.jpg,Tomato___Leaf_Mold
387,Tomato___Leaf_Mold/66235.jpg,Tomato___Leaf_Mold
388,Tomato___Leaf_Mold/171987.jpg,Tomato___Leaf_Mold
389,Tomato___Leaf_Mold/158915.jpg,Tomato___Leaf_Mold
390,Tomato___Leaf_Mold/187511.jpg,Tomato___Leaf_Mold
391,Tomato___Leaf_Mold/15559.jpg,Tomato___Leaf_Mold
392,Tomato___Leaf_Mold/132592.jpg,Tomato___Leaf_Mold
393,Tomato___Leaf_Mold/168604.jpg,Tomato___Leaf_Mold
394,Tomato___Leaf_Mold/48300.jpg,Tomato___Leaf_Mold
395,Tomato___Leaf_Mold/19486.jpg,Tomato___Leaf_Mold
396,Tomato___Leaf_Mold/152668.jpg,Tomato___Leaf_Mold
397,Tomato___Leaf_Mold/60577.jpg,Tomato___Leaf_Mold
398,Tomato___Leaf_Mold/199878.jpg,Tomato___Leaf_Mold
399,Tomato___Leaf_Mold/82731.jpg,Tomato___Leaf_Mold
400,Apple___Black_rot/123801.jpg,Apple___Black_rot
401,Apple___Black_rot/55952.jpg,Apple___Black_rot
402,Apple___Black_rot/134606.jpg,Apple___Black_rot
403,Apple___Black_rot/88929.jpg,Apple___Black_rot
404,Apple___Black_rot/191169.jpg,Apple___Black_rot
405,Apple___Black_rot/79333.jpg,Apple___Black_rot
406,Apple___Black_rot/166250.jpg,Apple___Black_rot
407,Apple___Black_rot/179490.jpg,Apple___Black_rot
408,Apple___Black_rot/197203.jpg,Apple___Black_rot
409,Apple___Black_rot/123441.jpg,Apple___Black_rot
410,Apple___Black_rot/149803.jpg,Apple___Black_rot
411,Apple___Black_rot/168538.jpg,Apple___Black_rot
412,Apple___Black_rot/126587.jpg,Apple___Black_rot
413,Apple___Black_rot/56373.jpg,Apple___Black_rot
414,Apple___Black_rot/187593.jpg,Apple___Black_rot
415,Apple___Black_rot/134277.jpg,Apple___Black_rot
416,Apple___Black_rot/107931.jpg,Apple___Black_rot
417,Apple___Black_rot/50205.jpg,Apple___Black_rot
418,Apple___Black_rot/111533.jpg,Apple___Black_rot
419,Apple___Black_rot/13662.jpg,Apple___Black_rot
420,Apple___Black_rot/140289.jpg,Apple___Black_rot
421,Apple___Black_rot/68493.jpg,Apple___Black_rot
422,Apple___Black_rot/83752.jpg,Apple___Black_rot
423,Apple___Black_rot/185874.jpg,Apple___Black_rot
424,Apple___Black_rot/135890.jpg,Apple___Black_rot
425,Apple___Black_rot/193947.jpg,Apple___Black_rot
426,Apple___Black_rot/187566.jpg,Apple___Black_rot
427,Apple___Black_rot/27368.jpg,Apple___Black_rot
428,Apple___Black_rot/27362.jpg,Apple___Black_rot
429,Apple___Black_rot/74704.jpg,Apple___Black_rot
430,Apple___Black_rot/69794.jpg,Apple___Black_rot
431,Apple___Black_rot/110674.jpg,Apple___Black_rot
432,Apple___Black_rot/58111.jpg,Apple___Black_rot
433,Apple___Black_rot/134448.jpg,Apple___Black_rot
434,Apple___Black_rot/55879.jpg,Apple___Black_rot
435,Apple___Black_rot/107070.jpg,Apple___Black_rot
436,Apple___Black_rot/112170.jpg,Apple___Black_rot
437,Apple___Black_rot/62349.jpg,Apple___Black_rot
438,Apple___Black_rot/118443.jpg,Apple___Black_rot
439,Apple___Black_rot/96219.jpg,Apple___Black_rot
440,Strawberry___Leaf_scorch/130559.jpg,Strawberry___Leaf_scorch
441,Strawberry___Leaf_scorch/184371.jpg,Strawberry___Leaf_scorch
442,Strawberry___Leaf_scorch/75203.jpg,Strawberry___Leaf_scorch
443,Strawberry___Leaf_scorch/71375.jpg,Strawberry___Leaf_scorch
444,Strawberry___Leaf_scorch/49937.jpg,Strawberry___Leaf_scorch
445,Strawberry___Leaf_scorch/63378.jpg,Strawberry___Leaf_scorch
446,Strawberry___Leaf_scorch/111071.jpg,Strawberry___Leaf_scorch
447,Strawberry___Leaf_scorch/68963.jpg,Strawberry___Leaf_scorch
448,Strawberry___Leaf_scorch/61859.jpg,Strawberry___Leaf_scorch
449,Strawberry___Leaf_scorch/122423.jpg,Strawberry___Leaf_scorch
450,Strawberry___Leaf_scorch/123008.jpg,Strawberry___Leaf_scorch
451,Strawberry___Leaf_scorch/160374.jpg,Strawberry___Leaf_scorch
452,Strawberry___Leaf_scorch/124870.jpg,Strawberry___Leaf_scorch
453,Strawberry___Leaf_scorch/129937.jpg,Strawberry___Leaf_scorch
454,Strawberry___Leaf_scorch/60919.jpg,Strawberry___Leaf_scorch
455,Strawberry___Leaf_scorch/187469.jpg,Strawberry___Leaf_scorch
456,Strawberry___Leaf_scorch/151989.jpg,Strawberry___Leaf_scorch
457,Strawberry___Leaf_scorch/35555.jpg,Strawberry___Leaf_scorch
458,Strawberry___Leaf_scorch/67877.jpg,Strawberry___Leaf_scorch
459,Strawberry___Leaf_scorch/180030.jpg,Strawberry___Leaf_scorch
460,Strawberry___Leaf_scorch/178240.jpg,Strawberry___Leaf_scorch
461,Strawberry___Leaf_scorch/134468.jpg,Strawberry___Leaf_scorch
462,Strawberry___Leaf_scorch/86861.jpg,Strawberry___Leaf_scorch
463,Strawberry___Leaf_scorch/109136.jpg,Strawberry___Leaf_scorch
464,Strawberry___Leaf_scorch/20917.jpg,Strawberry___Leaf_scorch
465,Strawberry___Leaf_scorch/104083.jpg,Strawberry___Leaf_scorch
466,Strawberry___Leaf_scorch/192754.jpg,Strawberry___Leaf_scorch
467,Strawberry___Leaf_scorch/192519.jpg,Strawberry___Leaf_scorch
468,Strawberry___Leaf_scorch/103056.jpg,Strawberry___Leaf_scorch
469,Strawberry___Leaf_scorch/132107.jpg,Strawberry___Leaf_scorch
470,Strawberry___Leaf_scorch/188190.jpg,Strawberry___Leaf_scorch
471,Strawberry___Leaf_scorch/152619.jpg,Strawberry___Leaf_scorch
472,Strawberry___Leaf_scorch/142097.jpg,Strawberry___Leaf_scorch
473,Strawberry___Leaf_scorch/51817.jpg,Strawberry___Leaf_scorch
474,Strawberry___Leaf_scorch/143012.jpg,Strawberry___Leaf_scorch
475,Strawberry___Leaf_scorch/189094.jpg,Strawberry___Leaf_scorch
476,Strawberry___Leaf_scorch/43860.jpg,Strawberry___Leaf_scorch
477,Strawberry___Leaf_scorch/196535.jpg,Strawberry___Leaf_scorch
478,Strawberry___Leaf_scorch/143518.jpg,Strawberry___Leaf_scorch
479,Strawberry___Leaf_scorch/162253.jpg,Strawberry___Leaf_scorch
480,Tomato___Early_blight/134299.jpg,Tomato___Early_blight
481,Tomato___Early_blight/35775.jpg,Tomato___Early_blight
482,Tomato___Early_blight/64163.jpg,Tomato___Early_blight
483,Tomato___Early_blight/186483.jpg,Tomato___Early_blight
484,Tomato___Early_blight/167867.jpg,Tomato___Early_blight
485,Tomato___Early_blight/154753.jpg,Tomato___Early_blight
486,Tomato___Early_blight/120506.jpg,Tomato___Early_blight
487,Tomato___Early_blight/78149.jpg,Tomato___Early_blight
488,Tomato___Early_blight/131416.jpg,Tomato___Early_blight
489,Tomato___Early_blight/174153.jpg,Tomato___Early_blight
490,Tomato___Early_blight/144531.jpg,Tomato___Early_blight
491,Tomato___Early_blight/66714.jpg,Tomato___Early_blight
492,Tomato___Early_blight/172483.jpg,Tomato___Early_blight
493,Tomato___Early_blight/180296.jpg,Tomato___Early_blight
494,Tomato___Early_blight/184560.jpg,Tomato___Early_blight
495,Tomato___Early_blight/30286.jpg,Tomato___Early_blight
496,Tomato___Early_blight/33291.jpg,Tomato___Early_blight
497,Tomato___Early_blight/135080.jpg,Tomato___Early_blight
498,Tomato___Early_blight/176971.jpg,Tomato___Early_blight
499,Tomato___Early_blight/100027.jpg,Tomato___Early_blight
500,Tomato___Early_blight/175773.jpg,Tomato___Early_blight
501,Tomato___Early_blight/11327.jpg,Tomato___Early_blight
502,Tomato___Early_blight/49412.jpg,Tomato___Early_blight
503,Tomato___Early_blight/116981.jpg,Tomato___Early_blight
504,Tomato___Early_blight/28895.jpg,Tomato___Early_blight
505,Tomato___Early_blight/118128.jpg,Tomato___Early_blight
506,Tomato___Early_blight/137631.jpg,Tomato___Early_blight
507,Tomato___Early_blight/30690.jpg,Tomato___Early_blight
508,Tomato___Early_blight/68752.jpg,Tomato___Early_blight
509,Tomato___Early_blight/68465.jpg,Tomato___Early_blight
510,Tomato___Early_blight/40781.jpg,Tomato___Early_blight
511,Tomato___Early_blight/151429.jpg,Tomato___Early_blight
512,Tomato___Early_blight/105332.jpg,Tomato___Early_blight
513,Tomato___Early_blight/177785.jpg,Tomato___Early_blight
514,Tomato___Early_blight/88333.jpg,Tomato___Early_blight
515,Tomato___Early_blight/53328.jpg,Tomato___Early_blight
516,Tomato___Early_blight/156441.jpg,Tomato___Early_blight
517,Tomato___Early_blight/78256.jpg,Tomato___Early_blight
518,Tomato___Early_blight/111160.jpg,Tomato___Early_blight
519,Tomato___Early_blight/40145.jpg,Tomato___Early_blight
520,Cherry___healthy/90877.jpg,Cherry___healthy
521,Cherry___healthy/16894.jpg,Cherry___healthy
522,Cherry___healthy/91033.jpg,Cherry___healthy
523,Cherry___healthy/30714.jpg,Cherry___healthy
524,Cherry___healthy/52229.jpg,Cherry___healthy
525,Cherry___healthy/36581.jpg,Cherry___healthy
526,Cherry___healthy/135734.jpg,Cherry___healthy
527,Cherry___healthy/177263.jpg,Cherry___healthy
528,Cherry___healthy/183623.jpg,Cherry___healthy
529,Cherry___healthy/82946.jpg,Cherry___healthy
530,Cherry___healthy/39126.jpg,Cherry___healthy
531,Cherry___healthy/154364.jpg,Cherry___healthy
532,Cherry___healthy/38250.jpg,Cherry___healthy
533,Cherry___healthy/99315.jpg,Cherry___healthy
534,Cherry___healthy/44687.jpg,Cherry___healthy
535,Cherry___healthy/31200.jpg,Cherry___healthy
536,Cherry___healthy/144462.jpg,Cherry___healthy
537,Cherry___healthy/163605.jpg,Cherry___healthy
538,Cherry___healthy/154394.jpg,Cherry___healthy
539,Cherry___healthy/56986.jpg,Cherry___healthy
540,Cherry___healthy/143021.jpg,Cherry___healthy
541,Cherry___healthy/72945.jpg,Cherry___healthy
542,Cherry___healthy/130454.jpg,Cherry___healthy
543,Cherry___healthy/149914.jpg,Cherry___healthy
544,Cherry___healthy/187765.jpg,Cherry___healthy
545,Cherry___healthy/180673.jpg,Cherry___healthy
546,Cherry___healthy/145718.jpg,Cherry___healthy
547,Cherry___healthy/84694.jpg,Cherry___healthy
548,Cherry___healthy/158150.jpg,Cherry___healthy
549,Cherry___healthy/61141.jpg,Cherry___healthy
550,Cherry___healthy/174648.jpg,Cherry___healthy
551,Cherry___healthy/63072.jpg,Cherry___healthy
552,Cherry___healthy/170341.jpg,Cherry___healthy
553,Cherry___healthy/15889.jpg,Cherry___healthy
554,Cherry___healthy/145578.jpg,Cherry___healthy
555,Cherry___healthy/40324.jpg,Cherry___healthy
556,Cherry___healthy/71522.jpg,Cherry___healthy
557,Cherry___healthy/58146.jpg,Cherry___healthy
558,Cherry___healthy/83612.jpg,Cherry___healthy
559,Cherry___healthy/84080.jpg,Cherry___healthy
560,Corn___healthy/84839.jpg,Corn___healthy
561,Corn___healthy/181215.jpg,Corn___healthy
562,Corn___healthy/133410.jpg,Corn___healthy
563,Corn___healthy/94961.jpg,Corn___healthy
564,Corn___healthy/54624.jpg,Corn___healthy
565,Corn___healthy/55209.jpg,Corn___healthy
566,Corn___healthy/53874.jpg,Corn___healthy
567,Corn___healthy/30348.jpg,Corn___healthy
568,Corn___healthy/117130.jpg,Corn___healthy
569,Corn___healthy/170755.jpg,Corn___healthy
570,Corn___healthy/137468.jpg,Corn___healthy
571,Corn___healthy/99993.jpg,Corn___healthy
572,Corn___healthy/154045.jpg,Corn___healthy
573,Corn___healthy/27974.jpg,Corn___healthy
574,Corn___healthy/63942.jpg,Corn___healthy
575,Corn___healthy/132628.jpg,Corn___healthy
576,Corn___healthy/183014.jpg,Corn___healthy
577,Corn___healthy/32703.jpg,Corn___healthy
578,Corn___healthy/72555.jpg,Corn___healthy
579,Corn___healthy/162185.jpg,Corn___healthy
580,Corn___healthy/122215.jpg,Corn___healthy
581,Corn___healthy/17162.jpg,Corn___healthy
582,Corn___healthy/133068.jpg,Corn___healthy
583,Corn___healthy/92435.jpg,Corn___healthy
584,Corn___healthy/136114.jpg,Corn___healthy
585,Corn___healthy/170865.jpg,Corn___healthy
586,Corn___healthy/148083.jpg,Corn___healthy
587,Corn___healthy/144955.jpg,Corn___healthy
588,Corn___healthy/22431.jpg,Corn___healthy
589,Corn___healthy/185570.jpg,Corn___healthy
590,Corn___healthy/115114.jpg,Corn___healthy
591,Corn___healthy/76906.jpg,Corn___healthy
592,Corn___healthy/138568.jpg,Corn___healthy
593,Corn___healthy/137278.jpg,Corn___healthy
594,Corn___healthy/173687.jpg,Corn___healthy
595,Corn___healthy/178468.jpg,Corn___healthy
596,Corn___healthy/117250.jpg,Corn___healthy
597,Corn___healthy/180070.jpg,Corn___healthy
598,Corn___healthy/39564.jpg,Corn___healthy
599,Corn___healthy/170923.jpg,Corn___healthy
600,Pepper_bell___healthy/11515.jpg,Pepper_bell___healthy
601,Pepper_bell___healthy/197512.jpg,Pepper_bell___healthy
602,Pepper_bell___healthy/21389.jpg,Pepper_bell___healthy
603,Pepper_bell___healthy/45054.jpg,Pepper_bell___healthy
604,Pepper_bell___healthy/50276.jpg,Pepper_bell___healthy
605,Pepper_bell___healthy/103277.jpg,Pepper_bell___healthy
606,Pepper_bell___healthy/189633.jpg,Pepper_bell___healthy
607,Pepper_bell___healthy/88080.jpg,Pepper_bell___healthy
608,Pepper_bell___healthy/60819.jpg,Pepper_bell___healthy
609,Pepper_bell___healthy/57464.jpg,Pepper_bell___healthy
610,Pepper_bell___healthy/86092.jpg,Pepper_bell___healthy
611,Pepper_bell___healthy/140248.jpg,Pepper_bell___healthy
612,Pepper_bell___healthy/35063.jpg,Pepper_bell___healthy
613,Pepper_bell___healthy/150769.jpg,Pepper_bell___healthy
614,Pepper_bell___healthy/132480.jpg,Pepper_bell___healthy
615,Pepper_bell___healthy/168474.jpg,Pepper_bell___healthy
616,Pepper_bell___healthy/48231.jpg,Pepper_bell___healthy
617,Pepper_bell___healthy/154523.jpg,Pepper_bell___healthy
618,Pepper_bell___healthy/23684.jpg,Pepper_bell___healthy
619,Pepper_bell___healthy/174907.jpg,Pepper_bell___healthy
620,Pepper_bell___healthy/36077.jpg,Pepper_bell___healthy
621,Pepper_bell___healthy/106508.jpg,Pepper_bell___healthy
622,Pepper_bell___healthy/70593.jpg,Pepper_bell___healthy
623,Pepper_bell___healthy/138633.jpg,Pepper_bell___healthy
624,Pepper_bell___healthy/31133.jpg,Pepper_bell___healthy
625,Pepper_bell___healthy/54719.jpg,Pepper_bell___healthy
626,Pepper_bell___healthy/80505.jpg,Pepper_bell___healthy
627,Pepper_bell___healthy/74160.jpg,Pepper_bell___healthy
628,Pepper_bell___healthy/96038.jpg,Pepper_bell___healthy
629,Pepper_bell___healthy/25657.jpg,Pepper_bell___healthy
630,Pepper_bell___healthy/108393.jpg,Pepper_bell___healthy
631,Pepper_bell___healthy/127098.jpg,Pepper_bell___healthy
632,Pepper_bell___healthy/32231.jpg,Pepper_bell___healthy
633,Pepper_bell___healthy/179291.jpg,Pepper_bell___healthy
634,Pepper_bell___healthy/130974.jpg,Pepper_bell___healthy
635,Pepper_bell___healthy/114901.jpg,Pepper_bell___healthy
636,Pepper_bell___healthy/29379.jpg,Pepper_bell___healthy
637,Pepper_bell___healthy/135131.jpg,Pepper_bell___healthy
638,Pepper_bell___healthy/104827.jpg,Pepper_bell___healthy
639,Pepper_bell___healthy/157272.jpg,Pepper_bell___healthy
640,Blueberry___healthy/186110.jpg,Blueberry___healthy
641,Blueberry___healthy/72234.jpg,Blueberry___healthy
642,Blueberry___healthy/168227.jpg,Blueberry___healthy
643,Blueberry___healthy/171302.jpg,Blueberry___healthy
644,Blueberry___healthy/164846.jpg,Blueberry___healthy
645,Blueberry___healthy/14373.jpg,Blueberry___healthy
646,Blueberry___healthy/76343.jpg,Blueberry___healthy
647,Blueberry___healthy/40191.jpg,Blueberry___healthy
648,Blueberry___healthy/85613.jpg,Blueberry___healthy
649,Blueberry___healthy/94315.jpg,Blueberry___healthy
650,Blueberry___healthy/75332.jpg,Blueberry___healthy
651,Blueberry___healthy/174325.jpg,Blueberry___healthy
652,Blueberry___healthy/102500.jpg,Blueberry___healthy
653,Blueberry___healthy/169115.jpg,Blueberry___healthy
654,Blueberry___healthy/101523.jpg,Blueberry___healthy
655,Blueberry___healthy/189422.jpg,Blueberry___healthy
656,Blueberry___healthy/117553.jpg,Blueberry___healthy
657,Blueberry___healthy/163686.jpg,Blueberry___healthy
658,Blueberry___healthy/145291.jpg,Blueberry___healthy
659,Blueberry___healthy/115483.jpg,Blueberry___healthy
660,Blueberry___healthy/63504.jpg,Blueberry___healthy
661,Blueberry___healthy/171339.jpg,Blueberry___healthy
662,Blueberry___healthy/12414.jpg,Blueberry___healthy
663,Blueberry___healthy/21002.jpg,Blueberry___healthy
664,Blueberry___healthy/34597.jpg,Blueberry___healthy
665,Blueberry___healthy/188323.jpg,Blueberry___healthy
666,Blueberry___healthy/163466.jpg,Blueberry___healthy
667,Blueberry___healthy/119479.jpg,Blueberry___healthy
668,Blueberry___healthy/43940.jpg,Blueberry___healthy
669,Blueberry___healthy/123000.jpg,Blueberry___healthy
670,Blueberry___healthy/167694.jpg,Blueberry___healthy
671,Blueberry___healthy/141988.jpg,Blueberry___healthy
672,Blueberry___healthy/68037.jpg,Blueberry___healthy
673,Blueberry___healthy/154703.jpg,Blueberry___healthy
674,Blueberry___healthy/155496.jpg,Blueberry___healthy
675,Blueberry___healthy/186934.jpg,Blueberry___healthy
676,Blueberry___healthy/180253.jpg,Blueberry___healthy
677,Blueberry___healthy/156528.jpg,Blueberry___healthy
678,Blueberry___healthy/119818.jpg,Blueberry___healthy
679,Blueberry___healthy/30686.jpg,Blueberry___healthy
680,Potato___Early_blight/199074.jpg,Potato___Early_blight
681,Potato___Early_blight/13769.jpg,Potato___Early_blight
682,Potato___Early_blight/83480.jpg,Potato___Early_blight
683,Potato___Early_blight/166148.jpg,Potato___Early_blight
684,Potato___Early_blight/117857.jpg,Potato___Early_blight
685,Potato___Early_blight/143640.jpg,Potato___Early_blight
686,Potato___Early_blight/83222.jpg,Potato___Early_blight
687,Potato___Early_blight/45163.jpg,Potato___Early_blight
688,Potato___Early_blight/64593.jpg,Potato___Early_blight
689,Potato___Early_blight/72187.jpg,Potato___Early_blight
690,Potato___Early_blight/144747.jpg,Potato___Early_blight
691,Potato___Early_blight/170447.jpg,Potato___Early_blight
692,Potato___Early_blight/198368.jpg,Potato___Early_blight
693,Potato___Early_blight/140522.jpg,Potato___Early_blight
694,Potato___Early_blight/168835.jpg,Potato___Early_blight
695,Potato___Early_blight/70034.jpg,Potato___Early_blight
696,Potato___Early_blight/175629.jpg,Potato___Early_blight
697,Potato___Early_blight/191711.jpg,Potato___Early_blight
698,Potato___Early_blight/90455.jpg,Potato___Early_blight
699,Potato___Early_blight/147817.jpg,Potato___Early_blight
700,Potato___Early_blight/104090.jpg,Potato___Early_blight
701,Potato___Early_blight/60373.jpg,Potato___Early_blight
702,Potato___Early_blight/125513.jpg,Potato___Early_blight
703,Potato___Early_blight/42164.jpg,Potato___Early_blight
704,Potato___Early_blight/197546.jpg,Potato___Early_blight
705,Potato___Early_blight/128294.jpg,Potato___Early_blight
706,Potato___Early_blight/178025.jpg,Potato___Early_blight
707,Potato___Early_blight/196544.jpg,Potato___Early_blight
708,Potato___Early_blight/54803.jpg,Potato___Early_blight
709,Potato___Early_blight/34723.jpg,Potato___Early_blight
710,Potato___Early_blight/180198.jpg,Potato___Early_blight
711,Potato___Early_blight/175248.jpg,Potato___Early_blight
712,Potato___Early_blight/120274.jpg,Potato___Early_blight
713,Potato___Early_blight/63641.jpg,Potato___Early_blight
714,Potato___Early_blight/87387.jpg,Potato___Early_blight
715,Potato___Early_blight/79489.jpg,Potato___Early_blight
716,Potato___Early_blight/67150.jpg,Potato___Early_blight
717,Potato___Early_blight/42398.jpg,Potato___Early_blight
718,Potato___Early_blight/147264.jpg,Potato___Early_blight
719,Potato___Early_blight/19501.jpg,Potato___Early_blight
720,Apple___Cedar_apple_rust/117759.jpg,Apple___Cedar_apple_rust
721,Apple___Cedar_apple_rust/149456.jpg,Apple___Cedar_apple_rust
722,Apple___Cedar_apple_rust/90725.jpg,Apple___Cedar_apple_rust
723,Apple___Cedar_apple_rust/103364.jpg,Apple___Cedar_apple_rust
724,Apple___Cedar_apple_rust/108225.jpg,Apple___Cedar_apple_rust
725,Apple___Cedar_apple_rust/148141.jpg,Apple___Cedar_apple_rust
726,Apple___Cedar_apple_rust/20749.jpg,Apple___Cedar_apple_rust
727,Apple___Cedar_apple_rust/90393.jpg,Apple___Cedar_apple_rust
728,Apple___Cedar_apple_rust/22907.jpg,Apple___Cedar_apple_rust
729,Apple___Cedar_apple_rust/152096.jpg,Apple___Cedar_apple_rust
730,Apple___Cedar_apple_rust/173673.jpg,Apple___Cedar_apple_rust
731,Apple___Cedar_apple_rust/158910.jpg,Apple___Cedar_apple_rust
732,Apple___Cedar_apple_rust/165970.jpg,Apple___Cedar_apple_rust
733,Apple___Cedar_apple_rust/148536.jpg,Apple___Cedar_apple_rust
734,Apple___Cedar_apple_rust/151149.jpg,Apple___Cedar_apple_rust
735,Apple___Cedar_apple_rust/184722.jpg,Apple___Cedar_apple_rust
736,Apple___Cedar_apple_rust/194474.jpg,Apple___Cedar_apple_rust
737,Apple___Cedar_apple_rust/137382.jpg,Apple___Cedar_apple_rust
738,Apple___Cedar_apple_rust/141756.jpg,Apple___Cedar_apple_rust
739,Apple___Cedar_apple_rust/153672.jpg,Apple___Cedar_apple_rust
740,Apple___Cedar_apple_rust/98359.jpg,Apple___Cedar_apple_rust
741,Apple___Cedar_apple_rust/162052.jpg,Apple___Cedar_apple_rust
742,Apple___Cedar_apple_rust/151355.jpg,Apple___Cedar_apple_rust
743,Apple___Cedar_apple_rust/55513.jpg,Apple___Cedar_apple_rust
744,Apple___Cedar_apple_rust/190532.jpg,Apple___Cedar_apple_rust
745,Apple___Cedar_apple_rust/22682.jpg,Apple___Cedar_apple_rust
746,Apple___Cedar_apple_rust/140956.jpg,Apple___Cedar_apple_rust
747,Apple___Cedar_apple_rust/32821.jpg,Apple___Cedar_apple_rust
748,Apple___Cedar_apple_rust/50668.jpg,Apple___Cedar_apple_rust
749,Apple___Cedar_apple_rust/121291.jpg,Apple___Cedar_apple_rust
750,Apple___Cedar_apple_rust/149238.jpg,Apple___Cedar_apple_rust
751,Apple___Cedar_apple_rust/37296.jpg,Apple___Cedar_apple_rust
752,Apple___Cedar_apple_rust/162371.jpg,Apple___Cedar_apple_rust
753,Apple___Cedar_apple_rust/42075.jpg,Apple___Cedar_apple_rust
754,Apple___Cedar_apple_rust/88516.jpg,Apple___Cedar_apple_rust
755,Apple___Cedar_apple_rust/50506.jpg,Apple___Cedar_apple_rust
756,Apple___Cedar_apple_rust/12573.jpg,Apple___Cedar_apple_rust
757,Apple___Cedar_apple_rust/16108.jpg,Apple___Cedar_apple_rust
758,Apple___Cedar_apple_rust/136520.jpg,Apple___Cedar_apple_rust
759,Apple___Cedar_apple_rust/78491.jpg,Apple___Cedar_apple_rust
760,Grape___Leaf_blight_(Isariopsis_Leaf_Spot)/66659.jpg,Grape___Leaf_blight_(Isariopsis_Leaf_Spot)
761,Grape___Leaf_blight_(Isariopsis_Leaf_Spot)/61844.jpg,Grape___Leaf_blight_(Isariopsis_Leaf_Spot)
762,Grape___Leaf_blight_(Isariopsis_Leaf_Spot)/83678.jpg,Grape___Leaf_blight_(Isariopsis_Leaf_Spot)
763,Grape___Leaf_blight_(Isariopsis_Leaf_Spot)/22769.jpg,Grape___Leaf_blight_(Isariopsis_Leaf_Spot)
764,Grape___Leaf_blight_(Isariopsis_Leaf_Spot)/63929.jpg,Grape___Leaf_blight_(Isariopsis_Leaf_Spot)
765,Grape___Leaf_blight_(Isariopsis_Leaf_Spot)/96053.jpg,Grape___Leaf_blight_(Isariopsis_Leaf_Spot)
766,Grape___Leaf_blight_(Isariopsis_Leaf_Spot)/71200.jpg,Grape___Leaf_blight_(Isariopsis_Leaf_Spot)
767,Grape___Leaf_blight_(Isariopsis_Leaf_Spot)/81576.jpg,Grape___Leaf_blight_(Isariopsis_Leaf_Spot)
768,Grape___Leaf_blight_(Isariopsis_Leaf_Spot)/192759.jpg,Grape___Leaf_blight_(Isariopsis_Leaf_Spot)
769,Grape___Leaf_blight_(Isariopsis_Leaf_Spot)/134133.jpg,Grape___Leaf_blight_(Isariopsis_Leaf_Spot)
770,Grape___Leaf_blight_(Isariopsis_Leaf_Spot)/188940.jpg,Grape___Leaf_blight_(Isariopsis_Leaf_Spot)
771,Grape___Leaf_blight_(Isariopsis_Leaf_Spot)/67717.jpg,Grape___Leaf_blight_(Isariopsis_Leaf_Spot)
772,Grape___Leaf_blight_(Isariopsis_Leaf_Spot)/59402.jpg,Grape___Leaf_blight_(Isariopsis_Leaf_Spot)
773,Grape___Leaf_blight_(Isariopsis_Leaf_Spot)/67446.jpg,Grape___Leaf_blight_(Isariopsis_Leaf_Spot)
774,Grape___Leaf_blight_(Isariopsis_Leaf_Spot)/171182.jpg,Grape___Leaf_blight_(Isariopsis_Leaf_Spot)
775,Grape___Leaf_blight_(Isariopsis_Leaf_Spot)/130761.jpg,Grape___Leaf_blight_(Isariopsis_Leaf_Spot)
776,Grape___Leaf_blight_(Isariopsis_Leaf_Spot)/60662.jpg,Grape___Leaf_blight_(Isariopsis_Leaf_Spot)
777,Grape___Leaf_blight_(Isariopsis_Leaf_Spot)/84618.jpg,Grape___Leaf_blight_(Isariopsis_Leaf_Spot)
778,Grape___Leaf_blight_(Isariopsis_Leaf_Spot)/154779.jpg,Grape___Leaf_blight_(Isariopsis_Leaf_Spot)
779,Grape___Leaf_blight_(Isariopsis_Leaf_Spot)/113494.jpg,Grape___Leaf_blight_(Isariopsis_Leaf_Spot)
780,Grape___Leaf_blight_(Isariopsis_Leaf_Spot)/135645.jpg,Grape___Leaf_blight_(Isariopsis_Leaf_Spot)
781,Grape___Leaf_blight_(Isariopsis_Leaf_Spot)/55555.jpg,Grape___Leaf_blight_(Isariopsis_Leaf_Spot)
782,Grape___Leaf_blight_(Isariopsis_Leaf_Spot)/34146.jpg,Grape___Leaf_blight_(Isariopsis_Leaf_Spot)
783,Grape___Leaf_blight_(Isariopsis_Leaf_Spot)/118525.jpg,Grape___Leaf_blight_(Isariopsis_Leaf_Spot)
784,Grape___Leaf_blight_(Isariopsis_Leaf_Spot)/18490.jpg,Grape___Leaf_blight_(Isariopsis_Leaf_Spot)
785,Grape___Leaf_blight_(Isariopsis_Leaf_Spot)/39050.jpg,Grape___Leaf_blight_(Isariopsis_Leaf_Spot)
786,Grape___Leaf_blight_(Isariopsis_Leaf_Spot)/54177.jpg,Grape___Leaf_blight_(Isariopsis_Leaf_Spot)
787,Grape___Leaf_blight_(Isariopsis_Leaf_Spot)/110901.jpg,Grape___Leaf_blight_(Isariopsis_Leaf_Spot)
788,Grape___Leaf_blight_(Isariopsis_Leaf_Spot)/32195.jpg,Grape___Leaf_blight_(Isariopsis_Leaf_Spot)
789,Grape___Leaf_blight_(Isariopsis_Leaf_Spot)/53342.jpg,Grape___Leaf_blight_(Isariopsis_Leaf_Spot)
790,Grape___Leaf_blight_(Isariopsis_Leaf_Spot)/161214.jpg,Grape___Leaf_blight_(Isariopsis_Leaf_Spot)
791,Grape___Leaf_blight_(Isariopsis_Leaf_Spot)/96010.jpg,Grape___Leaf_blight_(Isariopsis_Leaf_Spot)
792,Grape___Leaf_blight_(Isariopsis_Leaf_Spot)/40575.jpg,Grape___Leaf_blight_(Isariopsis_Leaf_Spot)
793,Grape___Leaf_blight_(Isariopsis_Leaf_Spot)/89178.jpg,Grape___Leaf_blight_(Isariopsis_Leaf_Spot)
794,Grape___Leaf_blight_(Isariopsis_Leaf_Spot)/53378.jpg,Grape___Leaf_blight_(Isariopsis_Leaf_Spot)
795,Grape___Leaf_blight_(Isariopsis_Leaf_Spot)/39342.jpg,Grape___Leaf_blight_(Isariopsis_Leaf_Spot)
796,Grape___Leaf_blight_(Isariopsis_Leaf_Spot)/167379.jpg,Grape___Leaf_blight_(Isariopsis_Leaf_Spot)
797,Grape___Leaf_blight_(Isariopsis_Leaf_Spot)/131847.jpg,Grape___Leaf_blight_(Isariopsis_Leaf_Spot)
798,Grape___Leaf_blight_(Isariopsis_Leaf_Spot)/28431.jpg,Grape___Leaf_blight_(Isariopsis_Leaf_Spot)
799,Grape___Leaf_blight_(Isariopsis_Leaf_Spot)/70008.jpg,Grape___Leaf_blight_(Isariopsis_Leaf_Spot)
800,Tomato___Tomato_mosaic_virus/189582.jpg,Tomato___Tomato_mosaic_virus
801,Tomato___Tomato_mosaic_virus/46962.jpg,Tomato___Tomato_mosaic_virus
802,Tomato___Tomato_mosaic_virus/134111.jpg,Tomato___Tomato_mosaic_virus
803,Tomato___Tomato_mosaic_virus/37482.jpg,Tomato___Tomato_mosaic_virus
804,Tomato___Tomato_mosaic_virus/34129.jpg,Tomato___Tomato_mosaic_virus
805,Tomato___Tomato_mosaic_virus/99149.jpg,Tomato___Tomato_mosaic_virus
806,Tomato___Tomato_mosaic_virus/46734.jpg,Tomato___Tomato_mosaic_virus
807,Tomato___Tomato_mosaic_virus/192440.jpg,Tomato___Tomato_mosaic_virus
808,Tomato___Tomato_mosaic_virus/62897.jpg,Tomato___Tomato_mosaic_virus
809,Tomato___Tomato_mosaic_virus/195317.jpg,Tomato___Tomato_mosaic_virus
810,Tomato___Tomato_mosaic_virus/181019.jpg,Tomato___Tomato_mosaic_virus
811,Tomato___Tomato_mosaic_virus/108529.jpg,Tomato___Tomato_mosaic_virus
812,Tomato___Tomato_mosaic_virus/195926.jpg,Tomato___Tomato_mosaic_virus
813,Tomato___Tomato_mosaic_virus/111641.jpg,Tomato___Tomato_mosaic_virus
814,Tomato___Tomato_mosaic_virus/72286.jpg,Tomato___Tomato_mosaic_virus
815,Tomato___Tomato_mosaic_virus/34747.jpg,Tomato___Tomato_mosaic_virus
816,Tomato___Tomato_mosaic_virus/11440.jpg,Tomato___Tomato_mosaic_virus
817,Tomato___Tomato_mosaic_virus/165968.jpg,Tomato___Tomato_mosaic_virus
818,Tomato___Tomato_mosaic_virus/80709.jpg,Tomato___Tomato_mosaic_virus
819,Tomato___Tomato_mosaic_virus/93616.jpg,Tomato___Tomato_mosaic_virus
820,Tomato___Tomato_mosaic_virus/19060.jpg,Tomato___Tomato_mosaic_virus
821,Tomato___Tomato_mosaic_virus/25870.jpg,Tomato___Tomato_mosaic_virus
822,Tomato___Tomato_mosaic_virus/113778.jpg,Tomato___Tomato_mosaic_virus
823,Tomato___Tomato_mosaic_virus/170462.jpg,Tomato___Tomato_mosaic_virus
824,Tomato___Tomato_mosaic_virus/24691.jpg,Tomato___Tomato_mosaic_virus
825,Tomato___Tomato_mosaic_virus/124833.jpg,Tomato___Tomato_mosaic_virus
826,Tomato___Tomato_mosaic_virus/134862.jpg,Tomato___Tomato_mosaic_virus
827,Tomato___Tomato_mosaic_virus/104713.jpg,Tomato___Tomato_mosaic_virus
828,Tomato___Tomato_mosaic_virus/90640.jpg,Tomato___Tomato_mosaic_virus
829,Tomato___Tomato_mosaic_virus/140962.jpg,Tomato___Tomato_mosaic_virus
830,Tomato___Tomato_mosaic_virus/62630.jpg,Tomato___Tomato_mosaic_virus
831,Tomato___Tomato_mosaic_virus/44214.jpg,Tomato___Tomato_mosaic_virus
832,Tomato___Tomato_mosaic_virus/65717.jpg,Tomato___Tomato_mosaic_virus
833,Tomato___Tomato_mosaic_virus/120465.jpg,Tomato___Tomato_mosaic_virus
834,Tomato___Tomato_mosaic_virus/152614.jpg,Tomato___Tomato_mosaic_virus
835,Tomato___Tomato_mosaic_virus/105612.jpg,Tomato___Tomato_mosaic_virus
836,Tomato___Tomato_mosaic_virus/161470.jpg,Tomato___Tomato_mosaic_virus
837,Tomato___Tomato_mosaic_virus/77234.jpg,Tomato___Tomato_mosaic_virus
838,Tomato___Tomato_mosaic_virus/136019.jpg,Tomato___Tomato_mosaic_virus
839,Tomato___Tomato_mosaic_virus/191606.jpg,Tomato___Tomato_mosaic_virus
840,Tomato___Target_Spot/197218.jpg,Tomato___Target_Spot
841,Tomato___Target_Spot/55137.jpg,Tomato___Target_Spot
842,Tomato___Target_Spot/197515.jpg,Tomato___Target_Spot
843,Tomato___Target_Spot/177611.jpg,Tomato___Target_Spot
844,Tomato___Target_Spot/98333.jpg,Tomato___Target_Spot
845,Tomato___Target_Spot/137541.jpg,Tomato___Target_Spot
846,Tomato___Target_Spot/42918.jpg,Tomato___Target_Spot
847,Tomato___Target_Spot/28287.jpg,Tomato___Target_Spot
848,Tomato___Target_Spot/190453.jpg,Tomato___Target_Spot
849,Tomato___Target_Spot/44853.jpg,Tomato___Target_Spot
850,Tomato___Target_Spot/37098.jpg,Tomato___Target_Spot
851,Tomato___Target_Spot/78927.jpg,Tomato___Target_Spot
852,Tomato___Target_Spot/156771.jpg,Tomato___Target_Spot
853,Tomato___Target_Spot/41414.jpg,Tomato___Target_Spot
854,Tomato___Target_Spot/71229.jpg,Tomato___Target_Spot
855,Tomato___Target_Spot/30888.jpg,Tomato___Target_Spot
856,Tomato___Target_Spot/133658.jpg,Tomato___Target_Spot
857,Tomato___Target_Spot/130581.jpg,Tomato___Target_Spot
858,Tomato___Target_Spot/81888.jpg,Tomato___Target_Spot
859,Tomato___Target_Spot/47382.jpg,Tomato___Target_Spot
860,Tomato___Target_Spot/169169.jpg,Tomato___Target_Spot
861,Tomato___Target_Spot/21791.jpg,Tomato___Target_Spot
862,Tomato___Target_Spot/72310.jpg,Tomato___Target_Spot
863,Tomato___Target_Spot/184013.jpg,Tomato___Target_Spot
864,Tomato___Target_Spot/95046.jpg,Tomato___Target_Spot
865,Tomato___Target_Spot/48139.jpg,Tomato___Target_Spot
866,Tomato___Target_Spot/51956.jpg,Tomato___Target_Spot
867,Tomato___Target_Spot/81887.jpg,Tomato___Target_Spot
868,Tomato___Target_Spot/199418.jpg,Tomato___Target_Spot
869,Tomato___Target_Spot/182593.jpg,Tomato___Target_Spot
870,Tomato___Target_Spot/178004.jpg,Tomato___Target_Spot
871,Tomato___Target_Spot/29038.jpg,Tomato___Target_Spot
872,Tomato___Target_Spot/93575.jpg,Tomato___Target_Spot
873,Tomato___Target_Spot/149351.jpg,Tomato___Target_Spot
874,Tomato___Target_Spot/175230.jpg,Tomato___Target_Spot
875,Tomato___Target_Spot/151553.jpg,Tomato___Target_Spot
876,Tomato___Target_Spot/11034.jpg,Tomato___Target_Spot
877,Tomato___Target_Spot/116692.jpg,Tomato___Target_Spot
878,Tomato___Target_Spot/54221.jpg,Tomato___Target_Spot
879,Tomato___Target_Spot/159538.jpg,Tomato___Target_Spot
880,Tomato___healthy/152878.jpg,Tomato___healthy
881,Tomato___healthy/149486.jpg,Tomato___healthy
882,Tomato___healthy/121403.jpg,Tomato___healthy
883,Tomato___healthy/94219.jpg,Tomato___healthy
884,Tomato___healthy/165361.jpg,Tomato___healthy
885,Tomato___healthy/181882.jpg,Tomato___healthy
886,Tomato___healthy/49523.jpg,Tomato___healthy
887,Tomato___healthy/120603.jpg,Tomato___healthy
888,Tomato___healthy/43635.jpg,Tomato___healthy
889,Tomato___healthy/146704.jpg,Tomato___healthy
890,Tomato___healthy/170319.jpg,Tomato___healthy
891,Tomato___healthy/186999.jpg,Tomato___healthy
892,Tomato___healthy/190201.jpg,Tomato___healthy
893,Tomato___healthy/35932.jpg,Tomato___healthy
894,Tomato___healthy/105416.jpg,Tomato___healthy
895,Tomato___healthy/170759.jpg,Tomato___healthy
896,Tomato___healthy/83395.jpg,Tomato___healthy
897,Tomato___healthy/196343.jpg,Tomato___healthy
898,Tomato___healthy/114565.jpg,Tomato___healthy
899,Tomato___healthy/184451.jpg,Tomato___healthy
900,Tomato___healthy/163954.jpg,Tomato___healthy
901,Tomato___healthy/93181.jpg,Tomato___healthy
902,Tomato___healthy/116384.jpg,Tomato___healthy
903,Tomato___healthy/97580.jpg,Tomato___healthy
904,Tomato___healthy/197237.jpg,Tomato___healthy
905,Tomato___healthy/67412.jpg,Tomato___healthy
906,Tomato___healthy/67215.jpg,Tomato___healthy
907,Tomato___healthy/152137.jpg,Tomato___healthy
908,Tomato___healthy/129831.jpg,Tomato___healthy
909,Tomato___healthy/55195.jpg,Tomato___healthy
910,Tomato___healthy/160818.jpg,Tomato___healthy
911,Tomato___healthy/101816.jpg,Tomato___healthy
912,Tomato___healthy/138305.jpg,Tomato___healthy
913,Tomato___healthy/123436.jpg,Tomato___healthy
914,Tomato___healthy/144197.jpg,Tomato___healthy
915,Tomato___healthy/144325.jpg,Tomato___healthy
916,Tomato___healthy/33233.jpg,Tomato___healthy
917,Tomato___healthy/181003.jpg,Tomato___healthy
918,Tomato___healthy/140183.jpg,Tomato___healthy
919,Tomato___healthy/62465.jpg,Tomato___healthy
920,Corn___Cercospora_leaf_spot Gray_leaf_spot/88977.jpg,Corn___Cercospora_leaf_spot Gray_leaf_spot
921,Corn___Cercospora_leaf_spot Gray_leaf_spot/110437.jpg,Corn___Cercospora_leaf_spot Gray_leaf_spot
922,Corn___Cercospora_leaf_spot Gray_leaf_spot/55065.jpg,Corn___Cercospora_leaf_spot Gray_leaf_spot
923,Corn___Cercospora_leaf_spot Gray_leaf_spot/65649.jpg,Corn___Cercospora_leaf_spot Gray_leaf_spot
924,Corn___Cercospora_leaf_spot Gray_leaf_spot/69102.jpg,Corn___Cercospora_leaf_spot Gray_leaf_spot
925,Corn___Cercospora_leaf_spot Gray_leaf_spot/49712.jpg,Corn___Cercospora_leaf_spot Gray_leaf_spot
926,Corn___Cercospora_leaf_spot Gray_leaf_spot/190721.jpg,Corn___Cercospora_leaf_spot Gray_leaf_spot
927,Corn___Cercospora_leaf_spot Gray_leaf_spot/143013.jpg,Corn___Cercospora_leaf_spot Gray_leaf_spot
928,Corn___Cercospora_leaf_spot Gray_leaf_spot/174587.jpg,Corn___Cercospora_leaf_spot Gray_leaf_spot
929,Corn___Cercospora_leaf_spot Gray_leaf_spot/26040.jpg,Corn___Cercospora_leaf_spot Gray_leaf_spot
930,Corn___Cercospora_leaf_spot Gray_leaf_spot/17805.jpg,Corn___Cercospora_leaf_spot Gray_leaf_spot
931,Corn___Cercospora_leaf_spot Gray_leaf_spot/65908.jpg,Corn___Cercospora_leaf_spot Gray_leaf_spot
932,Corn___Cercospora_leaf_spot Gray_leaf_spot/125881.jpg,Corn___Cercospora_leaf_spot Gray_leaf_spot
933,Corn___Cercospora_leaf_spot Gray_leaf_spot/170297.jpg,Corn___Cercospora_leaf_spot Gray_leaf_spot
934,Corn___Cercospora_leaf_spot Gray_leaf_spot/86690.jpg,Corn___Cercospora_leaf_spot Gray_leaf_spot
935,Corn___Cercospora_leaf_spot Gray_leaf_spot/152050.jpg,Corn___Cercospora_leaf_spot Gray_leaf_spot
936,Corn___Cercospora_leaf_spot Gray_leaf_spot/56788.jpg,Corn___Cercospora_leaf_spot Gray_leaf_spot
937,Corn___Cercospora_leaf_spot Gray_leaf_spot/97050.jpg,Corn___Cercospora_leaf_spot Gray_leaf_spot
938,Corn___Cercospora_leaf_spot Gray_leaf_spot/107953.jpg,Corn___Cercospora_leaf_spot Gray_leaf_spot
939,Corn___Cercospora_leaf_spot Gray_leaf_spot/71769.jpg,Corn___Cercospora_leaf_spot Gray_leaf_spot
940,Corn___Cercospora_leaf_spot Gray_leaf_spot/190509.jpg,Corn___Cercospora_leaf_spot Gray_leaf_spot
941,Corn___Cercospora_leaf_spot Gray_leaf_spot/171350.jpg,Corn___Cercospora_leaf_spot Gray_leaf_spot
942,Corn___Cercospora_leaf_spot Gray_leaf_spot/127037.jpg,Corn___Cercospora_leaf_spot Gray_leaf_spot
943,Corn___Cercospora_leaf_spot Gray_leaf_spot/45331.jpg,Corn___Cercospora_leaf_spot Gray_leaf_spot
944,Corn___Cercospora_leaf_spot Gray_leaf_spot/55868.jpg,Corn___Cercospora_leaf_spot Gray_leaf_spot
945,Corn___Cercospora_leaf_spot Gray_leaf_spot/63660.jpg,Corn___Cercospora_leaf_spot Gray_leaf_spot
946,Corn___Cercospora_leaf_spot Gray_leaf_spot/92823.jpg,Corn___Cercospora_leaf_spot Gray_leaf_spot
947,Corn___Cercospora_leaf_spot Gray_leaf_spot/118363.jpg,Corn___Cercospora_leaf_spot Gray_leaf_spot
948,Corn___Cercospora_leaf_spot Gray_leaf_spot/19688.jpg,Corn___Cercospora_leaf_spot Gray_leaf_spot
949,Corn___Cercospora_leaf_spot Gray_leaf_spot/193714.jpg,Corn___Cercospora_leaf_spot Gray_leaf_spot
950,Corn___Cercospora_leaf_spot Gray_leaf_spot/30193.jpg,Corn___Cercospora_leaf_spot Gray_leaf_spot
951,Corn___Cercospora_leaf_spot Gray_leaf_spot/140205.jpg,Corn___Cercospora_leaf_spot Gray_leaf_spot
952,Corn___Cercospora_leaf_spot Gray_leaf_spot/36291.jpg,Corn___Cercospora_leaf_spot Gray_leaf_spot
953,Corn___Cercospora_leaf_spot Gray_leaf_spot/146126.jpg,Corn___Cercospora_leaf_spot Gray_leaf_spot
954,Corn___Cercospora_leaf_spot Gray_leaf_spot/177233.jpg,Corn___Cercospora_leaf_spot Gray_leaf_spot
955,Corn___Cercospora_leaf_spot Gray_leaf_spot/197274.jpg,Corn___Cercospora_leaf_spot Gray_leaf_spot
956,Corn___Cercospora_leaf_spot Gray_leaf_spot/53261.jpg,Corn___Cercospora_leaf_spot Gray_leaf_spot
957,Corn___Cercospora_leaf_spot Gray_leaf_spot/150635.jpg,Corn___Cercospora_leaf_spot Gray_leaf_spot
958,Corn___Cercospora_leaf_spot Gray_leaf_spot/40969.jpg,Corn___Cercospora_leaf_spot Gray_leaf_spot
959,Corn___Cercospora_leaf_spot Gray_leaf_spot/79331.jpg,Corn___Cercospora_leaf_spot Gray_leaf_spot
960,Peach___Bacterial_spot/126432.jpg,Peach___Bacterial_spot
961,Peach___Bacterial_spot/29788.jpg,Peach___Bacterial_spot
962,Peach___Bacterial_spot/25984.jpg,Peach___Bacterial_spot
963,Peach___Bacterial_spot/68546.jpg,Peach___Bacterial_spot
964,Peach___Bacterial_spot/153927.jpg,Peach___Bacterial_spot
965,Peach___Bacterial_spot/68570.jpg,Peach___Bacterial_spot
966,Peach___Bacterial_spot/146779.jpg,Peach___Bacterial_spot
967,Peach___Bacterial_spot/51568.jpg,Peach___Bacterial_spot
968,Peach___Bacterial_spot/141388.jpg,Peach___Bacterial_spot
969,Peach___Bacterial_spot/88866.jpg,Peach___Bacterial_spot
970,Peach___Bacterial_spot/36909.jpg,Peach___Bacterial_spot
971,Peach___Bacterial_spot/102933.jpg,Peach___Bacterial_spot
972,Peach___Bacterial_spot/138178.jpg,Peach___Bacterial_spot
973,Peach___Bacterial_spot/169498.jpg,Peach___Bacterial_spot
974,Peach___Bacterial_spot/88653.jpg,Peach___Bacterial_spot
975,Peach___Bacterial_spot/107420.jpg,Peach___Bacterial_spot
976,Peach___Bacterial_spot/189590.jpg,Peach___Bacterial_spot
977,Peach___Bacterial_spot/94251.jpg,Peach___Bacterial_spot
978,Peach___Bacterial_spot/174179.jpg,Peach___Bacterial_spot
979,Peach___Bacterial_spot/198575.jpg,Peach___Bacterial_spot
980,Peach___Bacterial_spot/25920.jpg,Peach___Bacterial_spot
981,Peach___Bacterial_spot/118757.jpg,Peach___Bacterial_spot
982,Peach___Bacterial_spot/160933.jpg,Peach___Bacterial_spot
983,Peach___Bacterial_spot/44276.jpg,Peach___Bacterial_spot
984,Peach___Bacterial_spot/84094.jpg,Peach___Bacterial_spot
985,Peach___Bacterial_spot/59970.jpg,Peach___Bacterial_spot
986,Peach___Bacterial_spot/103228.jpg,Peach___Bacterial_spot
987,Peach___Bacterial_spot/95426.jpg,Peach___Bacterial_spot
988,Peach___Bacterial_spot/160722.jpg,Peach___Bacterial_spot
989,Peach___Bacterial_spot/101015.jpg,Peach___Bacterial_spot
990,Peach___Bacterial_spot/132205.jpg,Peach___Bacterial_spot
991,Peach___Bacterial_spot/76586.jpg,Peach___Bacterial_spot
992,Peach___Bacterial_spot/37884.jpg,Peach___Bacterial_spot
993,Peach___Bacterial_spot/36466.jpg,Peach___Bacterial_spot
994,Peach___Bacterial_spot/120760.jpg,Peach___Bacterial_spot
995,Peach___Bacterial_spot/125772.jpg,Peach___Bacterial_spot
996,Peach___Bacterial_spot/133796.jpg,Peach___Bacterial_spot
997,Peach___Bacterial_spot/108266.jpg,Peach___Bacterial_spot
998,Peach___Bacterial_spot/162416.jpg,Peach___Bacterial_spot
999,Peach___Bacterial_spot/59232.jpg,Peach___Bacterial_spot
1000,Tomato___Spider_mites Two-spotted_spider_mite/158903.jpg,Tomato___Spider_mites Two-spotted_spider_mite
1001,Tomato___Spider_mites Two-spotted_spider_mite/132830.jpg,Tomato___Spider_mites Two-spotted_spider_mite
1002,Tomato___Spider_mites Two-spotted_spider_mite/86196.jpg,Tomato___Spider_mites Two-spotted_spider_mite
1003,Tomato___Spider_mites Two-spotted_spider_mite/135382.jpg,Tomato___Spider_mites Two-spotted_spider_mite
1004,Tomato___Spider_mites Two-spotted_spider_mite/163991.jpg,Tomato___Spider_mites Two-spotted_spider_mite
1005,Tomato___Spider_mites Two-spotted_spider_mite/173149.jpg,Tomato___Spider_mites Two-spotted_spider_mite
1006,Tomato___Spider_mites Two-spotted_spider_mite/91443.jpg,Tomato___Spider_mites Two-spotted_spider_mite
1007,Tomato___Spider_mites Two-spotted_spider_mite/53687.jpg,Tomato___Spider_mites Two-spotted_spider_mite
1008,Tomato___Spider_mites Two-spotted_spider_mite/197487.jpg,Tomato___Spider_mites Two-spotted_spider_mite
1009,Tomato___Spider_mites Two-spotted_spider_mite/166737.jpg,Tomato___Spider_mites Two-spotted_spider_mite
1010,Tomato___Spider_mites Two-spotted_spider_mite/28292.jpg,Tomato___Spider_mites Two-spotted_spider_mite
1011,Tomato___Spider_mites Two-spotted_spider_mite/27994.jpg,Tomato___Spider_mites Two-spotted_spider_mite
1012,Tomato___Spider_mites Two-spotted_spider_mite/183529.jpg,Tomato___Spider_mites Two-spotted_spider_mite
1013,Tomato___Spider_mites Two-spotted_spider_mite/17757.jpg,Tomato___Spider_mites Two-spotted_spider_mite
1014,Tomato___Spider_mites Two-spotted_spider_mite/30933.jpg,Tomato___Spider_mites Two-spotted_spider_mite
1015,Tomato___Spider_mites Two-spotted_spider_mite/84437.jpg,Tomato___Spider_mites Two-spotted_spider_mite
1016,Tomato___Spider_mites Two-spotted_spider_mite/46848.jpg,Tomato___Spider_mites Two-spotted_spider_mite
1017,Tomato___Spider_mites Two-spotted_spider_mite/126274.jpg,Tomato___Spider_mites Two-spotted_spider_mite
1018,Tomato___Spider_mites Two-spotted_spider_mite/118957.jpg,Tomato___Spider_mites Two-spotted_spider_mite
1019,Tomato___Spider_mites Two-spotted_spider_mite/186395.jpg,Tomato___Spider_mites Two-spotted_spider_mite
1020,Tomato___Spider_mites Two-spotted_spider_mite/181025.jpg,Tomato___Spider_mites Two-spotted_spider_mite
1021,Tomato___Spider_mites Two-spotted_spider_mite/25649.jpg,Tomato___Spider_mites Two-spotted_spider_mite
1022,Tomato___Spider_mites Two-spotted_spider_mite/106337.jpg,Tomato___Spider_mites Two-spotted_spider_mite
1023,Tomato___Spider_mites Two-spotted_spider_mite/151403.jpg,Tomato___Spider_mites Two-spotted_spider_mite
1024,Tomato___Spider_mites Two-spotted_spider_mite/161512.jpg,Tomato___Spider_mites Two-spotted_spider_mite
1025,Tomato___Spider_mites Two-spotted_spider_mite/88820.jpg,Tomato___Spider_mites Two-spotted_spider_mite
1026,Tomato___Spider_mites Two-spotted_spider_mite/110692.jpg,Tomato___Spider_mites Two-spotted_spider_mite
1027,Tomato___Spider_mites Two-spotted_spider_mite/112636.jpg,Tomato___Spider_mites Two-spotted_spider_mite
1028,Tomato___Spider_mites Two-spotted_spider_mite/11791.jpg,Tomato___Spider_mites Two-spotted_spider_mite
1029,Tomato___Spider_mites Two-spotted_spider_mite/21998.jpg,Tomato___Spider_mites Two-spotted_spider_mite
1030,Tomato___Spider_mites Two-spotted_spider_mite/186937.jpg,Tomato___Spider_mites Two-spotted_spider_mite
1031,Tomato___Spider_mites Two-spotted_spider_mite/45285.jpg,Tomato___Spider_mites Two-spotted_spider_mite
1032,Tomato___Spider_mites Two-spotted_spider_mite/186093.jpg,Tomato___Spider_mites Two-spotted_spider_mite
1033,Tomato___Spider_mites Two-spotted_spider_mite/133444.jpg,Tomato___Spider_mites Two-spotted_spider_mite
1034,Tomato___Spider_mites Two-spotted_spider_mite/94584.jpg,Tomato___Spider_mites Two-spotted_spider_mite
1035,Tomato___Spider_mites Two-spotted_spider_mite/52499.jpg,Tomato___Spider_mites Two-spotted_spider_mite
1036,Tomato___Spider_mites Two-spotted_spider_mite/185159.jpg,Tomato___Spider_mites Two-spotted_spider_mite
1037,Tomato___Spider_mites Two-spotted_spider_mite/15106.jpg,Tomato___Spider_mites Two-spotted_spider_mite
1038,Tomato___Spider_mites Two-spotted_spider_mite/36231.jpg,Tomato___Spider_mites Two-spotted_spider_mite
1039,Tomato___Spider_mites Two-spotted_spider_mite/196020.jpg,Tomato___Spider_mites Two-spotted_spider_mite
1040,Cherry___Powdery_mildew/106260.jpg,Cherry___Powdery_mildew
1041,Cherry___Powdery_mildew/101807.jpg,Cherry___Powdery_mildew
1042,Cherry___Powdery_mildew/41204.jpg,Cherry___Powdery_mildew
1043,Cherry___Powdery_mildew/185938.jpg,Cherry___Powdery_mildew
1044,Cherry___Powdery_mildew/151891.jpg,Cherry___Powdery_mildew
1045,Cherry___Powdery_mildew/140543.jpg,Cherry___Powdery_mildew
1046,Cherry___Powdery_mildew/153837.jpg,Cherry___Powdery_mildew
1047,Cherry___Powdery_mildew/93757.jpg,Cherry___Powdery_mildew
1048,Cherry___Powdery_mildew/135022.jpg,Cherry___Powdery_mildew
1049,Cherry___Powdery_mildew/195252.jpg,Cherry___Powdery_mildew
1050,Cherry___Powdery_mildew/24425.jpg,Cherry___Powdery_mildew
1051,Cherry___Powdery_mildew/72020.jpg,Cherry___Powdery_mildew
1052,Cherry___Powdery_mildew/142710.jpg,Cherry___Powdery_mildew
1053,Cherry___Powdery_mildew/14607.jpg,Cherry___Powdery_mildew
1054,Cherry___Powdery_mildew/124797.jpg,Cherry___Powdery_mildew
1055,Cherry___Powdery_mildew/33860.jpg,Cherry___Powdery_mildew
1056,Cherry___Powdery_mildew/126362.jpg,Cherry___Powdery_mildew
1057,Cherry___Powdery_mildew/140742.jpg,Cherry___Powdery_mildew
1058,Cherry___Powdery_mildew/133173.jpg,Cherry___Powdery_mildew
1059,Cherry___Powdery_mildew/115491.jpg,Cherry___Powdery_mildew
1060,Cherry___Powdery_mildew/111395.jpg,Cherry___Powdery_mildew
1061,Cherry___Powdery_mildew/128061.jpg,Cherry___Powdery_mildew
1062,Cherry___Powdery_mildew/198918.jpg,Cherry___Powdery_mildew
1063,Cherry___Powdery_mildew/143799.jpg,Cherry___Powdery_mildew
1064,Cherry___Powdery_mildew/40443.jpg,Cherry___Powdery_mildew
1065,Cherry___Powdery_mildew/41987.jpg,Cherry___Powdery_mildew
1066,Cherry___Powdery_mildew/82841.jpg,Cherry___Powdery_mildew
1067,Cherry___Powdery_mildew/23279.jpg,Cherry___Powdery_mildew
1068,Cherry___Powdery_mildew/69323.jpg,Cherry___Powdery_mildew
1069,Cherry___Powdery_mildew/182460.jpg,Cherry___Powdery_mildew
1070,Cherry___Powdery_mildew/153512.jpg,Cherry___Powdery_mildew
1071,Cherry___Powdery_mildew/53365.jpg,Cherry___Powdery_mildew
1072,Cherry___Powdery_mildew/23298.jpg,Cherry___Powdery_mildew
1073,Cherry___Powdery_mildew/153407.jpg,Cherry___Powdery_mildew
1074,Cherry___Powdery_mildew/172663.jpg,Cherry___Powdery_mildew
1075,Cherry___Powdery_mildew/15895.jpg,Cherry___Powdery_mildew
1076,Cherry___Powdery_mildew/179521.jpg,Cherry___Powdery_mildew
1077,Cherry___Powdery_mildew/165043.jpg,Cherry___Powdery_mildew
1078,Cherry___Powdery_mildew/159954.jpg,Cherry___Powdery_mildew
1079,Cherry___Powdery_mildew/43271.jpg,Cherry___Powdery_mildew
1080,Squash___Powdery_mildew/45020.jpg,Squash___Powdery_mildew
1081,Squash___Powdery_mildew/180990.jpg,Squash___Powdery_mildew
1082,Squash___Powdery_mildew/130874.jpg,Squash___Powdery_mildew
1083,Squash___Powdery_mildew/71070.jpg,Squash___Powdery_mildew
1084,Squash___Powdery_mildew/28037.jpg,Squash___Powdery_mildew
1085,Squash___Powdery_mildew/63804.jpg,Squash___Powdery_mildew
1086,Squash___Powdery_mildew/167632.jpg,Squash___Powdery_mildew
1087,Squash___Powdery_mildew/179249.jpg,Squash___Powdery_mildew
1088,Squash___Powdery_mildew/54418.jpg,Squash___Powdery_mildew
1089,Squash___Powdery_mildew/178707.jpg,Squash___Powdery_mildew
1090,Squash___Powdery_mildew/105425.jpg,Squash___Powdery_mildew
1091,Squash___Powdery_mildew/39970.jpg,Squash___Powdery_mildew
1092,Squash___Powdery_mildew/183637.jpg,Squash___Powdery_mildew
1093,Squash___Powdery_mildew/165761.jpg,Squash___Powdery_mildew
1094,Squash___Powdery_mildew/52936.jpg,Squash___Powdery_mildew
1095,Squash___Powdery_mildew/120346.jpg,Squash___Powdery_mildew
1096,Squash___Powdery_mildew/140686.jpg,Squash___Powdery_mildew
1097,Squash___Powdery_mildew/174627.jpg,Squash___Powdery_mildew
1098,Squash___Powdery_mildew/100379.jpg,Squash___Powdery_mildew
1099,Squash___Powdery_mildew/16724.jpg,Squash___Powdery_mildew
1100,Squash___Powdery_mildew/138003.jpg,Squash___Powdery_mildew
1101,Squash___Powdery_mildew/163718.jpg,Squash___Powdery_mildew
1102,Squash___Powdery_mildew/176980.jpg,Squash___Powdery_mildew
1103,Squash___Powdery_mildew/41397.jpg,Squash___Powdery_mildew
1104,Squash___Powdery_mildew/188648.jpg,Squash___Powdery_mildew
1105,Squash___Powdery_mildew/80313.jpg,Squash___Powdery_mildew
1106,Squash___Powdery_mildew/110747.jpg,Squash___Powdery_mildew
1107,Squash___Powdery_mildew/183118.jpg,Squash___Powdery_mildew
1108,Squash___Powdery_mildew/81088.jpg,Squash___Powdery_mildew
1109,Squash___Powdery_mildew/138017.jpg,Squash___Powdery_mildew
1110,Squash___Powdery_mildew/37925.jpg,Squash___Powdery_mildew
1111,Squash___Powdery_mildew/17635.jpg,Squash___Powdery_mildew
1112,Squash___Powdery_mildew/34905.jpg,Squash___Powdery_mildew
1113,Squash___Powdery_mildew/155601.jpg,Squash___Powdery_mildew
1114,Squash___Powdery_mildew/79916.jpg,Squash___Powdery_mildew
1115,Squash___Powdery_mildew/47787.jpg,Squash___Powdery_mildew
1116,Squash___Powdery_mildew/20499.jpg,Squash___Powdery_mildew
1117,Squash___Powdery_mildew/93813.jpg,Squash___Powdery_mildew
1118,Squash___Powdery_mildew/49670.jpg,Squash___Powdery_mildew
1119,Squash___Powdery_mildew/25750.jpg,Squash___Powdery_mildew
1120,Tomato___Bacterial_spot/49714.jpg,Tomato___Bacterial_spot
1121,Tomato___Bacterial_spot/32008.jpg,Tomato___Bacterial_spot
1122,Tomato___Bacterial_spot/65912.jpg,Tomato___Bacterial_spot
1123,Tomato___Bacterial_spot/42833.jpg,Tomato___Bacterial_spot
1124,Tomato___Bacterial_spot/101890.jpg,Tomato___Bacterial_spot
1125,Tomato___Bacterial_spot/68280.jpg,Tomato___Bacterial_spot
1126,Tomato___Bacterial_spot/21797.jpg,Tomato___Bacterial_spot
1127,Tomato___Bacterial_spot/126472.jpg,Tomato___Bacterial_spot
1128,Tomato___Bacterial_spot/70146.jpg,Tomato___Bacterial_spot
1129,Tomato___Bacterial_spot/44910.jpg,Tomato___Bacterial_spot
1130,Tomato___Bacterial_spot/40275.jpg,Tomato___Bacterial_spot
1131,Tomato___Bacterial_spot/126852.jpg,Tomato___Bacterial_spot
1132,Tomato___Bacterial_spot/197132.jpg,Tomato___Bacterial_spot
1133,Tomato___Bacterial_spot/92815.jpg,Tomato___Bacterial_spot
1134,Tomato___Bacterial_spot/115555.jpg,Tomato___Bacterial_spot
1135,Tomato___Bacterial_spot/41923.jpg,Tomato___Bacterial_spot
1136,Tomato___Bacterial_spot/34880.jpg,Tomato___Bacterial_spot
1137,Tomato___Bacterial_spot/129513.jpg,Tomato___Bacterial_spot
1138,Tomato___Bacterial_spot/158171.jpg,Tomato___Bacterial_spot
1139,Tomato___Bacterial_spot/135986.jpg,Tomato___Bacterial_spot
1140,Tomato___Bacterial_spot/134166.jpg,Tomato___Bacterial_spot
1141,Tomato___Bacterial_spot/144359.jpg,Tomato___Bacterial_spot
1142,Tomato___Bacterial_spot/40142.jpg,Tomato___Bacterial_spot
1143,Tomato___Bacterial_spot/194302.jpg,Tomato___Bacterial_spot
1144,Tomato___Bacterial_spot/10049.jpg,Tomato___Bacterial_spot
1145,Tomato___Bacterial_spot/124317.jpg,Tomato___Bacterial_spot
1146,Tomato___Bacterial_spot/57749.jpg,Tomato___Bacterial_spot
1147,Tomato___Bacterial_spot/109931.jpg,Tomato___Bacterial_spot
1148,Tomato___Bacterial_spot/184644.jpg,Tomato___Bacterial_spot
1149,Tomato___Bacterial_spot/104878.jpg,Tomato___Bacterial_spot
1150,Tomato___Bacterial_spot/150101.jpg,Tomato___Bacterial_spot
1151,Tomato___Bacterial_spot/91591.jpg,Tomato___Bacterial_spot
1152,Tomato___Bacterial_spot/147358.jpg,Tomato___Bacterial_spot
1153,Tomato___Bacterial_spot/69006.jpg,Tomato___Bacterial_spot
1154,Tomato___Bacterial_spot/57086.jpg,Tomato___Bacterial_spot
1155,Tomato___Bacterial_spot/198042.jpg,Tomato___Bacterial_spot
1156,Tomato___Bacterial_spot/119386.jpg,Tomato___Bacterial_spot
1157,Tomato___Bacterial_spot/38613.jpg,Tomato___Bacterial_spot
1158,Tomato___Bacterial_spot/182258.jpg,Tomato___Bacterial_spot
1159,Tomato___Bacterial_spot/126674.jpg,Tomato___Bacterial_spot
1160,Grape___Black_rot/167334.jpg,Grape___Black_rot
1161,Grape___Black_rot/71703.jpg,Grape___Black_rot
1162,Grape___Black_rot/182310.jpg,Grape___Black_rot
1163,Grape___Black_rot/97456.jpg,Grape___Black_rot
1164,Grape___Black_rot/132111.jpg,Grape___Black_rot
1165,Grape___Black_rot/145287.jpg,Grape___Black_rot
1166,Grape___Black_rot/141995.jpg,Grape___Black_rot
1167,Grape___Black_rot/112977.jpg,Grape___Black_rot
1168,Grape___Black_rot/52866.jpg,Grape___Black_rot
1169,Grape___Black_rot/82063.jpg,Grape___Black_rot
1170,Grape___Black_rot/61719.jpg,Grape___Black_rot
1171,Grape___Black_rot/129873.jpg,Grape___Black_rot
1172,Grape___Black_rot/85522.jpg,Grape___Black_rot
1173,Grape___Black_rot/139521.jpg,Grape___Black_rot
1174,Grape___Black_rot/18837.jpg,Grape___Black_rot
1175,Grape___Black_rot/118472.jpg,Grape___Black_rot
1176,Grape___Black_rot/66340.jpg,Grape___Black_rot
1177,Grape___Black_rot/113678.jpg,Grape___Black_rot
1178,Grape___Black_rot/44779.jpg,Grape___Black_rot
1179,Grape___Black_rot/83068.jpg,Grape___Black_rot
1180,Grape___Black_rot/159247.jpg,Grape___Black_rot
1181,Grape___Black_rot/43367.jpg,Grape___Black_rot
1182,Grape___Black_rot/46463.jpg,Grape___Black_rot
1183,Grape___Black_rot/123032.jpg,Grape___Black_rot
1184,Grape___Black_rot/115341.jpg,Grape___Black_rot
1185,Grape___Black_rot/122390.jpg,Grape___Black_rot
1186,Grape___Black_rot/166888.jpg,Grape___Black_rot
1187,Grape___Black_rot/61668.jpg,Grape___Black_rot
1188,Grape___Black_rot/87138.jpg,Grape___Black_rot
1189,Grape___Black_rot/196163.jpg,Grape___Black_rot
1190,Grape___Black_rot/129631.jpg,Grape___Black_rot
1191,Grape___Black_rot/128792.jpg,Grape___Black_rot
1192,Grape___Black_rot/196835.jpg,Grape___Black_rot
1193,Grape___Black_rot/40752.jpg,Grape___Black_rot
1194,Grape___Black_rot/124060.jpg,Grape___Black_rot
1195,Grape___Black_rot/13619.jpg,Grape___Black_rot
1196,Grape___Black_rot/22601.jpg,Grape___Black_rot
1197,Grape___Black_rot/54791.jpg,Grape___Black_rot
1198,Grape___Black_rot/194566.jpg,Grape___Black_rot
1199,Grape___Black_rot/178093.jpg,Grape___Black_rot
1200,Apple___healthy/77143.jpg,Apple___healthy
1201,Apple___healthy/198164.jpg,Apple___healthy
1202,Apple___healthy/163893.jpg,Apple___healthy
1203,Apple___healthy/90025.jpg,Apple___healthy
1204,Apple___healthy/152455.jpg,Apple___healthy
1205,Apple___healthy/166617.jpg,Apple___healthy
1206,Apple___healthy/90368.jpg,Apple___healthy
1207,Apple___healthy/198475.jpg,Apple___healthy
1208,Apple___healthy/145732.jpg,Apple___healthy
1209,Apple___healthy/76313.jpg,Apple___healthy
1210,Apple___healthy/164666.jpg,Apple___healthy
1211,Apple___healthy/80127.jpg,Apple___healthy
1212,Apple___healthy/85787.jpg,Apple___healthy
1213,Apple___healthy/142108.jpg,Apple___healthy
1214,Apple___healthy/67771.jpg,Apple___healthy
1215,Apple___healthy/192192.jpg,Apple___healthy
1216,Apple___healthy/38947.jpg,Apple___healthy
1217,Apple___healthy/193828.jpg,Apple___healthy
1218,Apple___healthy/172502.jpg,Apple___healthy
1219,Apple___healthy/18566.jpg,Apple___healthy
1220,Apple___healthy/48512.jpg,Apple___healthy
1221,Apple___healthy/30587.jpg,Apple___healthy
1222,Apple___healthy/133787.jpg,Apple___healthy
1223,Apple___healthy/13369.jpg,Apple___healthy
1224,Apple___healthy/125354.jpg,Apple___healthy
1225,Apple___healthy/41462.jpg,Apple___healthy
1226,Apple___healthy/24957.jpg,Apple___healthy
1227,Apple___healthy/93406.jpg,Apple___healthy
1228,Apple___healthy/129255.jpg,Apple___healthy
1229,Apple___healthy/138437.jpg,Apple___healthy
1230,Apple___healthy/151966.jpg,Apple___healthy
1231,Apple___healthy/14526.jpg,Apple___healthy
1232,Apple___healthy/172735.jpg,Apple___healthy
1233,Apple___healthy/122736.jpg,Apple___healthy
1234,Apple___healthy/94339.jpg,Apple___healthy
1235,Apple___healthy/58241.jpg,Apple___healthy
1236,Apple___healthy/88148.jpg,Apple___healthy
1237,Apple___healthy/58339.jpg,Apple___healthy
1238,Apple___healthy/181428.jpg,Apple___healthy
1239,Apple___healthy/190863.jpg,Apple___healthy
1240,Potato___healthy/26957.jpg,Potato___healthy
1241,Potato___healthy/124100.jpg,Potato___healthy
1242,Potato___healthy/124571.jpg,Potato___healthy
1243,Potato___healthy/104888.jpg,Potato___healthy
1244,Potato___healthy/39085.jpg,Potato___healthy
1245,Potato___healthy/129939.jpg,Potato___healthy
1246,Potato___healthy/114797.jpg,Potato___healthy
1247,Potato___healthy/20518.jpg,Potato___healthy
1248,Potato___healthy/136278.jpg,Potato___healthy
1249,Potato___healthy/22307.jpg,Potato___healthy
1250,Potato___healthy/36560.jpg,Potato___healthy
1251,Potato___healthy/153654.jpg,Potato___healthy
1252,Potato___healthy/136906.jpg,Potato___healthy
1253,Potato___healthy/108954.jpg,Potato___healthy
1254,Potato___healthy/177621.jpg,Potato___healthy
1255,Potato___healthy/70708.jpg,Potato___healthy
1256,Potato___healthy/19647.jpg,Potato___healthy
1257,Potato___healthy/148060.jpg,Potato___healthy
1258,Potato___healthy/96703.jpg,Potato___healthy
1259,Potato___healthy/165209.jpg,Potato___healthy
1260,Potato___healthy/81364.jpg,Potato___healthy
1261,Potato___healthy/180953.jpg,Potato___healthy
1262,Potato___healthy/108860.jpg,Potato___healthy
1263,Potato___healthy/147487.jpg,Potato___healthy
1264,Potato___healthy/175543.jpg,Potato___healthy
1265,Potato___healthy/93962.jpg,Potato___healthy
1266,Potato___healthy/159230.jpg,Potato___healthy
1267,Potato___healthy/149040.jpg,Potato___healthy
1268,Potato___healthy/184295.jpg,Potato___healthy
1269,Potato___healthy/100602.jpg,Potato___healthy
1270,Potato___healthy/79767.jpg,Potato___healthy
1271,Potato___healthy/141061.jpg,Potato___healthy
1272,Potato___healthy/58108.jpg,Potato___healthy
1273,Potato___healthy/138727.jpg,Potato___healthy
1274,Potato___healthy/176874.jpg,Potato___healthy
1275,Potato___healthy/29614.jpg,Potato___healthy
1276,Potato___healthy/194105.jpg,Potato___healthy
1277,Potato___healthy/133596.jpg,Potato___healthy
1278,Potato___healthy/167665.jpg,Potato___healthy
1279,Potato___healthy/162031.jpg,Potato___healthy
1280,Tomato___Septoria_leaf_spot/112096.jpg,Tomato___Septoria_leaf_spot
1281,Tomato___Septoria_leaf_spot/27449.jpg,Tomato___Septoria_leaf_spot
1282,Tomato___Septoria_leaf_spot/104271.jpg,Tomato___Septoria_leaf_spot
1283,Tomato___Septoria_leaf_spot/16002.jpg,Tomato___Septoria_leaf_spot
1284,Tomato___Septoria_leaf_spot/31782.jpg,Tomato___Septoria_leaf_spot
1285,Tomato___Septoria_leaf_spot/111438.jpg,Tomato___Septoria_leaf_spot
1286,Tomato___Septoria_leaf_spot/95137.jpg,Tomato___Septoria_leaf_spot
1287,Tomato___Septoria_leaf_spot/43280.jpg,Tomato___Septoria_leaf_spot
1288,Tomato___Septoria_leaf_spot/79225.jpg,Tomato___Septoria_leaf_spot
1289,Tomato___Septoria_leaf_spot/90155.jpg,Tomato___Septoria_leaf_spot
1290,Tomato___Septoria_leaf_spot/149950.jpg,Tomato___Septoria_leaf_spot
1291,Tomato___Septoria_leaf_spot/64056.jpg,Tomato___Septoria_leaf_spot
1292,Tomato___Septoria_leaf_spot/47083.jpg,Tomato___Septoria_leaf_spot
1293,Tomato___Septoria_leaf_spot/85262.jpg,Tomato___Septoria_leaf_spot
1294,Tomato___Septoria_leaf_spot/57673.jpg,Tomato___Septoria_leaf_spot
1295,Tomato___Septoria_leaf_spot/121873.jpg,Tomato___Septoria_leaf_spot
1296,Tomato___Septoria_leaf_spot/56435.jpg,Tomato___Septoria_leaf_spot
1297,Tomato___Septoria_leaf_spot/150820.jpg,Tomato___Septoria_leaf_spot
1298,Tomato___Septoria_leaf_spot/106732.jpg,Tomato___Septoria_leaf_spot
1299,Tomato___Septoria_leaf_spot/119076.jpg,Tomato___Septoria_leaf_spot
1300,Tomato___Septoria_leaf_spot/148971.jpg,Tomato___Septoria_leaf_spot
1301,Tomato___Septoria_leaf_spot/178529.jpg,Tomato___Septoria_leaf_spot
1302,Tomato___Septoria_leaf_spot/25398.jpg,Tomato___Septoria_leaf_spot
1303,Tomato___Septoria_leaf_spot/154104.jpg,Tomato___Septoria_leaf_spot
1304,Tomato___Septoria_leaf_spot/76793.jpg,Tomato___Septoria_leaf_spot
1305,Tomato___Septoria_leaf_spot/166564.jpg,Tomato___Septoria_leaf_spot
1306,Tomato___Septoria_leaf_spot/83532.jpg,Tomato___Septoria_leaf_spot
1307,Tomato___Septoria_leaf_spot/161640.jpg,Tomato___Septoria_leaf_spot
1308,Tomato___Septoria_leaf_spot/60457.jpg,Tomato___Septoria_leaf_spot
1309,Tomato___Septoria_leaf_spot/98604.jpg,Tomato___Septoria_leaf_spot
1310,Tomato___Septoria_leaf_spot/147663.jpg,Tomato___Septoria_leaf_spot
1311,Tomato___Septoria_leaf_spot/127383.jpg,Tomato___Septoria_leaf_spot
1312,Tomato___Septoria_leaf_spot/165802.jpg,Tomato___Septoria_leaf_spot
1313,Tomato___Septoria_leaf_spot/23310.jpg,Tomato___Septoria_leaf_spot
1314,Tomato___Septoria_leaf_spot/126869.jpg,Tomato___Septoria_leaf_spot
1315,Tomato___Septoria_leaf_spot/99033.jpg,Tomato___Septoria_leaf_spot
1316,Tomato___Septoria_leaf_spot/140083.jpg,Tomato___Septoria_leaf_spot
1317,Tomato___Septoria_leaf_spot/145752.jpg,Tomato___Septoria_leaf_spot
1318,Tomato___Septoria_leaf_spot/79413.jpg,Tomato___Septoria_leaf_spot
1319,Tomato___Septoria_leaf_spot/32081.jpg,Tomato___Septoria_leaf_spot
1320,Raspberry___healthy/53466.jpg,Raspberry___healthy
1321,Raspberry___healthy/184330.jpg,Raspberry___healthy
1322,Raspberry___healthy/129817.jpg,Raspberry___healthy
1323,Raspberry___healthy/49272.jpg,Raspberry___healthy
1324,Raspberry___healthy/49711.jpg,Raspberry___healthy
1325,Raspberry___healthy/57905.jpg,Raspberry___healthy
1326,Raspberry___healthy/28419.jpg,Raspberry___healthy
1327,Raspberry___healthy/28036.jpg,Raspberry___healthy
1328,Raspberry___healthy/39443.jpg,Raspberry___healthy
1329,Raspberry___healthy/152935.jpg,Raspberry___healthy
1330,Raspberry___healthy/191143.jpg,Raspberry___healthy
1331,Raspberry___healthy/66912.jpg,Raspberry___healthy
1332,Raspberry___healthy/166306.jpg,Raspberry___healthy
1333,Raspberry___healthy/154137.jpg,Raspberry___healthy
1334,Raspberry___healthy/110495.jpg,Raspberry___healthy
1335,Raspberry___healthy/129434.jpg,Raspberry___healthy
1336,Raspberry___healthy/181711.jpg,Raspberry___healthy
1337,Raspberry___healthy/192025.jpg,Raspberry___healthy
1338,Raspberry___healthy/59436.jpg,Raspberry___healthy
1339,Raspberry___healthy/67568.jpg,Raspberry___healthy
1340,Raspberry___healthy/12491.jpg,Raspberry___healthy
1341,Raspberry___healthy/46760.jpg,Raspberry___healthy
1342,Raspberry___healthy/148838.jpg,Raspberry___healthy
1343,Raspberry___healthy/54771.jpg,Raspberry___healthy
1344,Raspberry___healthy/152047.jpg,Raspberry___healthy
1345,Raspberry___healthy/172013.jpg,Raspberry___healthy
1346,Raspberry___healthy/114916.jpg,Raspberry___healthy
1347,Raspberry___healthy/92502.jpg,Raspberry___healthy
1348,Raspberry___healthy/79419.jpg,Raspberry___healthy
1349,Raspberry___healthy/79933.jpg,Raspberry___healthy
1350,Raspberry___healthy/156799.jpg,Raspberry___healthy
1351,Raspberry___healthy/10801.jpg,Raspberry___healthy
1352,Raspberry___healthy/124132.jpg,Raspberry___healthy
1353,Raspberry___healthy/149484.jpg,Raspberry___healthy
1354,Raspberry___healthy/67686.jpg,Raspberry___healthy
1355,Raspberry___healthy/124632.jpg,Raspberry___healthy
1356,Raspberry___healthy/183904.jpg,Raspberry___healthy
1357,Raspberry___healthy/75146.jpg,Raspberry___healthy
1358,Raspberry___healthy/65497.jpg,Raspberry___healthy
1359,Raspberry___healthy/129905.jpg,Raspberry___healthy
1360,Corn___Common_rust/125977.jpg,Corn___Common_rust
1361,Corn___Common_rust/141620.jpg,Corn___Common_rust
1362,Corn___Common_rust/58052.jpg,Corn___Common_rust
1363,Corn___Common_rust/69632.jpg,Corn___Common_rust
1364,Corn___Common_rust/185426.jpg,Corn___Common_rust
1365,Corn___Common_rust/163737.jpg,Corn___Common_rust
1366,Corn___Common_rust/161751.jpg,Corn___Common_rust
1367,Corn___Common_rust/24391.jpg,Corn___Common_rust
1368,Corn___Common_rust/178177.jpg,Corn___Common_rust
1369,Corn___Common_rust/102291.jpg,Corn___Common_rust
1370,Corn___Common_rust/52260.jpg,Corn___Common_rust
1371,Corn___Common_rust/68685.jpg,Corn___Common_rust
1372,Corn___Common_rust/38862.jpg,Corn___Common_rust
1373,Corn___Common_rust/11912.jpg,Corn___Common_rust
1374,Corn___Common_rust/54335.jpg,Corn___Common_rust
1375,Corn___Common_rust/70031.jpg,Corn___Common_rust
1376,Corn___Common_rust/38387.jpg,Corn___Common_rust
1377,Corn___Common_rust/82977.jpg,Corn___Common_rust
1378,Corn___Common_rust/183638.jpg,Corn___Common_rust
1379,Corn___Common_rust/31810.jpg,Corn___Common_rust
1380,Corn___Common_rust/131457.jpg,Corn___Common_rust
1381,Corn___Common_rust/180221.jpg,Corn___Common_rust
1382,Corn___Common_rust/87609.jpg,Corn___Common_rust
1383,Corn___Common_rust/85644.jpg,Corn___Common_rust
1384,Corn___Common_rust/31601.jpg,Corn___Common_rust
1385,Corn___Common_rust/27361.jpg,Corn___Common_rust
1386,Corn___Common_rust/36379.jpg,Corn___Common_rust
1387,Corn___Common_rust/51408.jpg,Corn___Common_rust
1388,Corn___Common_rust/25928.jpg,Corn___Common_rust
1389,Corn___Common_rust/55616.jpg,Corn___Common_rust
1390,Corn___Common_rust/179626.jpg,Corn___Common_rust
1391,Corn___Common_rust/91430.jpg,Corn___Common_rust
1392,Corn___Common_rust/60462.jpg,Corn___Common_rust
1393,Corn___Common_rust/39316.jpg,Corn___Common_rust
1394,Corn___Common_rust/107858.jpg,Corn___Common_rust
1395,Corn___Common_rust/147917.jpg,Corn___Common_rust
1396,Corn___Common_rust/91479.jpg,Corn___Common_rust
1397,Corn___Common_rust/67226.jpg,Corn___Common_rust
1398,Corn___Common_rust/124972.jpg,Corn___Common_rust
1399,Corn___Common_rust/29307.jpg,Corn___Common_rust
1400,Soybean___healthy/141541.jpg,Soybean___healthy
1401,Soybean___healthy/110772.jpg,Soybean___healthy
1402,Soybean___healthy/150731.jpg,Soybean___healthy
1403,Soybean___healthy/137882.jpg,Soybean___healthy
1404,Soybean___healthy/24100.jpg,Soybean___healthy
1405,Soybean___healthy/142722.jpg,Soybean___healthy
1406,Soybean___healthy/147485.jpg,Soybean___healthy
1407,Soybean___healthy/97842.jpg,Soybean___healthy
1408,Soybean___healthy/103201.jpg,Soybean___healthy
1409,Soybean___healthy/43869.jpg,Soybean___healthy
1410,Soybean___healthy/115648.jpg,Soybean___healthy
1411,Soybean___healthy/64973.jpg,Soybean___healthy
1412,Soybean___healthy/94905.jpg,Soybean___healthy
1413,Soybean___healthy/74152.jpg,Soybean___healthy
1414,Soybean___healthy/176190.jpg,Soybean___healthy
1415,Soybean___healthy/152784.jpg,Soybean___healthy
1416,Soybean___healthy/155993.jpg,Soybean___healthy
1417,Soybean___healthy/66372.jpg,Soybean___healthy
1418,Soybean___healthy/76928.jpg,Soybean___healthy
1419,Soybean___healthy/46695.jpg,Soybean___healthy
1420,Soybean___healthy/73951.jpg,Soybean___healthy
1421,Soybean___healthy/155946.jpg,Soybean___healthy
1422,Soybean___healthy/115827.jpg,Soybean___healthy
1423,Soybean___healthy/25580.jpg,Soybean___healthy
1424,Soybean___healthy/77177.jpg,Soybean___healthy
1425,Soybean___healthy/73226.jpg,Soybean___healthy
1426,Soybean___healthy/13908.jpg,Soybean___healthy
1427,Soybean___healthy/50806.jpg,Soybean___healthy
1428,Soybean___healthy/137146.jpg,Soybean___healthy
1429,Soybean___healthy/64676.jpg,Soybean___healthy
1430,Soybean___healthy/57611.jpg,Soybean___healthy
1431,Soybean___healthy/187104.jpg,Soybean___healthy
1432,Soybean___healthy/144535.jpg,Soybean___healthy
1433,Soybean___healthy/54166.jpg,Soybean___healthy
1434,Soybean___healthy/11301.jpg,Soybean___healthy
1435,Soybean___healthy/148028.jpg,Soybean___healthy
1436,Soybean___healthy/128451.jpg,Soybean___healthy
1437,Soybean___healthy/155239.jpg,Soybean___healthy
1438,Soybean___healthy/181700.jpg,Soybean___healthy
1439,Soybean___healthy/118768.jpg,Soybean___healthy
1440,Apple___Apple_scab/183428.jpg,Apple___Apple_scab
1441,Apple___Apple_scab/52265.jpg,Apple___Apple_scab
1442,Apple___Apple_scab/192882.jpg,Apple___Apple_scab
1443,Apple___Apple_scab/11444.jpg,Apple___Apple_scab
1444,Apple___Apple_scab/190546.jpg,Apple___Apple_scab
1445,Apple___Apple_scab/97313.jpg,Apple___Apple_scab
1446,Apple___Apple_scab/64729.jpg,Apple___Apple_scab
1447,Apple___Apple_scab/122472.jpg,Apple___Apple_scab
1448,Apple___Apple_scab/28393.jpg,Apple___Apple_scab
1449,Apple___Apple_scab/13539.jpg,Apple___Apple_scab
1450,Apple___Apple_scab/97514.jpg,Apple___Apple_scab
1451,Apple___Apple_scab/155575.jpg,Apple___Apple_scab
1452,Apple___Apple_scab/52938.jpg,Apple___Apple_scab
1453,Apple___Apple_scab/91894.jpg,Apple___Apple_scab
1454,Apple___Apple_scab/146482.jpg,Apple___Apple_scab
1455,Apple___Apple_scab/122511.jpg,Apple___Apple_scab
1456,Apple___Apple_scab/121274.jpg,Apple___Apple_scab
1457,Apple___Apple_scab/137987.jpg,Apple___Apple_scab
1458,Apple___Apple_scab/59915.jpg,Apple___Apple_scab
1459,Apple___Apple_scab/76358.jpg,Apple___Apple_scab
1460,Apple___Apple_scab/63514.jpg,Apple___Apple_scab
1461,Apple___Apple_scab/46639.jpg,Apple___Apple_scab
1462,Apple___Apple_scab/58129.jpg,Apple___Apple_scab
1463,Apple___Apple_scab/180064.jpg,Apple___Apple_scab
1464,Apple___Apple_scab/53740.jpg,Apple___Apple_scab
1465,Apple___Apple_scab/50651.jpg,Apple___Apple_scab
1466,Apple___Apple_scab/141729.jpg,Apple___Apple_scab
1467,Apple___Apple_scab/96948.jpg,Apple___Apple_scab
1468,Apple___Apple_scab/17479.jpg,Apple___Apple_scab
1469,Apple___Apple_scab/134032.jpg,Apple___Apple_scab
1470,Apple___Apple_scab/154106.jpg,Apple___Apple_scab
1471,Apple___Apple_scab/107757.jpg,Apple___Apple_scab
1472,Apple___Apple_scab/69433.jpg,Apple___Apple_scab
1473,Apple___Apple_scab/150482.jpg,Apple___Apple_scab
1474,Apple___Apple_scab/81791.jpg,Apple___Apple_scab
1475,Apple___Apple_scab/109273.jpg,Apple___Apple_scab
1476,Apple___Apple_scab/66944.jpg,Apple___Apple_scab
1477,Apple___Apple_scab/105070.jpg,Apple___Apple_scab
1478,Apple___Apple_scab/197832.jpg,Apple___Apple_scab
1479,Apple___Apple_scab/121303.jpg,Apple___Apple_scab
1480,Grape___healthy/158773.jpg,Grape___healthy
1481,Grape___healthy/163092.jpg,Grape___healthy
1482,Grape___healthy/76508.jpg,Grape___healthy
1483,Grape___healthy/65573.jpg,Grape___healthy
1484,Grape___healthy/75605.jpg,Grape___healthy
1485,Grape___healthy/116483.jpg,Grape___healthy
1486,Grape___healthy/185351.jpg,Grape___healthy
1487,Grape___healthy/195900.jpg,Grape___healthy
1488,Grape___healthy/41727.jpg,Grape___healthy
1489,Grape___healthy/177267.jpg,Grape___healthy
1490,Grape___healthy/18794.jpg,Grape___healthy
1491,Grape___healthy/95060.jpg,Grape___healthy
1492,Grape___healthy/109283.jpg,Grape___healthy
1493,Grape___healthy/127161.jpg,Grape___healthy
1494,Grape___healthy/134136.jpg,Grape___healthy
1495,Grape___healthy/185347.jpg,Grape___healthy
1496,Grape___healthy/163012.jpg,Grape___healthy
1497,Grape___healthy/147824.jpg,Grape___healthy
1498,Grape___healthy/33467.jpg,Grape___healthy
1499,Grape___healthy/133708.jpg,Grape___healthy
1500,Grape___healthy/25470.jpg,Grape___healthy
1501,Grape___healthy/13672.jpg,Grape___healthy
1502,Grape___healthy/197744.jpg,Grape___healthy
1503,Grape___healthy/101897.jpg,Grape___healthy
1504,Grape___healthy/51607.jpg,Grape___healthy
1505,Grape___healthy/143762.jpg,Grape___healthy
1506,Grape___healthy/21770.jpg,Grape___healthy
1507,Grape___healthy/36638.jpg,Grape___healthy
1508,Grape___healthy/21692.jpg,Grape___healthy
1509,Grape___healthy/86077.jpg,Grape___healthy
1510,Grape___healthy/75543.jpg,Grape___healthy
1511,Grape___healthy/14635.jpg,Grape___healthy
1512,Grape___healthy/33555.jpg,Grape___healthy
1513,Grape___healthy/64782.jpg,Grape___healthy
1514,Grape___healthy/89398.jpg,Grape___healthy
1515,Grape___healthy/11407.jpg,Grape___healthy
1516,Grape___healthy/161435.jpg,Grape___healthy
1517,Grape___healthy/58714.jpg,Grape___healthy
1518,Grape___healthy/77756.jpg,Grape___healthy
1519,Grape___healthy/171696.jpg,Grape___healthy
